2026-09-17 20:52:41.651 [ERROR] 站点初始化失败: demo - 本地 jar 不存在: /Users/wangxue/Downloads/未命名文件夹/output/tvbox-spider-server/plugins/demo-spider.jar
java.lang.IllegalStateException: 本地 jar 不存在: /Users/wangxue/Downloads/未命名文件夹/output/tvbox-spider-server/plugins/demo-spider.jar
	at com.github.catvod.host.JarImporter.prepare(JarImporter.java:73)
	at com.github.catvod.host.SiteRegistry.registerOne(SiteRegistry.java:153)
	at com.github.catvod.host.SiteRegistry.register(SiteRegistry.java:64)
	at com.github.catvod.host.HostMain.main(HostMain.java:59)
2026-09-17 20:52:41.655 [ERROR] 站点初始化失败: smoke - 本地 jar 不存在: /Users/wangxue/Downloads/未命名文件夹/output/tvbox-spider-server/plugins/smoke-dex.jar
java.lang.IllegalStateException: 本地 jar 不存在: /Users/wangxue/Downloads/未命名文件夹/output/tvbox-spider-server/plugins/smoke-dex.jar
	at com.github.catvod.host.JarImporter.prepare(JarImporter.java:73)
	at com.github.catvod.host.SiteRegistry.registerOne(SiteRegistry.java:153)
	at com.github.catvod.host.SiteRegistry.register(SiteRegistry.java:64)
	at com.github.catvod.host.HostMain.main(HostMain.java:59)
2026-09-17 20:52:41.662 [INFO] 源池已载入：2 条（/Users/wangxue/Downloads/未命名文件夹/output/tvbox-spider-server/config/sources.json）
2026-09-17 20:52:41.668 [INFO] 源池已应用：注册内置站点 2 个
2026-09-17 20:52:41.670 [INFO] 源池站点已注册：2 个（源池共 2 条，启用 2 条）
2026-09-17 20:52:41.676 [INFO] 用户配置已应用：mode=config，站点 10 个（本地加载 0 个）
2026-09-17 20:52:41.677 [INFO] 已恢复用户配置：mode=config，站点 10 个，多仓 0 个
2026-09-17 20:52:41.678 [INFO] 预热站点: cms_lzi -> com.github.catvod.crawler.CmsSpider
2026-09-17 20:52:42.666 [INFO] 站点 cms_lzi homeContent 返回 3174 字符
2026-09-17 20:52:42.666 [INFO] 预热站点: cms_wujin -> com.github.catvod.crawler.CmsSpider
2026-09-17 20:52:43.186 [INFO] 站点 cms_wujin homeContent 返回 3830 字符
2026-09-17 20:52:43.215 [INFO] ========================================
2026-09-17 20:52:43.215 [INFO] TVBox jar 采集源宿主服务已启动
2026-09-17 20:52:43.215 [INFO]   工程根目录 : /Users/wangxue/Downloads/未命名文件夹/output/tvbox-spider-server
2026-09-17 20:52:43.215 [INFO]   内置站点   : /Users/wangxue/Downloads/未命名文件夹/output/tvbox-spider-server/config/spiders.json
2026-09-17 20:52:43.215 [INFO]   用户配置   : /Users/wangxue/Downloads/未命名文件夹/output/tvbox-spider-server/config/user-config.json
2026-09-17 20:52:43.215 [INFO]   已注册站点 : 4
2026-09-17 20:52:43.216 [INFO]   监听地址   : http://0.0.0.0:9978
2026-09-17 20:52:43.216 [INFO]   配置页面   : http://127.0.0.1:9978/
2026-09-17 20:52:43.216 [INFO]   本机自检   : curl http://127.0.0.1:9978/health
2026-09-17 20:52:43.218 [INFO]   局域网地址 : http://192.168.1.4:9978/ （配置页）
2026-09-17 20:52:43.218 [INFO]                http://192.168.1.4:9978/api/config （客户端接口地址）
2026-09-17 20:52:43.222 [INFO]   鸿蒙端配置 : host=192.168.1.4, port=9978, serverUrl=http://192.168.1.4:9978/api/spider/{siteKey}
2026-09-17 20:52:43.222 [INFO] ========================================
2026-09-17 20:53:15.264 [INFO] GET /admin (35ms)
2026-09-17 20:53:16.489 [INFO] GET /api/config/raw (5ms)
2026-09-17 20:53:17.812 [INFO] GET /api/status (18ms)
2026-09-17 20:53:17.813 [INFO] GET /api/sources (4ms)
2026-09-17 20:53:35.639 [INFO] GET /api/config (6ms)
2026-09-17 20:53:36.667 [INFO] GET /api/spider/cms_lzi (469ms)
2026-09-17 20:53:38.254 [INFO] GET /api/spider/cms_lzi (506ms)
2026-09-17 20:54:49.243 [INFO] GET /api/sources (3ms)
2026-09-17 20:54:50.348 [INFO] GET /api/sources (3ms)
2026-09-17 20:55:00.246 [INFO] POST /api/config/preview (4ms)
2026-09-17 20:55:01.349 [INFO] POST /api/config/preview (4ms)
2026-09-17 20:55:01.634 [INFO] POST /api/config/preview (4ms)
2026-09-17 20:55:11.664 [WARN] 抓取失败 https://raw.githubusercontent.com/supermeguo/BoxRes/main/Myuse/catcr.json : timeout
2026-09-17 20:55:11.668 [INFO] GET /api/config/fetch (20299ms)
2026-09-17 20:55:19.172 [INFO] GET /api/config/fetch (785ms)
2026-09-17 20:55:22.395 [WARN] 抓取失败 https://raw.githubusercontent.com/supermeguo/BoxRes/main/Myuse/catcr.json : timeout
2026-09-17 20:55:22.397 [INFO] GET /api/config/fetch (61900ms)
2026-09-17 20:55:25.999 [INFO] GET /api/config/fetch (5125ms)
2026-09-17 20:55:33.595 [INFO] 站点 csp_xpath_saohuotv 未声明 jar，已回填全局 spider jar
2026-09-17 20:55:33.596 [INFO] 站点 csp_xpath_大师兄 未声明 jar，已回填全局 spider jar
2026-09-17 20:55:33.596 [INFO] 站点 csp_xpath_555 未声明 jar，已回填全局 spider jar
2026-09-17 20:55:33.597 [INFO] 站点 csp_xpath_海兔 未声明 jar，已回填全局 spider jar
2026-09-17 20:55:33.597 [INFO] 站点 csp_xpath_飞兔 未声明 jar，已回填全局 spider jar
2026-09-17 20:55:33.597 [INFO] 站点 csp_xpath_飞兔成人 未声明 jar，已回填全局 spider jar
2026-09-17 20:55:33.597 [INFO] 站点 本地 未声明 jar，已回填全局 spider jar
2026-09-17 20:55:33.598 [INFO] 站点 PanSou 未声明 jar，已回填全局 spider jar
2026-09-17 20:55:33.598 [INFO] 站点 UpYun 未声明 jar，已回填全局 spider jar
2026-09-17 20:55:33.598 [INFO] 站点 PanSearch 未声明 jar，已回填全局 spider jar
2026-09-17 20:55:33.598 [INFO] 站点 push_agent 未声明 jar，已回填全局 spider jar
2026-09-17 20:55:33.599 [INFO] 站点 push_agent 未声明 jar，已回填全局 spider jar
2026-09-17 20:55:33.603 [INFO] POST /api/config/preview (15ms)
2026-09-17 20:55:35.460 [INFO] POST /api/config/validate (4ms)
2026-09-17 20:55:37.265 [INFO] 站点 csp_xpath_saohuotv 未声明 jar，已回填全局 spider jar
2026-09-17 20:55:37.265 [INFO] 站点 csp_xpath_大师兄 未声明 jar，已回填全局 spider jar
2026-09-17 20:55:37.266 [INFO] 站点 csp_xpath_555 未声明 jar，已回填全局 spider jar
2026-09-17 20:55:37.266 [INFO] 站点 csp_xpath_海兔 未声明 jar，已回填全局 spider jar
2026-09-17 20:55:37.266 [INFO] 站点 csp_xpath_飞兔 未声明 jar，已回填全局 spider jar
2026-09-17 20:55:37.266 [INFO] 站点 csp_xpath_飞兔成人 未声明 jar，已回填全局 spider jar
2026-09-17 20:55:37.266 [INFO] 站点 本地 未声明 jar，已回填全局 spider jar
2026-09-17 20:55:37.267 [INFO] 站点 PanSou 未声明 jar，已回填全局 spider jar
2026-09-17 20:55:37.267 [INFO] 站点 UpYun 未声明 jar，已回填全局 spider jar
2026-09-17 20:55:37.267 [INFO] 站点 PanSearch 未声明 jar，已回填全局 spider jar
2026-09-17 20:55:37.267 [INFO] 站点 push_agent 未声明 jar，已回填全局 spider jar
2026-09-17 20:55:37.268 [INFO] 站点 push_agent 未声明 jar，已回填全局 spider jar
2026-09-17 20:55:37.273 [ERROR] 站点初始化失败: csp_douban - 本地 jar 不存在: /Users/wangxue/Downloads/未命名文件夹/output/tvbox-spider-server/./lib/fty.jar
java.lang.IllegalStateException: 本地 jar 不存在: /Users/wangxue/Downloads/未命名文件夹/output/tvbox-spider-server/./lib/fty.jar
	at com.github.catvod.host.JarImporter.prepare(JarImporter.java:73)
	at com.github.catvod.host.SiteRegistry.registerOne(SiteRegistry.java:153)
	at com.github.catvod.host.SiteRegistry.setUserSites(SiteRegistry.java:79)
	at com.github.catvod.host.UserConfigManager.applyToRegistry(UserConfigManager.java:238)
	at com.github.catvod.host.UserConfigManager.save(UserConfigManager.java:89)
	at com.github.catvod.host.HttpRouter.handle(HttpRouter.java:108)
	at jdk.httpserver/com.sun.net.httpserver.Filter$Chain.doFilter(Filter.java:98)
	at jdk.httpserver/sun.net.httpserver.AuthFilter.doFilter(AuthFilter.java:82)
	at jdk.httpserver/com.sun.net.httpserver.Filter$Chain.doFilter(Filter.java:101)
	at jdk.httpserver/sun.net.httpserver.ServerImpl$Exchange$LinkHandler.handle(ServerImpl.java:923)
	at jdk.httpserver/com.sun.net.httpserver.Filter$Chain.doFilter(Filter.java:98)
	at jdk.httpserver/sun.net.httpserver.ServerImpl$Exchange.run(ServerImpl.java:899)
	at java.base/java.util.concurrent.ThreadPoolExecutor.runWorker(ThreadPoolExecutor.java:1144)
	at java.base/java.util.concurrent.ThreadPoolExecutor$Worker.run(ThreadPoolExecutor.java:642)
	at java.base/java.lang.Thread.run(Thread.java:1583)
2026-09-17 20:55:37.275 [ERROR] 站点初始化失败: 苹果 - 本地 jar 不存在: /Users/wangxue/Downloads/未命名文件夹/output/tvbox-spider-server/./lib/fty.jar
java.lang.IllegalStateException: 本地 jar 不存在: /Users/wangxue/Downloads/未命名文件夹/output/tvbox-spider-server/./lib/fty.jar
	at com.github.catvod.host.JarImporter.prepare(JarImporter.java:73)
	at com.github.catvod.host.SiteRegistry.registerOne(SiteRegistry.java:153)
	at com.github.catvod.host.SiteRegistry.setUserSites(SiteRegistry.java:79)
	at com.github.catvod.host.UserConfigManager.applyToRegistry(UserConfigManager.java:238)
	at com.github.catvod.host.UserConfigManager.save(UserConfigManager.java:89)
	at com.github.catvod.host.HttpRouter.handle(HttpRouter.java:108)
	at jdk.httpserver/com.sun.net.httpserver.Filter$Chain.doFilter(Filter.java:98)
	at jdk.httpserver/sun.net.httpserver.AuthFilter.doFilter(AuthFilter.java:82)
	at jdk.httpserver/com.sun.net.httpserver.Filter$Chain.doFilter(Filter.java:101)
	at jdk.httpserver/sun.net.httpserver.ServerImpl$Exchange$LinkHandler.handle(ServerImpl.java:923)
	at jdk.httpserver/com.sun.net.httpserver.Filter$Chain.doFilter(Filter.java:98)
	at jdk.httpserver/sun.net.httpserver.ServerImpl$Exchange.run(ServerImpl.java:899)
	at java.base/java.util.concurrent.ThreadPoolExecutor.runWorker(ThreadPoolExecutor.java:1144)
	at java.base/java.util.concurrent.ThreadPoolExecutor$Worker.run(ThreadPoolExecutor.java:642)
	at java.base/java.lang.Thread.run(Thread.java:1583)
2026-09-17 20:55:37.278 [INFO] 复用已缓存 jar: 05d6ce992454bf0c2fe03a9eb605c577.jar (站点 csp_xpath_saohuotv)
2026-09-17 20:55:37.281 [INFO] 复用已转换的 JVM jar: 05d6ce992454bf0c2fe03a9eb605c577-jvm.jar
2026-09-17 20:55:37.281 [INFO] 站点已注册: csp_xpath_saohuotv (骚火电影(XP)) -> 05d6ce992454bf0c2fe03a9eb605c577-jvm.jar
2026-09-17 20:55:37.282 [INFO] 复用已缓存 jar: 05d6ce992454bf0c2fe03a9eb605c577.jar (站点 csp_xpath_大师兄)
2026-09-17 20:55:37.282 [INFO] 复用已转换的 JVM jar: 05d6ce992454bf0c2fe03a9eb605c577-jvm.jar
2026-09-17 20:55:37.282 [INFO] 站点已注册: csp_xpath_大师兄 (大师兄(XPF)) -> 05d6ce992454bf0c2fe03a9eb605c577-jvm.jar
2026-09-17 20:55:37.283 [INFO] 复用已缓存 jar: 05d6ce992454bf0c2fe03a9eb605c577.jar (站点 csp_xpath_555)
2026-09-17 20:55:37.283 [INFO] 复用已转换的 JVM jar: 05d6ce992454bf0c2fe03a9eb605c577-jvm.jar
2026-09-17 20:55:37.283 [INFO] 站点已注册: csp_xpath_555 (555影视) -> 05d6ce992454bf0c2fe03a9eb605c577-jvm.jar
2026-09-17 20:55:37.283 [INFO] 复用已缓存 jar: 05d6ce992454bf0c2fe03a9eb605c577.jar (站点 csp_xpath_海兔)
2026-09-17 20:55:37.283 [INFO] 复用已转换的 JVM jar: 05d6ce992454bf0c2fe03a9eb605c577-jvm.jar
2026-09-17 20:55:37.284 [INFO] 站点已注册: csp_xpath_海兔 (海兔) -> 05d6ce992454bf0c2fe03a9eb605c577-jvm.jar
2026-09-17 20:55:37.284 [INFO] 复用已缓存 jar: 05d6ce992454bf0c2fe03a9eb605c577.jar (站点 csp_xpath_飞兔)
2026-09-17 20:55:37.284 [INFO] 复用已转换的 JVM jar: 05d6ce992454bf0c2fe03a9eb605c577-jvm.jar
2026-09-17 20:55:37.284 [INFO] 站点已注册: csp_xpath_飞兔 (🐰飞兔) -> 05d6ce992454bf0c2fe03a9eb605c577-jvm.jar
2026-09-17 20:55:37.285 [INFO] 复用已缓存 jar: 05d6ce992454bf0c2fe03a9eb605c577.jar (站点 csp_xpath_飞兔成人)
2026-09-17 20:55:37.285 [INFO] 复用已转换的 JVM jar: 05d6ce992454bf0c2fe03a9eb605c577-jvm.jar
2026-09-17 20:55:37.285 [INFO] 站点已注册: csp_xpath_飞兔成人 (🐰飞兔成人) -> 05d6ce992454bf0c2fe03a9eb605c577-jvm.jar
2026-09-17 20:55:37.286 [INFO] 复用已缓存 jar: 05d6ce992454bf0c2fe03a9eb605c577.jar (站点 本地)
2026-09-17 20:55:37.286 [INFO] 复用已转换的 JVM jar: 05d6ce992454bf0c2fe03a9eb605c577-jvm.jar
2026-09-17 20:55:37.286 [INFO] 站点已注册: 本地 (本地存储) -> 05d6ce992454bf0c2fe03a9eb605c577-jvm.jar
2026-09-17 20:55:37.286 [ERROR] 站点初始化失败: csp_短剧网 - 本地 jar 不存在: /Users/wangxue/Downloads/未命名文件夹/output/tvbox-spider-server/./lib/xyq.jar
java.lang.IllegalStateException: 本地 jar 不存在: /Users/wangxue/Downloads/未命名文件夹/output/tvbox-spider-server/./lib/xyq.jar
	at com.github.catvod.host.JarImporter.prepare(JarImporter.java:73)
	at com.github.catvod.host.SiteRegistry.registerOne(SiteRegistry.java:153)
	at com.github.catvod.host.SiteRegistry.setUserSites(SiteRegistry.java:79)
	at com.github.catvod.host.UserConfigManager.applyToRegistry(UserConfigManager.java:238)
	at com.github.catvod.host.UserConfigManager.save(UserConfigManager.java:89)
	at com.github.catvod.host.HttpRouter.handle(HttpRouter.java:108)
	at jdk.httpserver/com.sun.net.httpserver.Filter$Chain.doFilter(Filter.java:98)
	at jdk.httpserver/sun.net.httpserver.AuthFilter.doFilter(AuthFilter.java:82)
	at jdk.httpserver/com.sun.net.httpserver.Filter$Chain.doFilter(Filter.java:101)
	at jdk.httpserver/sun.net.httpserver.ServerImpl$Exchange$LinkHandler.handle(ServerImpl.java:923)
	at jdk.httpserver/com.sun.net.httpserver.Filter$Chain.doFilter(Filter.java:98)
	at jdk.httpserver/sun.net.httpserver.ServerImpl$Exchange.run(ServerImpl.java:899)
	at java.base/java.util.concurrent.ThreadPoolExecutor.runWorker(ThreadPoolExecutor.java:1144)
	at java.base/java.util.concurrent.ThreadPoolExecutor$Worker.run(ThreadPoolExecutor.java:642)
	at java.base/java.lang.Thread.run(Thread.java:1583)
2026-09-17 20:55:37.287 [ERROR] 站点初始化失败: 陌陌 - 本地 jar 不存在: /Users/wangxue/Downloads/未命名文件夹/output/tvbox-spider-server/./lib/dj0.jar
java.lang.IllegalStateException: 本地 jar 不存在: /Users/wangxue/Downloads/未命名文件夹/output/tvbox-spider-server/./lib/dj0.jar
	at com.github.catvod.host.JarImporter.prepare(JarImporter.java:73)
	at com.github.catvod.host.SiteRegistry.registerOne(SiteRegistry.java:153)
	at com.github.catvod.host.SiteRegistry.setUserSites(SiteRegistry.java:79)
	at com.github.catvod.host.UserConfigManager.applyToRegistry(UserConfigManager.java:238)
	at com.github.catvod.host.UserConfigManager.save(UserConfigManager.java:89)
	at com.github.catvod.host.HttpRouter.handle(HttpRouter.java:108)
	at jdk.httpserver/com.sun.net.httpserver.Filter$Chain.doFilter(Filter.java:98)
	at jdk.httpserver/sun.net.httpserver.AuthFilter.doFilter(AuthFilter.java:82)
	at jdk.httpserver/com.sun.net.httpserver.Filter$Chain.doFilter(Filter.java:101)
	at jdk.httpserver/sun.net.httpserver.ServerImpl$Exchange$LinkHandler.handle(ServerImpl.java:923)
	at jdk.httpserver/com.sun.net.httpserver.Filter$Chain.doFilter(Filter.java:98)
	at jdk.httpserver/sun.net.httpserver.ServerImpl$Exchange.run(ServerImpl.java:899)
	at java.base/java.util.concurrent.ThreadPoolExecutor.runWorker(ThreadPoolExecutor.java:1144)
	at java.base/java.util.concurrent.ThreadPoolExecutor$Worker.run(ThreadPoolExecutor.java:642)
	at java.base/java.lang.Thread.run(Thread.java:1583)
2026-09-17 20:55:37.287 [ERROR] 站点初始化失败: Bili - 本地 jar 不存在: /Users/wangxue/Downloads/未命名文件夹/output/tvbox-spider-server/./lib/guodaxia.jar
java.lang.IllegalStateException: 本地 jar 不存在: /Users/wangxue/Downloads/未命名文件夹/output/tvbox-spider-server/./lib/guodaxia.jar
	at com.github.catvod.host.JarImporter.prepare(JarImporter.java:73)
	at com.github.catvod.host.SiteRegistry.registerOne(SiteRegistry.java:153)
	at com.github.catvod.host.SiteRegistry.setUserSites(SiteRegistry.java:79)
	at com.github.catvod.host.UserConfigManager.applyToRegistry(UserConfigManager.java:238)
	at com.github.catvod.host.UserConfigManager.save(UserConfigManager.java:89)
	at com.github.catvod.host.HttpRouter.handle(HttpRouter.java:108)
	at jdk.httpserver/com.sun.net.httpserver.Filter$Chain.doFilter(Filter.java:98)
	at jdk.httpserver/sun.net.httpserver.AuthFilter.doFilter(AuthFilter.java:82)
	at jdk.httpserver/com.sun.net.httpserver.Filter$Chain.doFilter(Filter.java:101)
	at jdk.httpserver/sun.net.httpserver.ServerImpl$Exchange$LinkHandler.handle(ServerImpl.java:923)
	at jdk.httpserver/com.sun.net.httpserver.Filter$Chain.doFilter(Filter.java:98)
	at jdk.httpserver/sun.net.httpserver.ServerImpl$Exchange.run(ServerImpl.java:899)
	at java.base/java.util.concurrent.ThreadPoolExecutor.runWorker(ThreadPoolExecutor.java:1144)
	at java.base/java.util.concurrent.ThreadPoolExecutor$Worker.run(ThreadPoolExecutor.java:642)
	at java.base/java.lang.Thread.run(Thread.java:1583)
2026-09-17 20:55:37.288 [ERROR] 站点初始化失败: Biliych - 本地 jar 不存在: /Users/wangxue/Downloads/未命名文件夹/output/tvbox-spider-server/./lib/guodaxia.jar
java.lang.IllegalStateException: 本地 jar 不存在: /Users/wangxue/Downloads/未命名文件夹/output/tvbox-spider-server/./lib/guodaxia.jar
	at com.github.catvod.host.JarImporter.prepare(JarImporter.java:73)
	at com.github.catvod.host.SiteRegistry.registerOne(SiteRegistry.java:153)
	at com.github.catvod.host.SiteRegistry.setUserSites(SiteRegistry.java:79)
	at com.github.catvod.host.UserConfigManager.applyToRegistry(UserConfigManager.java:238)
	at com.github.catvod.host.UserConfigManager.save(UserConfigManager.java:89)
	at com.github.catvod.host.HttpRouter.handle(HttpRouter.java:108)
	at jdk.httpserver/com.sun.net.httpserver.Filter$Chain.doFilter(Filter.java:98)
	at jdk.httpserver/sun.net.httpserver.AuthFilter.doFilter(AuthFilter.java:82)
	at jdk.httpserver/com.sun.net.httpserver.Filter$Chain.doFilter(Filter.java:101)
	at jdk.httpserver/sun.net.httpserver.ServerImpl$Exchange$LinkHandler.handle(ServerImpl.java:923)
	at jdk.httpserver/com.sun.net.httpserver.Filter$Chain.doFilter(Filter.java:98)
	at jdk.httpserver/sun.net.httpserver.ServerImpl$Exchange.run(ServerImpl.java:899)
	at java.base/java.util.concurrent.ThreadPoolExecutor.runWorker(ThreadPoolExecutor.java:1144)
	at java.base/java.util.concurrent.ThreadPoolExecutor$Worker.run(ThreadPoolExecutor.java:642)
	at java.base/java.lang.Thread.run(Thread.java:1583)
2026-09-17 20:55:37.288 [ERROR] 站点初始化失败: csp_KungFu404 - 本地 jar 不存在: /Users/wangxue/Downloads/未命名文件夹/output/tvbox-spider-server/./lib/alisz.jar
java.lang.IllegalStateException: 本地 jar 不存在: /Users/wangxue/Downloads/未命名文件夹/output/tvbox-spider-server/./lib/alisz.jar
	at com.github.catvod.host.JarImporter.prepare(JarImporter.java:73)
	at com.github.catvod.host.SiteRegistry.registerOne(SiteRegistry.java:153)
	at com.github.catvod.host.SiteRegistry.setUserSites(SiteRegistry.java:79)
	at com.github.catvod.host.UserConfigManager.applyToRegistry(UserConfigManager.java:238)
	at com.github.catvod.host.UserConfigManager.save(UserConfigManager.java:89)
	at com.github.catvod.host.HttpRouter.handle(HttpRouter.java:108)
	at jdk.httpserver/com.sun.net.httpserver.Filter$Chain.doFilter(Filter.java:98)
	at jdk.httpserver/sun.net.httpserver.AuthFilter.doFilter(AuthFilter.java:82)
	at jdk.httpserver/com.sun.net.httpserver.Filter$Chain.doFilter(Filter.java:101)
	at jdk.httpserver/sun.net.httpserver.ServerImpl$Exchange$LinkHandler.handle(ServerImpl.java:923)
	at jdk.httpserver/com.sun.net.httpserver.Filter$Chain.doFilter(Filter.java:98)
	at jdk.httpserver/sun.net.httpserver.ServerImpl$Exchange.run(ServerImpl.java:899)
	at java.base/java.util.concurrent.ThreadPoolExecutor.runWorker(ThreadPoolExecutor.java:1144)
	at java.base/java.util.concurrent.ThreadPoolExecutor$Worker.run(ThreadPoolExecutor.java:642)
	at java.base/java.lang.Thread.run(Thread.java:1583)
2026-09-17 20:55:37.289 [ERROR] 站点初始化失败: 配置中心 - 本地 jar 不存在: /Users/wangxue/Downloads/未命名文件夹/output/tvbox-spider-server/./lib/mypg.jar
java.lang.IllegalStateException: 本地 jar 不存在: /Users/wangxue/Downloads/未命名文件夹/output/tvbox-spider-server/./lib/mypg.jar
	at com.github.catvod.host.JarImporter.prepare(JarImporter.java:73)
	at com.github.catvod.host.SiteRegistry.registerOne(SiteRegistry.java:153)
	at com.github.catvod.host.SiteRegistry.setUserSites(SiteRegistry.java:79)
	at com.github.catvod.host.UserConfigManager.applyToRegistry(UserConfigManager.java:238)
	at com.github.catvod.host.UserConfigManager.save(UserConfigManager.java:89)
	at com.github.catvod.host.HttpRouter.handle(HttpRouter.java:108)
	at jdk.httpserver/com.sun.net.httpserver.Filter$Chain.doFilter(Filter.java:98)
	at jdk.httpserver/sun.net.httpserver.AuthFilter.doFilter(AuthFilter.java:82)
	at jdk.httpserver/com.sun.net.httpserver.Filter$Chain.doFilter(Filter.java:101)
	at jdk.httpserver/sun.net.httpserver.ServerImpl$Exchange$LinkHandler.handle(ServerImpl.java:923)
	at jdk.httpserver/com.sun.net.httpserver.Filter$Chain.doFilter(Filter.java:98)
	at jdk.httpserver/sun.net.httpserver.ServerImpl$Exchange.run(ServerImpl.java:899)
	at java.base/java.util.concurrent.ThreadPoolExecutor.runWorker(ThreadPoolExecutor.java:1144)
	at java.base/java.util.concurrent.ThreadPoolExecutor$Worker.run(ThreadPoolExecutor.java:642)
	at java.base/java.lang.Thread.run(Thread.java:1583)
2026-09-17 20:55:37.289 [INFO] 复用已缓存 jar: 05d6ce992454bf0c2fe03a9eb605c577.jar (站点 PanSou)
2026-09-17 20:55:37.290 [INFO] 复用已转换的 JVM jar: 05d6ce992454bf0c2fe03a9eb605c577-jvm.jar
2026-09-17 20:55:37.290 [INFO] 站点已注册: PanSou (🦊盘搜┃搜索) -> 05d6ce992454bf0c2fe03a9eb605c577-jvm.jar
2026-09-17 20:55:37.290 [INFO] 复用已缓存 jar: 05d6ce992454bf0c2fe03a9eb605c577.jar (站点 UpYun)
2026-09-17 20:55:37.290 [INFO] 复用已转换的 JVM jar: 05d6ce992454bf0c2fe03a9eb605c577-jvm.jar
2026-09-17 20:55:37.290 [INFO] 站点已注册: UpYun (😻Up搜┃搜索) -> 05d6ce992454bf0c2fe03a9eb605c577-jvm.jar
2026-09-17 20:55:37.290 [INFO] 复用已缓存 jar: 05d6ce992454bf0c2fe03a9eb605c577.jar (站点 PanSearch)
2026-09-17 20:55:37.291 [INFO] 复用已转换的 JVM jar: 05d6ce992454bf0c2fe03a9eb605c577-jvm.jar
2026-09-17 20:55:37.291 [INFO] 站点已注册: PanSearch (🙀盘Se┃搜索) -> 05d6ce992454bf0c2fe03a9eb605c577-jvm.jar
2026-09-17 20:55:37.291 [INFO] 复用已缓存 jar: 05d6ce992454bf0c2fe03a9eb605c577.jar (站点 push_agent)
2026-09-17 20:55:37.291 [INFO] 复用已转换的 JVM jar: 05d6ce992454bf0c2fe03a9eb605c577-jvm.jar
2026-09-17 20:55:37.291 [INFO] 站点已注册: push_agent (🛴┃手机┃推送) -> 05d6ce992454bf0c2fe03a9eb605c577-jvm.jar
2026-09-17 20:55:37.291 [INFO] 复用已缓存 jar: 05d6ce992454bf0c2fe03a9eb605c577.jar (站点 push_agent~2)
2026-09-17 20:55:37.292 [INFO] 复用已转换的 JVM jar: 05d6ce992454bf0c2fe03a9eb605c577-jvm.jar
2026-09-17 20:55:37.292 [INFO] 站点已注册: push_agent~2 (推送) -> 05d6ce992454bf0c2fe03a9eb605c577-jvm.jar
2026-09-17 20:55:37.292 [INFO] 用户配置已应用：mode=config，站点 64 个（本地加载 20 个）
2026-09-17 20:55:37.294 [INFO] POST /api/config/save (31ms)
2026-09-17 20:55:37.854 [INFO] GET /api/config/fetch (20718ms)
2026-09-17 20:55:38.314 [INFO] GET /api/status (2ms)
2026-09-17 20:56:13.558 [INFO] GET /api/config (6ms)
2026-09-17 20:56:15.212 [INFO] GET /api/spider/cms_lzi (457ms)
2026-09-17 20:56:16.072 [INFO] GET /api/spider/苹果 (4ms)
2026-09-17 20:56:16.428 [INFO] GET /api/spider/cms_lzi (658ms)
2026-09-17 20:56:16.816 [INFO] GET /api/spider/csp_douban (1ms)
2026-09-17 20:56:17.023 [INFO] GET /api/spider/新浪资源 (1ms)
2026-09-17 20:56:17.023 [INFO] GET /api/spider/电影天堂 (0ms)
D/SpiderLog: 自定義爬蟲代碼載入成功！
I/JarLoader: invokeInit success: 05d6ce992454bf0c2fe03a9eb605c577-jvm.jar
I/JarLoader: invokeProxy success: 05d6ce992454bf0c2fe03a9eb605c577-jvm.jar
I/JarLoader: getSpider success site=csp_xpath_saohuotv, api=csp_XPath
D/SpiderLog: A JSONObject text must begin with '{' at 1 [character 2 line 1]
org.json.JSONException: A JSONObject text must begin with '{' at 1 [character 2 line 1]
	at org.json.JSONTokener.syntaxError(JSONTokener.java:507)
	at org.json.JSONObject.<init>(JSONObject.java:222)
	at org.json.JSONObject.<init>(JSONObject.java:406)
	at com.github.catvod.spider.merge.j.a.b(Unknown Source)
	at com.github.catvod.spider.XPath.c(Unknown Source)
	at com.github.catvod.spider.XPath.homeContent(Unknown Source)
	at com.github.catvod.host.SiteHolder.doAction(SiteHolder.java:147)
	at com.github.catvod.host.HttpRouter.handleSpider(HttpRouter.java:274)
	at com.github.catvod.host.HttpRouter.handle(HttpRouter.java:205)
	at jdk.httpserver/com.sun.net.httpserver.Filter$Chain.doFilter(Filter.java:98)
	at jdk.httpserver/sun.net.httpserver.AuthFilter.doFilter(AuthFilter.java:82)
	at jdk.httpserver/com.sun.net.httpserver.Filter$Chain.doFilter(Filter.java:101)
	at jdk.httpserver/sun.net.httpserver.ServerImpl$Exchange$LinkHandler.handle(ServerImpl.java:923)
	at jdk.httpserver/com.sun.net.httpserver.Filter$Chain.doFilter(Filter.java:98)
	at jdk.httpserver/sun.net.httpserver.ServerImpl$Exchange.run(ServerImpl.java:899)
	at java.base/java.util.concurrent.ThreadPoolExecutor.runWorker(ThreadPoolExecutor.java:1144)
	at java.base/java.util.concurrent.ThreadPoolExecutor$Worker.run(ThreadPoolExecutor.java:642)
	at java.base/java.lang.Thread.run(Thread.java:1583)
I/SiteHolder: site csp_xpath_saohuotv do=home error: java.lang.NullPointerException: Cannot invoke "com.github.catvod.spider.merge.j.a.e()" because "this.b" is null
2026-09-17 20:56:17.110 [INFO] GET /api/spider/csp_xpath_saohuotv (88ms)
D/SpiderLog: 自定義爬蟲代碼載入成功！
I/JarLoader: invokeInit success: 05d6ce992454bf0c2fe03a9eb605c577-jvm.jar
D/SpiderLog: 自定義爬蟲代碼載入成功！
I/JarLoader: invokeInit success: 05d6ce992454bf0c2fe03a9eb605c577-jvm.jar
I/JarLoader: invokeProxy success: 05d6ce992454bf0c2fe03a9eb605c577-jvm.jar
I/JarLoader: invokeProxy success: 05d6ce992454bf0c2fe03a9eb605c577-jvm.jar
D/SpiderLog: 自定義爬蟲代碼載入成功！
I/JarLoader: invokeInit success: 05d6ce992454bf0c2fe03a9eb605c577-jvm.jar
I/JarLoader: getSpider success site=csp_xpath_555, api=csp_XPathFilter
I/JarLoader: getSpider success site=csp_xpath_飞兔成人, api=csp_XPathFilter
I/JarLoader: invokeProxy success: 05d6ce992454bf0c2fe03a9eb605c577-jvm.jar
D/SpiderLog: A JSONObject text must begin with '{' at 1 [character 2 line 1]
org.json.JSONException: A JSONObject text must begin with '{' at 1 [character 2 line 1]
	at org.json.JSONTokener.syntaxError(JSONTokener.java:507)
	at org.json.JSONObject.<init>(JSONObject.java:222)
	at org.json.JSONObject.<init>(JSONObject.java:406)
	at com.github.catvod.spider.merge.j.a.b(Unknown Source)
	at com.github.catvod.spider.XPath.c(Unknown Source)
	at com.github.catvod.spider.XPath.homeContent(Unknown Source)
	at com.github.catvod.host.SiteHolder.doAction(SiteHolder.java:147)
	at com.github.catvod.host.HttpRouter.handleSpider(HttpRouter.java:274)
	at com.github.catvod.host.HttpRouter.handle(HttpRouter.java:205)
	at jdk.httpserver/com.sun.net.httpserver.Filter$Chain.doFilter(Filter.java:98)
	at jdk.httpserver/sun.net.httpserver.AuthFilter.doFilter(AuthFilter.java:82)
	at jdk.httpserver/com.sun.net.httpserver.Filter$Chain.doFilter(Filter.java:101)
	at jdk.httpserver/sun.net.httpserver.ServerImpl$Exchange$LinkHandler.handle(ServerImpl.java:923)
	at jdk.httpserver/com.sun.net.httpserver.Filter$Chain.doFilter(Filter.java:98)
	at jdk.httpserver/sun.net.httpserver.ServerImpl$Exchange.run(ServerImpl.java:899)
	at java.base/java.util.concurrent.ThreadPoolExecutor.runWorker(ThreadPoolExecutor.java:1144)
	at java.base/java.util.concurrent.ThreadPoolExecutor$Worker.run(ThreadPoolExecutor.java:642)
	at java.base/java.lang.Thread.run(Thread.java:1583)
I/SiteHolder: site csp_xpath_555 do=home error: java.lang.NullPointerException: Cannot invoke "com.github.catvod.spider.merge.j.a.e()" because "this.b" is null
2026-09-17 20:56:20.796 [INFO] GET /api/spider/csp_xpath_555 (17ms)
I/JarLoader: getSpider success site=csp_xpath_飞兔, api=csp_XPathFilter
D/SpiderLog: 自定義爬蟲代碼載入成功！
I/JarLoader: invokeInit success: 05d6ce992454bf0c2fe03a9eb605c577-jvm.jar
D/SpiderLog: A JSONObject text must begin with '{' at 1 [character 2 line 1]
I/JarLoader: invokeProxy success: 05d6ce992454bf0c2fe03a9eb605c577-jvm.jar
org.json.JSONException: A JSONObject text must begin with '{' at 1 [character 2 line 1]
	at org.json.JSONTokener.syntaxError(JSONTokener.java:507)
	at org.json.JSONObject.<init>(JSONObject.java:222)
	at org.json.JSONObject.<init>(JSONObject.java:406)
	at com.github.catvod.spider.merge.j.a.b(Unknown Source)
	at com.github.catvod.spider.XPath.c(Unknown Source)
	at com.github.catvod.spider.XPath.homeContent(Unknown Source)
	at com.github.catvod.host.SiteHolder.doAction(SiteHolder.java:147)
	at com.github.catvod.host.HttpRouter.handleSpider(HttpRouter.java:274)
	at com.github.catvod.host.HttpRouter.handle(HttpRouter.java:205)
	at jdk.httpserver/com.sun.net.httpserver.Filter$Chain.doFilter(Filter.java:98)
	at jdk.httpserver/sun.net.httpserver.AuthFilter.doFilter(AuthFilter.java:82)
	at jdk.httpserver/com.sun.net.httpserver.Filter$Chain.doFilter(Filter.java:101)
	at jdk.httpserver/sun.net.httpserver.ServerImpl$Exchange$LinkHandler.handle(ServerImpl.java:923)
	at jdk.httpserver/com.sun.net.httpserver.Filter$Chain.doFilter(Filter.java:98)
	at jdk.httpserver/sun.net.httpserver.ServerImpl$Exchange.run(ServerImpl.java:899)
	at java.base/java.util.concurrent.ThreadPoolExecutor.runWorker(ThreadPoolExecutor.java:1144)
	at java.base/java.util.concurrent.ThreadPoolExecutor$Worker.run(ThreadPoolExecutor.java:642)
	at java.base/java.lang.Thread.run(Thread.java:1583)
D/SpiderLog: A JSONObject text must begin with '{' at 1 [character 2 line 1]
org.json.JSONException: A JSONObject text must begin with '{' at 1 [character 2 line 1]
	at org.json.JSONTokener.syntaxError(JSONTokener.java:507)
	at org.json.JSONObject.<init>(JSONObject.java:222)
	at org.json.JSONObject.<init>(JSONObject.java:406)
	at com.github.catvod.spider.merge.j.a.b(Unknown Source)
	at com.github.catvod.spider.XPath.c(Unknown Source)
	at com.github.catvod.spider.XPath.homeContent(Unknown Source)
	at com.github.catvod.host.SiteHolder.doAction(SiteHolder.java:147)
	at com.github.catvod.host.HttpRouter.handleSpider(HttpRouter.java:274)
	at com.github.catvod.host.HttpRouter.handle(HttpRouter.java:205)
	at jdk.httpserver/com.sun.net.httpserver.Filter$Chain.doFilter(Filter.java:98)
	at jdk.httpserver/sun.net.httpserver.AuthFilter.doFilter(AuthFilter.java:82)
	at jdk.httpserver/com.sun.net.httpserver.Filter$Chain.doFilter(Filter.java:101)
	at jdk.httpserver/sun.net.httpserver.ServerImpl$Exchange$LinkHandler.handle(ServerImpl.java:923)
	at jdk.httpserver/com.sun.net.httpserver.Filter$Chain.doFilter(Filter.java:98)
	at jdk.httpserver/sun.net.httpserver.ServerImpl$Exchange.run(ServerImpl.java:899)
	at java.base/java.util.concurrent.ThreadPoolExecutor.runWorker(ThreadPoolExecutor.java:1144)
	at java.base/java.util.concurrent.ThreadPoolExecutor$Worker.run(ThreadPoolExecutor.java:642)
	at java.base/java.lang.Thread.run(Thread.java:1583)
I/SiteHolder: site csp_xpath_飞兔成人 do=home error: java.lang.NullPointerException: Cannot invoke "com.github.catvod.spider.merge.j.a.e()" because "this.b" is null
I/SiteHolder: site csp_xpath_飞兔 do=home error: java.lang.NullPointerException: Cannot invoke "com.github.catvod.spider.merge.j.a.e()" because "this.b" is null
2026-09-17 20:56:20.800 [INFO] GET /api/spider/csp_xpath_飞兔 (11ms)
2026-09-17 20:56:20.800 [INFO] GET /api/spider/csp_xpath_飞兔成人 (21ms)
I/JarLoader: getSpider success site=csp_xpath_海兔, api=csp_XPathFilter
D/SpiderLog: A JSONObject text must begin with '{' at 1 [character 2 line 1]
org.json.JSONException: A JSONObject text must begin with '{' at 1 [character 2 line 1]
	at org.json.JSONTokener.syntaxError(JSONTokener.java:507)
	at org.json.JSONObject.<init>(JSONObject.java:222)
	at org.json.JSONObject.<init>(JSONObject.java:406)
	at com.github.catvod.spider.merge.j.a.b(Unknown Source)
	at com.github.catvod.spider.XPath.c(Unknown Source)
	at com.github.catvod.spider.XPath.homeContent(Unknown Source)
	at com.github.catvod.host.SiteHolder.doAction(SiteHolder.java:147)
	at com.github.catvod.host.HttpRouter.handleSpider(HttpRouter.java:274)
	at com.github.catvod.host.HttpRouter.handle(HttpRouter.java:205)
	at jdk.httpserver/com.sun.net.httpserver.Filter$Chain.doFilter(Filter.java:98)
	at jdk.httpserver/sun.net.httpserver.AuthFilter.doFilter(AuthFilter.java:82)
	at jdk.httpserver/com.sun.net.httpserver.Filter$Chain.doFilter(Filter.java:101)
	at jdk.httpserver/sun.net.httpserver.ServerImpl$Exchange$LinkHandler.handle(ServerImpl.java:923)
	at jdk.httpserver/com.sun.net.httpserver.Filter$Chain.doFilter(Filter.java:98)
	at jdk.httpserver/sun.net.httpserver.ServerImpl$Exchange.run(ServerImpl.java:899)
	at java.base/java.util.concurrent.ThreadPoolExecutor.runWorker(ThreadPoolExecutor.java:1144)
	at java.base/java.util.concurrent.ThreadPoolExecutor$Worker.run(ThreadPoolExecutor.java:642)
	at java.base/java.lang.Thread.run(Thread.java:1583)
I/SiteHolder: site csp_xpath_海兔 do=home error: java.lang.NullPointerException: Cannot invoke "com.github.catvod.spider.merge.j.a.e()" because "this.b" is null
2026-09-17 20:56:20.803 [INFO] GET /api/spider/csp_xpath_海兔 (13ms)
D/SpiderLog: 自定義爬蟲代碼載入成功！
I/JarLoader: invokeInit success: 05d6ce992454bf0c2fe03a9eb605c577-jvm.jar
I/JarLoader: invokeProxy success: 05d6ce992454bf0c2fe03a9eb605c577-jvm.jar
I/JarLoader: getSpider success site=csp_xpath_大师兄, api=csp_XPathFilter
D/SpiderLog: A JSONObject text must begin with '{' at 1 [character 2 line 1]
org.json.JSONException: A JSONObject text must begin with '{' at 1 [character 2 line 1]
	at org.json.JSONTokener.syntaxError(JSONTokener.java:507)
	at org.json.JSONObject.<init>(JSONObject.java:222)
	at org.json.JSONObject.<init>(JSONObject.java:406)
	at com.github.catvod.spider.merge.j.a.b(Unknown Source)
	at com.github.catvod.spider.XPath.c(Unknown Source)
	at com.github.catvod.spider.XPath.homeContent(Unknown Source)
	at com.github.catvod.host.SiteHolder.doAction(SiteHolder.java:147)
	at com.github.catvod.host.HttpRouter.handleSpider(HttpRouter.java:274)
	at com.github.catvod.host.HttpRouter.handle(HttpRouter.java:205)
	at jdk.httpserver/com.sun.net.httpserver.Filter$Chain.doFilter(Filter.java:98)
	at jdk.httpserver/sun.net.httpserver.AuthFilter.doFilter(AuthFilter.java:82)
	at jdk.httpserver/com.sun.net.httpserver.Filter$Chain.doFilter(Filter.java:101)
	at jdk.httpserver/sun.net.httpserver.ServerImpl$Exchange$LinkHandler.handle(ServerImpl.java:923)
	at jdk.httpserver/com.sun.net.httpserver.Filter$Chain.doFilter(Filter.java:98)
	at jdk.httpserver/sun.net.httpserver.ServerImpl$Exchange.run(ServerImpl.java:899)
	at java.base/java.util.concurrent.ThreadPoolExecutor.runWorker(ThreadPoolExecutor.java:1144)
	at java.base/java.util.concurrent.ThreadPoolExecutor$Worker.run(ThreadPoolExecutor.java:642)
	at java.base/java.lang.Thread.run(Thread.java:1583)
I/SiteHolder: site csp_xpath_大师兄 do=home error: java.lang.NullPointerException: Cannot invoke "com.github.catvod.spider.merge.j.a.e()" because "this.b" is null
2026-09-17 20:56:20.998 [INFO] GET /api/spider/csp_xpath_大师兄 (14ms)
D/SpiderLog: 自定義爬蟲代碼載入成功！
I/JarLoader: invokeInit success: 05d6ce992454bf0c2fe03a9eb605c577-jvm.jar
I/JarLoader: invokeProxy success: 05d6ce992454bf0c2fe03a9eb605c577-jvm.jar
I/JarLoader: getSpider success site=本地, api=csp_Local
2026-09-17 20:56:21.055 [INFO] GET /api/spider/本地 (36ms)
2026-09-17 20:56:23.403 [INFO] GET /api/spider/配置中心 (2ms)
2026-09-17 20:56:23.403 [INFO] GET /api/spider/drpy_js_荐片 (1ms)
2026-09-17 20:56:23.403 [INFO] GET /api/spider/csp_短剧网 (2ms)
2026-09-17 20:56:23.432 [INFO] GET /api/spider/csp_KungFu404 (2ms)
2026-09-17 20:56:23.623 [INFO] GET /api/spider/Bili (2ms)
D/SpiderLog: 自定義爬蟲代碼載入成功！
I/JarLoader: invokeInit success: 05d6ce992454bf0c2fe03a9eb605c577-jvm.jar
I/JarLoader: invokeProxy success: 05d6ce992454bf0c2fe03a9eb605c577-jvm.jar
2026-09-17 20:56:23.631 [INFO] GET /api/spider/香蕉资源 (1ms)
D/SpiderLog: 自定義爬蟲代碼載入成功！
I/JarLoader: invokeInit success: 05d6ce992454bf0c2fe03a9eb605c577-jvm.jar
I/JarLoader: invokeProxy success: 05d6ce992454bf0c2fe03a9eb605c577-jvm.jar
2026-09-17 20:56:23.635 [INFO] GET /api/spider/陌陌 (1ms)
2026-09-17 20:56:23.637 [INFO] GET /api/spider/Biliych (1ms)
D/SpiderLog: 自定義爬蟲代碼載入成功！
I/JarLoader: invokeInit success: 05d6ce992454bf0c2fe03a9eb605c577-jvm.jar
I/JarLoader: invokeProxy success: 05d6ce992454bf0c2fe03a9eb605c577-jvm.jar
I/JarLoader: getSpider error site=PanSou, api=csp_PanSou, reason=android/view/ViewGroup <- android.view.ViewGroup（jar 引用的类在桌面 JVM 缺失，多为 Android 专有 API）
java.lang.NoClassDefFoundError: android/view/ViewGroup
	at com.github.catvod.spider.Ali.init(Unknown Source)
	at com.github.catvod.crawler.JarLoader.getSpider(JarLoader.java:87)
	at com.github.catvod.host.SiteHolder.spider(SiteHolder.java:99)
	at com.github.catvod.host.SiteHolder.doAction(SiteHolder.java:143)
	at com.github.catvod.host.HttpRouter.handleSpider(HttpRouter.java:274)
	at com.github.catvod.host.HttpRouter.handle(HttpRouter.java:205)
	at jdk.httpserver/com.sun.net.httpserver.Filter$Chain.doFilter(Filter.java:98)
	at jdk.httpserver/sun.net.httpserver.AuthFilter.doFilter(AuthFilter.java:82)
	at jdk.httpserver/com.sun.net.httpserver.Filter$Chain.doFilter(Filter.java:101)
	at jdk.httpserver/sun.net.httpserver.ServerImpl$Exchange$LinkHandler.handle(ServerImpl.java:923)
	at jdk.httpserver/com.sun.net.httpserver.Filter$Chain.doFilter(Filter.java:98)
I/JarLoader: getSpider error site=PanSearch, api=csp_PanSearch, reason=android/view/ViewGroup <- android.view.ViewGroup（jar 引用的类在桌面 JVM 缺失，多为 Android 专有 API）
	at jdk.httpserver/sun.net.httpserver.ServerImpl$Exchange.run(ServerImpl.java:899)
	at java.base/java.util.concurrent.ThreadPoolExecutor.runWorker(ThreadPoolExecutor.java:1144)
	at java.base/java.util.concurrent.ThreadPoolExecutor$Worker.run(ThreadPoolExecutor.java:642)
	at java.base/java.lang.Thread.run(Thread.java:1583)
Caused by: java.lang.ClassNotFoundException: android.view.ViewGroup
	at java.base/java.net.URLClassLoader.findClass(URLClassLoader.java:445)
	at java.base/java.lang.ClassLoader.loadClass(ClassLoader.java:593)
	at java.base/java.lang.ClassLoader.loadClass(ClassLoader.java:526)
	... 15 more
java.lang.NoClassDefFoundError: android/view/ViewGroup
	at com.github.catvod.spider.Ali.init(Unknown Source)
	at com.github.catvod.crawler.JarLoader.getSpider(JarLoader.java:87)
	at com.github.catvod.host.SiteHolder.spider(SiteHolder.java:99)
	at com.github.catvod.host.SiteHolder.doAction(SiteHolder.java:143)
	at com.github.catvod.host.HttpRouter.handleSpider(HttpRouter.java:274)
	at com.github.catvod.host.HttpRouter.handle(HttpRouter.java:205)
	at jdk.httpserver/com.sun.net.httpserver.Filter$Chain.doFilter(Filter.java:98)
	at jdk.httpserver/sun.net.httpserver.AuthFilter.doFilter(AuthFilter.java:82)
	at jdk.httpserver/com.sun.net.httpserver.Filter$Chain.doFilter(Filter.java:101)
	at jdk.httpserver/sun.net.httpserver.ServerImpl$Exchange$LinkHandler.handle(ServerImpl.java:923)
	at jdk.httpserver/com.sun.net.httpserver.Filter$Chain.doFilter(Filter.java:98)
	at jdk.httpserver/sun.net.httpserver.ServerImpl$Exchange.run(ServerImpl.java:899)
	at java.base/java.util.concurrent.ThreadPoolExecutor.runWorker(ThreadPoolExecutor.java:1144)
	at java.base/java.util.concurrent.ThreadPoolExecutor$Worker.run(ThreadPoolExecutor.java:642)
	at java.base/java.lang.Thread.run(Thread.java:1583)
Caused by: java.lang.ClassNotFoundException: android.view.ViewGroup
	at java.base/java.net.URLClassLoader.findClass(URLClassLoader.java:445)
	at java.base/java.lang.ClassLoader.loadClass(ClassLoader.java:593)
	at java.base/java.lang.ClassLoader.loadClass(ClassLoader.java:526)
	... 15 more
I/JarLoader: getSpider error site=UpYun, api=csp_UpYun, reason=android/view/ViewGroup <- android.view.ViewGroup（jar 引用的类在桌面 JVM 缺失，多为 Android 专有 API）
java.lang.NoClassDefFoundError: android/view/ViewGroup
	at com.github.catvod.spider.Ali.init(Unknown Source)
	at com.github.catvod.crawler.JarLoader.getSpider(JarLoader.java:87)
	at com.github.catvod.host.SiteHolder.spider(SiteHolder.java:99)
	at com.github.catvod.host.SiteHolder.doAction(SiteHolder.java:143)
	at com.github.catvod.host.HttpRouter.handleSpider(HttpRouter.java:274)
	at com.github.catvod.host.HttpRouter.handle(HttpRouter.java:205)
	at jdk.httpserver/com.sun.net.httpserver.Filter$Chain.doFilter(Filter.java:98)
2026-09-17 20:56:23.644 [INFO] GET /api/spider/PanSou (24ms)
	at jdk.httpserver/sun.net.httpserver.AuthFilter.doFilter(AuthFilter.java:82)
	at jdk.httpserver/com.sun.net.httpserver.Filter$Chain.doFilter(Filter.java:101)
	at jdk.httpserver/sun.net.httpserver.ServerImpl$Exchange$LinkHandler.handle(ServerImpl.java:923)
	at jdk.httpserver/com.sun.net.httpserver.Filter$Chain.doFilter(Filter.java:98)
	at jdk.httpserver/sun.net.httpserver.ServerImpl$Exchange.run(ServerImpl.java:899)
2026-09-17 20:56:23.644 [INFO] GET /api/spider/PanSearch (20ms)
	at java.base/java.util.concurrent.ThreadPoolExecutor.runWorker(ThreadPoolExecutor.java:1144)
	at java.base/java.util.concurrent.ThreadPoolExecutor$Worker.run(ThreadPoolExecutor.java:642)
	at java.base/java.lang.Thread.run(Thread.java:1583)
Caused by: java.lang.ClassNotFoundException: android.view.ViewGroup
	at java.base/java.net.URLClassLoader.findClass(URLClassLoader.java:445)
	at java.base/java.lang.ClassLoader.loadClass(ClassLoader.java:593)
	at java.base/java.lang.ClassLoader.loadClass(ClassLoader.java:526)
	... 15 more
2026-09-17 20:56:23.645 [INFO] GET /api/spider/UpYun (9ms)
2026-09-17 20:56:24.753 [INFO] GET /api/spider/幸资源 (1ms)
2026-09-17 20:56:24.975 [INFO] GET /api/spider/KxrbspE (1ms)
2026-09-17 20:56:24.976 [INFO] GET /api/spider/ms4nii (2ms)
2026-09-17 20:56:25.186 [INFO] GET /api/spider/zp066 (1ms)
2026-09-17 20:56:25.187 [INFO] GET /api/spider/杏吧资源 (2ms)
2026-09-17 20:56:25.188 [INFO] GET /api/spider/kxgav (1ms)
2026-09-17 20:56:25.189 [INFO] GET /api/spider/zp100 (1ms)
2026-09-17 20:56:25.192 [INFO] GET /api/spider/gdlsE (2ms)
2026-09-17 20:56:32.842 [INFO] GET /api/spider/_18__JAV名优 (2ms)
2026-09-17 20:56:33.561 [INFO] GET /api/spider/_AIvin (1ms)
2026-09-17 20:56:33.563 [INFO] GET /api/spider/pgxdy (1ms)
2026-09-17 20:56:33.564 [INFO] GET /api/spider/KpgxdyE (1ms)
2026-09-17 20:56:33.569 [INFO] GET /api/spider/ap4i156dlyE (1ms)
2026-09-17 20:56:33.573 [INFO] GET /api/spider/zp128 (1ms)
2026-09-17 20:56:33.574 [INFO] GET /api/spider/afasu (1ms)
2026-09-17 20:56:33.576 [INFO] GET /api/spider/大地采集 (1ms)
D/SpiderLog: 自定義爬蟲代碼載入成功！
D/SpiderLog: 自定義爬蟲代碼載入成功！
I/JarLoader: invokeInit success: 05d6ce992454bf0c2fe03a9eb605c577-jvm.jar
I/JarLoader: invokeInit success: 05d6ce992454bf0c2fe03a9eb605c577-jvm.jar
I/JarLoader: invokeProxy success: 05d6ce992454bf0c2fe03a9eb605c577-jvm.jar
I/JarLoader: invokeProxy success: 05d6ce992454bf0c2fe03a9eb605c577-jvm.jar
I/JarLoader: getSpider error site=push_agent~2, api=csp_Push, reason=android/view/ViewGroup <- android.view.ViewGroup（jar 引用的类在桌面 JVM 缺失，多为 Android 专有 API）
java.lang.NoClassDefFoundError: android/view/ViewGroup
I/JarLoader: getSpider error site=push_agent, api=csp_Push, reason=android/view/ViewGroup <- android.view.ViewGroup（jar 引用的类在桌面 JVM 缺失，多为 Android 专有 API）
	at com.github.catvod.spider.Ali.init(Unknown Source)
	at com.github.catvod.spider.Push.init(Unknown Source)
	at com.github.catvod.crawler.JarLoader.getSpider(JarLoader.java:87)
	at com.github.catvod.host.SiteHolder.spider(SiteHolder.java:99)
	at com.github.catvod.host.SiteHolder.doAction(SiteHolder.java:143)
	at com.github.catvod.host.HttpRouter.handleSpider(HttpRouter.java:274)
	at com.github.catvod.host.HttpRouter.handle(HttpRouter.java:205)
	at jdk.httpserver/com.sun.net.httpserver.Filter$Chain.doFilter(Filter.java:98)
	at jdk.httpserver/sun.net.httpserver.AuthFilter.doFilter(AuthFilter.java:82)
	at jdk.httpserver/com.sun.net.httpserver.Filter$Chain.doFilter(Filter.java:101)
	at jdk.httpserver/sun.net.httpserver.ServerImpl$Exchange$LinkHandler.handle(ServerImpl.java:923)
	at jdk.httpserver/com.sun.net.httpserver.Filter$Chain.doFilter(Filter.java:98)
	at jdk.httpserver/sun.net.httpserver.ServerImpl$Exchange.run(ServerImpl.java:899)
	at java.base/java.util.concurrent.ThreadPoolExecutor.runWorker(ThreadPoolExecutor.java:1144)
	at java.base/java.util.concurrent.ThreadPoolExecutor$Worker.run(ThreadPoolExecutor.java:642)
	at java.base/java.lang.Thread.run(Thread.java:1583)
Caused by: java.lang.ClassNotFoundException: android.view.ViewGroup
	at java.base/java.net.URLClassLoader.findClass(URLClassLoader.java:445)
	at java.base/java.lang.ClassLoader.loadClass(ClassLoader.java:593)
	at java.base/java.lang.ClassLoader.loadClass(ClassLoader.java:526)
	... 16 more
java.lang.NoClassDefFoundError: android/view/ViewGroup
	at com.github.catvod.spider.Ali.init(Unknown Source)
	at com.github.catvod.spider.Push.init(Unknown Source)
	at com.github.catvod.crawler.JarLoader.getSpider(JarLoader.java:87)
	at com.github.catvod.host.SiteHolder.spider(SiteHolder.java:99)
	at com.github.catvod.host.SiteHolder.doAction(SiteHolder.java:143)
	at com.github.catvod.host.HttpRouter.handleSpider(HttpRouter.java:274)
	at com.github.catvod.host.HttpRouter.handle(HttpRouter.java:205)
	at jdk.httpserver/com.sun.net.httpserver.Filter$Chain.doFilter(Filter.java:98)
	at jdk.httpserver/sun.net.httpserver.AuthFilter.doFilter(AuthFilter.java:82)
	at jdk.httpserver/com.sun.net.httpserver.Filter$Chain.doFilter(Filter.java:101)
	at jdk.httpserver/sun.net.httpserver.ServerImpl$Exchange$LinkHandler.handle(ServerImpl.java:923)
	at jdk.httpserver/com.sun.net.httpserver.Filter$Chain.doFilter(Filter.java:98)
	at jdk.httpserver/sun.net.httpserver.ServerImpl$Exchange.run(ServerImpl.java:899)
	at java.base/java.util.concurrent.ThreadPoolExecutor.runWorker(ThreadPoolExecutor.java:1144)
	at java.base/java.util.concurrent.ThreadPoolExecutor$Worker.run(ThreadPoolExecutor.java:642)
	at java.base/java.lang.Thread.run(Thread.java:1583)
Caused by: java.lang.ClassNotFoundException: android.view.ViewGroup
	at java.base/java.net.URLClassLoader.findClass(URLClassLoader.java:445)
	at java.base/java.lang.ClassLoader.loadClass(ClassLoader.java:593)
	at java.base/java.lang.ClassLoader.loadClass(ClassLoader.java:526)
	... 16 more
2026-09-17 20:56:40.711 [INFO] GET /api/spider/push_agent (11ms)
2026-09-17 20:56:40.712 [INFO] GET /api/spider/push_agent~2 (11ms)
2026-09-17 20:56:40.908 [INFO] GET /api/spider/xrbsp.com (3ms)
2026-09-17 22:25:54.971 [INFO] GET /api/config (12ms)
2026-09-17 22:25:54.990 [INFO] GET /api/config (4ms)
2026-09-17 22:25:55.041 [INFO] GET /api/spider/demo (1ms)
2026-09-17 22:26:11.113 [INFO] GET /api/config (5ms)
2026-09-17 22:26:26.381 [INFO] GET /api/spider/cms_lzi (785ms)
2026-09-17 22:26:29.783 [INFO] GET /api/spider/cms_lzi (1733ms)
2026-09-17 22:26:30.028 [INFO] GET /api/spider/demo (2ms)
2026-09-17 22:26:30.047 [INFO] GET /api/spider/smoke (1ms)
2026-09-17 22:26:30.053 [INFO] GET /api/spider/苹果 (1ms)
D/SpiderLog: A JSONObject text must begin with '{' at 1 [character 2 line 1]
org.json.JSONException: A JSONObject text must begin with '{' at 1 [character 2 line 1]
	at org.json.JSONTokener.syntaxError(JSONTokener.java:507)
	at org.json.JSONObject.<init>(JSONObject.java:222)
	at org.json.JSONObject.<init>(JSONObject.java:406)
	at com.github.catvod.spider.merge.j.a.b(Unknown Source)
	at com.github.catvod.spider.XPath.c(Unknown Source)
	at com.github.catvod.spider.XPath.searchContent(Unknown Source)
	at com.github.catvod.crawler.Spider.searchContent(Spider.java:77)
	at com.github.catvod.host.SiteHolder.doAction(SiteHolder.java:161)
	at com.github.catvod.host.HttpRouter.handleSpider(HttpRouter.java:274)
	at com.github.catvod.host.HttpRouter.handle(HttpRouter.java:205)
	at jdk.httpserver/com.sun.net.httpserver.Filter$Chain.doFilter(Filter.java:98)
	at jdk.httpserver/sun.net.httpserver.AuthFilter.doFilter(AuthFilter.java:82)
	at jdk.httpserver/com.sun.net.httpserver.Filter$Chain.doFilter(Filter.java:101)
	at jdk.httpserver/sun.net.httpserver.ServerImpl$Exchange$LinkHandler.handle(ServerImpl.java:923)
	at jdk.httpserver/com.sun.net.httpserver.Filter$Chain.doFilter(Filter.java:98)
	at jdk.httpserver/sun.net.httpserver.ServerImpl$Exchange.run(ServerImpl.java:899)
	at java.base/java.util.concurrent.ThreadPoolExecutor.runWorker(ThreadPoolExecutor.java:1144)
	at java.base/java.util.concurrent.ThreadPoolExecutor$Worker.run(ThreadPoolExecutor.java:642)
	at java.base/java.lang.Thread.run(Thread.java:1583)
I/SiteHolder: site csp_xpath_saohuotv do=search error: java.lang.NullPointerException: Cannot invoke "com.github.catvod.spider.merge.j.a.k0()" because "this.b" is null
2026-09-17 22:26:32.519 [INFO] GET /api/spider/csp_xpath_saohuotv (5ms)
2026-09-17 22:26:34.750 [INFO] GET /api/spider/cms_lzi (2ms)
D/SpiderLog: A JSONObject text must begin with '{' at 1 [character 2 line 1]
org.json.JSONException: A JSONObject text must begin with '{' at 1 [character 2 line 1]
	at org.json.JSONTokener.syntaxError(JSONTokener.java:507)
	at org.json.JSONObject.<init>(JSONObject.java:222)
	at org.json.JSONObject.<init>(JSONObject.java:406)
	at com.github.catvod.spider.merge.j.a.b(Unknown Source)
	at com.github.catvod.spider.XPath.c(Unknown Source)
	at com.github.catvod.spider.XPath.searchContent(Unknown Source)
	at com.github.catvod.crawler.Spider.searchContent(Spider.java:77)
	at com.github.catvod.host.SiteHolder.doAction(SiteHolder.java:161)
	at com.github.catvod.host.HttpRouter.handleSpider(HttpRouter.java:274)
	at com.github.catvod.host.HttpRouter.handle(HttpRouter.java:205)
	at jdk.httpserver/com.sun.net.httpserver.Filter$Chain.doFilter(Filter.java:98)
	at jdk.httpserver/sun.net.httpserver.AuthFilter.doFilter(AuthFilter.java:82)
	at jdk.httpserver/com.sun.net.httpserver.Filter$Chain.doFilter(Filter.java:101)
	at jdk.httpserver/sun.net.httpserver.ServerImpl$Exchange$LinkHandler.handle(ServerImpl.java:923)
	at jdk.httpserver/com.sun.net.httpserver.Filter$Chain.doFilter(Filter.java:98)
	at jdk.httpserver/sun.net.httpserver.ServerImpl$Exchange.run(ServerImpl.java:899)
	at java.base/java.util.concurrent.ThreadPoolExecutor.runWorker(ThreadPoolExecutor.java:1144)
	at java.base/java.util.concurrent.ThreadPoolExecutor$Worker.run(ThreadPoolExecutor.java:642)
	at java.base/java.lang.Thread.run(Thread.java:1583)
I/SiteHolder: site csp_xpath_大师兄 do=search error: java.lang.NullPointerException: Cannot invoke "com.github.catvod.spider.merge.j.a.k0()" because "this.b" is null
D/SpiderLog: A JSONObject text must begin with '{' at 1 [character 2 line 1]
org.json.JSONException: A JSONObject text must begin with '{' at 1 [character 2 line 1]
	at org.json.JSONTokener.syntaxError(JSONTokener.java:507)
	at org.json.JSONObject.<init>(JSONObject.java:222)
	at org.json.JSONObject.<init>(JSONObject.java:406)
	at com.github.catvod.spider.merge.j.a.b(Unknown Source)
	at com.github.catvod.spider.XPath.c(Unknown Source)
	at com.github.catvod.spider.XPath.searchContent(Unknown Source)
	at com.github.catvod.crawler.Spider.searchContent(Spider.java:77)
	at com.github.catvod.host.SiteHolder.doAction(SiteHolder.java:161)
	at com.github.catvod.host.HttpRouter.handleSpider(HttpRouter.java:274)
	at com.github.catvod.host.HttpRouter.handle(HttpRouter.java:205)
	at jdk.httpserver/com.sun.net.httpserver.Filter$Chain.doFilter(Filter.java:98)
	at jdk.httpserver/sun.net.httpserver.AuthFilter.doFilter(AuthFilter.java:82)
	at jdk.httpserver/com.sun.net.httpserver.Filter$Chain.doFilter(Filter.java:101)
	at jdk.httpserver/sun.net.httpserver.ServerImpl$Exchange$LinkHandler.handle(ServerImpl.java:923)
	at jdk.httpserver/com.sun.net.httpserver.Filter$Chain.doFilter(Filter.java:98)
	at jdk.httpserver/sun.net.httpserver.ServerImpl$Exchange.run(ServerImpl.java:899)
	at java.base/java.util.concurrent.ThreadPoolExecutor.runWorker(ThreadPoolExecutor.java:1144)
	at java.base/java.util.concurrent.ThreadPoolExecutor$Worker.run(ThreadPoolExecutor.java:642)
	at java.base/java.lang.Thread.run(Thread.java:1583)
I/SiteHolder: site csp_xpath_555 do=search error: java.lang.NullPointerException: Cannot invoke "com.github.catvod.spider.merge.j.a.k0()" because "this.b" is null
2026-09-17 22:26:42.502 [INFO] GET /api/spider/csp_xpath_大师兄 (6ms)
D/SpiderLog: A JSONObject text must begin with '{' at 1 [character 2 line 1]
org.json.JSONException: A JSONObject text must begin with '{' at 1 [character 2 line 1]
	at org.json.JSONTokener.syntaxError(JSONTokener.java:507)
	at org.json.JSONObject.<init>(JSONObject.java:222)
	at org.json.JSONObject.<init>(JSONObject.java:406)
	at com.github.catvod.spider.merge.j.a.b(Unknown Source)
	at com.github.catvod.spider.XPath.c(Unknown Source)
	at com.github.catvod.spider.XPath.searchContent(Unknown Source)
	at com.github.catvod.crawler.Spider.searchContent(Spider.java:77)
	at com.github.catvod.host.SiteHolder.doAction(SiteHolder.java:161)
	at com.github.catvod.host.HttpRouter.handleSpider(HttpRouter.java:274)
	at com.github.catvod.host.HttpRouter.handle(HttpRouter.java:205)
	at jdk.httpserver/com.sun.net.httpserver.Filter$Chain.doFilter(Filter.java:98)
	at jdk.httpserver/sun.net.httpserver.AuthFilter.doFilter(AuthFilter.java:82)
	at jdk.httpserver/com.sun.net.httpserver.Filter$Chain.doFilter(Filter.java:101)
	at jdk.httpserver/sun.net.httpserver.ServerImpl$Exchange$LinkHandler.handle(ServerImpl.java:923)
	at jdk.httpserver/com.sun.net.httpserver.Filter$Chain.doFilter(Filter.java:98)
	at jdk.httpserver/sun.net.httpserver.ServerImpl$Exchange.run(ServerImpl.java:899)
	at java.base/java.util.concurrent.ThreadPoolExecutor.runWorker(ThreadPoolExecutor.java:1144)
	at java.base/java.util.concurrent.ThreadPoolExecutor$Worker.run(ThreadPoolExecutor.java:642)
	at java.base/java.lang.Thread.run(Thread.java:1583)
2026-09-17 22:26:42.502 [INFO] GET /api/spider/csp_xpath_555 (1ms)
I/SiteHolder: site csp_xpath_海兔 do=search error: java.lang.NullPointerException: Cannot invoke "com.github.catvod.spider.merge.j.a.k0()" because "this.b" is null
2026-09-17 22:26:42.504 [INFO] GET /api/spider/csp_xpath_海兔 (2ms)
D/SpiderLog: A JSONObject text must begin with '{' at 1 [character 2 line 1]
org.json.JSONException: A JSONObject text must begin with '{' at 1 [character 2 line 1]
	at org.json.JSONTokener.syntaxError(JSONTokener.java:507)
	at org.json.JSONObject.<init>(JSONObject.java:222)
	at org.json.JSONObject.<init>(JSONObject.java:406)
	at com.github.catvod.spider.merge.j.a.b(Unknown Source)
	at com.github.catvod.spider.XPath.c(Unknown Source)
	at com.github.catvod.spider.XPath.searchContent(Unknown Source)
	at com.github.catvod.crawler.Spider.searchContent(Spider.java:77)
	at com.github.catvod.host.SiteHolder.doAction(SiteHolder.java:161)
	at com.github.catvod.host.HttpRouter.handleSpider(HttpRouter.java:274)
	at com.github.catvod.host.HttpRouter.handle(HttpRouter.java:205)
	at jdk.httpserver/com.sun.net.httpserver.Filter$Chain.doFilter(Filter.java:98)
	at jdk.httpserver/sun.net.httpserver.AuthFilter.doFilter(AuthFilter.java:82)
	at jdk.httpserver/com.sun.net.httpserver.Filter$Chain.doFilter(Filter.java:101)
	at jdk.httpserver/sun.net.httpserver.ServerImpl$Exchange$LinkHandler.handle(ServerImpl.java:923)
	at jdk.httpserver/com.sun.net.httpserver.Filter$Chain.doFilter(Filter.java:98)
	at jdk.httpserver/sun.net.httpserver.ServerImpl$Exchange.run(ServerImpl.java:899)
	at java.base/java.util.concurrent.ThreadPoolExecutor.runWorker(ThreadPoolExecutor.java:1144)
	at java.base/java.util.concurrent.ThreadPoolExecutor$Worker.run(ThreadPoolExecutor.java:642)
	at java.base/java.lang.Thread.run(Thread.java:1583)
I/SiteHolder: site csp_xpath_飞兔 do=search error: java.lang.NullPointerException: Cannot invoke "com.github.catvod.spider.merge.j.a.k0()" because "this.b" is null
2026-09-17 22:26:42.521 [INFO] GET /api/spider/csp_xpath_飞兔 (2ms)
D/SpiderLog: A JSONObject text must begin with '{' at 1 [character 2 line 1]
org.json.JSONException: A JSONObject text must begin with '{' at 1 [character 2 line 1]
	at org.json.JSONTokener.syntaxError(JSONTokener.java:507)
	at org.json.JSONObject.<init>(JSONObject.java:222)
	at org.json.JSONObject.<init>(JSONObject.java:406)
	at com.github.catvod.spider.merge.j.a.b(Unknown Source)
	at com.github.catvod.spider.XPath.c(Unknown Source)
	at com.github.catvod.spider.XPath.searchContent(Unknown Source)
	at com.github.catvod.crawler.Spider.searchContent(Spider.java:77)
	at com.github.catvod.host.SiteHolder.doAction(SiteHolder.java:161)
	at com.github.catvod.host.HttpRouter.handleSpider(HttpRouter.java:274)
	at com.github.catvod.host.HttpRouter.handle(HttpRouter.java:205)
	at jdk.httpserver/com.sun.net.httpserver.Filter$Chain.doFilter(Filter.java:98)
	at jdk.httpserver/sun.net.httpserver.AuthFilter.doFilter(AuthFilter.java:82)
	at jdk.httpserver/com.sun.net.httpserver.Filter$Chain.doFilter(Filter.java:101)
	at jdk.httpserver/sun.net.httpserver.ServerImpl$Exchange$LinkHandler.handle(ServerImpl.java:923)
	at jdk.httpserver/com.sun.net.httpserver.Filter$Chain.doFilter(Filter.java:98)
	at jdk.httpserver/sun.net.httpserver.ServerImpl$Exchange.run(ServerImpl.java:899)
	at java.base/java.util.concurrent.ThreadPoolExecutor.runWorker(ThreadPoolExecutor.java:1144)
	at java.base/java.util.concurrent.ThreadPoolExecutor$Worker.run(ThreadPoolExecutor.java:642)
	at java.base/java.lang.Thread.run(Thread.java:1583)
I/SiteHolder: site csp_xpath_飞兔成人 do=search error: java.lang.NullPointerException: Cannot invoke "com.github.catvod.spider.merge.j.a.k0()" because "this.b" is null
2026-09-17 22:26:42.527 [INFO] GET /api/spider/csp_xpath_飞兔成人 (3ms)
2026-09-17 22:26:54.015 [INFO] GET /api/spider/csp_短剧网 (4ms)
2026-09-17 22:26:54.015 [INFO] GET /api/spider/csp_KungFu404 (4ms)
2026-09-17 22:26:54.016 [INFO] GET /api/spider/Biliych (5ms)
2026-09-17 22:26:54.015 [INFO] GET /api/spider/Bili (2ms)
2026-09-17 22:26:54.016 [INFO] GET /api/spider/陌陌 (3ms)
2026-09-17 22:26:54.027 [INFO] GET /api/spider/PanSou (1ms)
2026-09-17 22:26:54.050 [INFO] GET /api/spider/UpYun (0ms)
2026-09-17 22:26:54.053 [INFO] GET /api/spider/PanSearch (0ms)
2026-09-17 22:27:04.092 [INFO] GET /api/spider/push_agent~2 (2ms)
2026-09-17 22:37:57.790 [INFO] GET /api/config (7ms)
2026-09-17 22:37:59.346 [INFO] GET /api/spider/csp_douban (1ms)
2026-09-17 22:37:59.347 [INFO] GET /api/spider/苹果 (1ms)
2026-09-17 22:37:59.347 [INFO] GET /api/spider/新浪资源 (1ms)
2026-09-17 22:37:59.440 [INFO] GET /api/spider/cms_lzi (1636ms)
2026-09-17 22:38:00.311 [INFO] GET /api/spider/电影天堂 (1ms)
D/SpiderLog: A JSONObject text must begin with '{' at 1 [character 2 line 1]
org.json.JSONException: A JSONObject text must begin with '{' at 1 [character 2 line 1]
	at org.json.JSONTokener.syntaxError(JSONTokener.java:507)
	at org.json.JSONObject.<init>(JSONObject.java:222)
	at org.json.JSONObject.<init>(JSONObject.java:406)
	at com.github.catvod.spider.merge.j.a.b(Unknown Source)
	at com.github.catvod.spider.XPath.c(Unknown Source)
	at com.github.catvod.spider.XPath.homeContent(Unknown Source)
	at com.github.catvod.host.SiteHolder.doAction(SiteHolder.java:147)
	at com.github.catvod.host.HttpRouter.handleSpider(HttpRouter.java:274)
	at com.github.catvod.host.HttpRouter.handle(HttpRouter.java:205)
	at jdk.httpserver/com.sun.net.httpserver.Filter$Chain.doFilter(Filter.java:98)
	at jdk.httpserver/sun.net.httpserver.AuthFilter.doFilter(AuthFilter.java:82)
	at jdk.httpserver/com.sun.net.httpserver.Filter$Chain.doFilter(Filter.java:101)
	at jdk.httpserver/sun.net.httpserver.ServerImpl$Exchange$LinkHandler.handle(ServerImpl.java:923)
	at jdk.httpserver/com.sun.net.httpserver.Filter$Chain.doFilter(Filter.java:98)
	at jdk.httpserver/sun.net.httpserver.ServerImpl$Exchange.run(ServerImpl.java:899)
	at java.base/java.util.concurrent.ThreadPoolExecutor.runWorker(ThreadPoolExecutor.java:1144)
	at java.base/java.util.concurrent.ThreadPoolExecutor$Worker.run(ThreadPoolExecutor.java:642)
	at java.base/java.lang.Thread.run(Thread.java:1583)
I/SiteHolder: site csp_xpath_saohuotv do=home error: java.lang.NullPointerException: Cannot invoke "com.github.catvod.spider.merge.j.a.e()" because "this.b" is null
2026-09-17 22:38:00.320 [INFO] GET /api/spider/csp_xpath_saohuotv (4ms)
2026-09-17 22:38:00.764 [INFO] GET /api/spider/cms_lzi (438ms)
D/SpiderLog: A JSONObject text must begin with '{' at 1 [character 2 line 1]
org.json.JSONException: A JSONObject text must begin with '{' at 1 [character 2 line 1]
	at org.json.JSONTokener.syntaxError(JSONTokener.java:507)
	at org.json.JSONObject.<init>(JSONObject.java:222)
	at org.json.JSONObject.<init>(JSONObject.java:406)
	at com.github.catvod.spider.merge.j.a.b(Unknown Source)
	at com.github.catvod.spider.XPath.c(Unknown Source)
	at com.github.catvod.spider.XPath.homeContent(Unknown Source)
	at com.github.catvod.host.SiteHolder.doAction(SiteHolder.java:147)
	at com.github.catvod.host.HttpRouter.handleSpider(HttpRouter.java:274)
	at com.github.catvod.host.HttpRouter.handle(HttpRouter.java:205)
	at jdk.httpserver/com.sun.net.httpserver.Filter$Chain.doFilter(Filter.java:98)
	at jdk.httpserver/sun.net.httpserver.AuthFilter.doFilter(AuthFilter.java:82)
	at jdk.httpserver/com.sun.net.httpserver.Filter$Chain.doFilter(Filter.java:101)
	at jdk.httpserver/sun.net.httpserver.ServerImpl$Exchange$LinkHandler.handle(ServerImpl.java:923)
	at jdk.httpserver/com.sun.net.httpserver.Filter$Chain.doFilter(Filter.java:98)
	at jdk.httpserver/sun.net.httpserver.ServerImpl$Exchange.run(ServerImpl.java:899)
	at java.base/java.util.concurrent.ThreadPoolExecutor.runWorker(ThreadPoolExecutor.java:1144)
	at java.base/java.util.concurrent.ThreadPoolExecutor$Worker.run(ThreadPoolExecutor.java:642)
	at java.base/java.lang.Thread.run(Thread.java:1583)
I/SiteHolder: site csp_xpath_大师兄 do=home error: java.lang.NullPointerException: Cannot invoke "com.github.catvod.spider.merge.j.a.e()" because "this.b" is null
D/SpiderLog: A JSONObject text must begin with '{' at 1 [character 2 line 1]
org.json.JSONException: A JSONObject text must begin with '{' at 1 [character 2 line 1]
	at org.json.JSONTokener.syntaxError(JSONTokener.java:507)
	at org.json.JSONObject.<init>(JSONObject.java:222)
	at org.json.JSONObject.<init>(JSONObject.java:406)
	at com.github.catvod.spider.merge.j.a.b(Unknown Source)
	at com.github.catvod.spider.XPath.c(Unknown Source)
	at com.github.catvod.spider.XPath.homeContent(Unknown Source)
	at com.github.catvod.host.SiteHolder.doAction(SiteHolder.java:147)
	at com.github.catvod.host.HttpRouter.handleSpider(HttpRouter.java:274)
	at com.github.catvod.host.HttpRouter.handle(HttpRouter.java:205)
	at jdk.httpserver/com.sun.net.httpserver.Filter$Chain.doFilter(Filter.java:98)
	at jdk.httpserver/sun.net.httpserver.AuthFilter.doFilter(AuthFilter.java:82)
	at jdk.httpserver/com.sun.net.httpserver.Filter$Chain.doFilter(Filter.java:101)
	at jdk.httpserver/sun.net.httpserver.ServerImpl$Exchange$LinkHandler.handle(ServerImpl.java:923)
	at jdk.httpserver/com.sun.net.httpserver.Filter$Chain.doFilter(Filter.java:98)
	at jdk.httpserver/sun.net.httpserver.ServerImpl$Exchange.run(ServerImpl.java:899)
	at java.base/java.util.concurrent.ThreadPoolExecutor.runWorker(ThreadPoolExecutor.java:1144)
	at java.base/java.util.concurrent.ThreadPoolExecutor$Worker.run(ThreadPoolExecutor.java:642)
	at java.base/java.lang.Thread.run(Thread.java:1583)
D/SpiderLog: A JSONObject text must begin with '{' at 1 [character 2 line 1]
org.json.JSONException: A JSONObject text must begin with '{' at 1 [character 2 line 1]
	at org.json.JSONTokener.syntaxError(JSONTokener.java:507)
	at org.json.JSONObject.<init>(JSONObject.java:222)
	at org.json.JSONObject.<init>(JSONObject.java:406)
	at com.github.catvod.spider.merge.j.a.b(Unknown Source)
	at com.github.catvod.spider.XPath.c(Unknown Source)
	at com.github.catvod.spider.XPath.homeContent(Unknown Source)
	at com.github.catvod.host.SiteHolder.doAction(SiteHolder.java:147)
	at com.github.catvod.host.HttpRouter.handleSpider(HttpRouter.java:274)
	at com.github.catvod.host.HttpRouter.handle(HttpRouter.java:205)
	at jdk.httpserver/com.sun.net.httpserver.Filter$Chain.doFilter(Filter.java:98)
	at jdk.httpserver/sun.net.httpserver.AuthFilter.doFilter(AuthFilter.java:82)
	at jdk.httpserver/com.sun.net.httpserver.Filter$Chain.doFilter(Filter.java:101)
	at jdk.httpserver/sun.net.httpserver.ServerImpl$Exchange$LinkHandler.handle(ServerImpl.java:923)
	at jdk.httpserver/com.sun.net.httpserver.Filter$Chain.doFilter(Filter.java:98)
	at jdk.httpserver/sun.net.httpserver.ServerImpl$Exchange.run(ServerImpl.java:899)
	at java.base/java.util.concurrent.ThreadPoolExecutor.runWorker(ThreadPoolExecutor.java:1144)
	at java.base/java.util.concurrent.ThreadPoolExecutor$Worker.run(ThreadPoolExecutor.java:642)
	at java.base/java.lang.Thread.run(Thread.java:1583)
D/SpiderLog: A JSONObject text must begin with '{' at 1 [character 2 line 1]
I/SiteHolder: site csp_xpath_海兔 do=home error: java.lang.NullPointerException: Cannot invoke "com.github.catvod.spider.merge.j.a.e()" because "this.b" is null
2026-09-17 22:38:07.393 [INFO] GET /api/spider/csp_xpath_大师兄 (2ms)
I/SiteHolder: site csp_xpath_555 do=home error: java.lang.NullPointerException: Cannot invoke "com.github.catvod.spider.merge.j.a.e()" because "this.b" is null
org.json.JSONException: A JSONObject text must begin with '{' at 1 [character 2 line 1]
	at org.json.JSONTokener.syntaxError(JSONTokener.java:507)
	at org.json.JSONObject.<init>(JSONObject.java:222)
	at org.json.JSONObject.<init>(JSONObject.java:406)
	at com.github.catvod.spider.merge.j.a.b(Unknown Source)
	at com.github.catvod.spider.XPath.c(Unknown Source)
	at com.github.catvod.spider.XPath.homeContent(Unknown Source)
	at com.github.catvod.host.SiteHolder.doAction(SiteHolder.java:147)
	at com.github.catvod.host.HttpRouter.handleSpider(HttpRouter.java:274)
	at com.github.catvod.host.HttpRouter.handle(HttpRouter.java:205)
	at jdk.httpserver/com.sun.net.httpserver.Filter$Chain.doFilter(Filter.java:98)
	at jdk.httpserver/sun.net.httpserver.AuthFilter.doFilter(AuthFilter.java:82)
	at jdk.httpserver/com.sun.net.httpserver.Filter$Chain.doFilter(Filter.java:101)
	at jdk.httpserver/sun.net.httpserver.ServerImpl$Exchange$LinkHandler.handle(ServerImpl.java:923)
	at jdk.httpserver/com.sun.net.httpserver.Filter$Chain.doFilter(Filter.java:98)
	at jdk.httpserver/sun.net.httpserver.ServerImpl$Exchange.run(ServerImpl.java:899)
	at java.base/java.util.concurrent.ThreadPoolExecutor.runWorker(ThreadPoolExecutor.java:1144)
	at java.base/java.util.concurrent.ThreadPoolExecutor$Worker.run(ThreadPoolExecutor.java:642)
	at java.base/java.lang.Thread.run(Thread.java:1583)
I/SiteHolder: site csp_xpath_飞兔 do=home error: java.lang.NullPointerException: Cannot invoke "com.github.catvod.spider.merge.j.a.e()" because "this.b" is null
2026-09-17 22:38:07.396 [INFO] GET /api/spider/csp_xpath_飞兔 (4ms)
2026-09-17 22:38:07.394 [INFO] GET /api/spider/csp_xpath_555 (3ms)
2026-09-17 22:38:07.395 [INFO] GET /api/spider/csp_xpath_海兔 (3ms)
D/SpiderLog: A JSONObject text must begin with '{' at 1 [character 2 line 1]
org.json.JSONException: A JSONObject text must begin with '{' at 1 [character 2 line 1]
	at org.json.JSONTokener.syntaxError(JSONTokener.java:507)
	at org.json.JSONObject.<init>(JSONObject.java:222)
	at org.json.JSONObject.<init>(JSONObject.java:406)
	at com.github.catvod.spider.merge.j.a.b(Unknown Source)
	at com.github.catvod.spider.XPath.c(Unknown Source)
	at com.github.catvod.spider.XPath.homeContent(Unknown Source)
	at com.github.catvod.host.SiteHolder.doAction(SiteHolder.java:147)
	at com.github.catvod.host.HttpRouter.handleSpider(HttpRouter.java:274)
	at com.github.catvod.host.HttpRouter.handle(HttpRouter.java:205)
	at jdk.httpserver/com.sun.net.httpserver.Filter$Chain.doFilter(Filter.java:98)
	at jdk.httpserver/sun.net.httpserver.AuthFilter.doFilter(AuthFilter.java:82)
	at jdk.httpserver/com.sun.net.httpserver.Filter$Chain.doFilter(Filter.java:101)
	at jdk.httpserver/sun.net.httpserver.ServerImpl$Exchange$LinkHandler.handle(ServerImpl.java:923)
	at jdk.httpserver/com.sun.net.httpserver.Filter$Chain.doFilter(Filter.java:98)
	at jdk.httpserver/sun.net.httpserver.ServerImpl$Exchange.run(ServerImpl.java:899)
	at java.base/java.util.concurrent.ThreadPoolExecutor.runWorker(ThreadPoolExecutor.java:1144)
	at java.base/java.util.concurrent.ThreadPoolExecutor$Worker.run(ThreadPoolExecutor.java:642)
	at java.base/java.lang.Thread.run(Thread.java:1583)
I/SiteHolder: site csp_xpath_飞兔成人 do=home error: java.lang.NullPointerException: Cannot invoke "com.github.catvod.spider.merge.j.a.e()" because "this.b" is null
2026-09-17 22:38:07.404 [INFO] GET /api/spider/csp_xpath_飞兔成人 (5ms)
2026-09-17 22:38:07.407 [INFO] GET /api/spider/本地 (4ms)
2026-09-17 22:38:10.478 [INFO] GET /api/spider/csp_短剧网 (1ms)
2026-09-17 22:38:10.479 [INFO] GET /api/spider/drpy_js_荐片 (2ms)
2026-09-17 22:38:10.482 [INFO] GET /api/spider/陌陌 (1ms)
2026-09-17 22:38:10.482 [INFO] GET /api/spider/Bili (1ms)
2026-09-17 22:38:10.483 [INFO] GET /api/spider/Biliych (1ms)
2026-09-17 22:38:10.485 [INFO] GET /api/spider/配置中心 (1ms)
2026-09-17 22:38:10.486 [INFO] GET /api/spider/csp_KungFu404 (1ms)
2026-09-17 22:38:10.488 [INFO] GET /api/spider/PanSou (1ms)
2026-09-17 22:38:10.489 [INFO] GET /api/spider/UpYun (0ms)
2026-09-17 22:38:10.491 [INFO] GET /api/spider/PanSearch (1ms)
2026-09-17 22:38:10.492 [INFO] GET /api/spider/香蕉资源 (1ms)
2026-09-17 22:38:12.044 [INFO] GET /api/spider/幸资源 (1ms)
2026-09-17 22:38:12.044 [INFO] GET /api/spider/杏吧资源 (1ms)
2026-09-17 22:38:12.048 [INFO] GET /api/spider/ms4nii (1ms)
2026-09-17 22:38:12.050 [INFO] GET /api/spider/KxrbspE (0ms)
2026-09-17 22:38:12.051 [INFO] GET /api/spider/gdlsE (0ms)
2026-09-17 22:38:12.054 [INFO] GET /api/spider/kxgav (0ms)
2026-09-17 22:38:12.055 [INFO] GET /api/spider/zp066 (0ms)
2026-09-17 22:38:12.058 [INFO] GET /api/spider/zp100 (1ms)
2026-09-17 22:38:13.612 [INFO] GET /api/spider/_AIvin (1ms)
2026-09-17 22:38:13.627 [INFO] GET /api/spider/_18__JAV名优 (12ms)
2026-09-17 22:38:13.627 [INFO] GET /api/spider/afasu (0ms)
2026-09-17 22:38:13.628 [INFO] GET /api/spider/KpgxdyE (1ms)
2026-09-17 22:38:13.655 [INFO] GET /api/spider/ap4i156dlyE (1ms)
2026-09-17 22:38:13.656 [INFO] GET /api/spider/pgxdy (0ms)
2026-09-17 22:38:13.656 [INFO] GET /api/spider/大地采集 (0ms)
2026-09-17 22:38:13.659 [INFO] GET /api/spider/zp128 (1ms)
2026-09-17 22:38:21.650 [INFO] GET /api/spider/xrbsp.com (1ms)
2026-09-17 22:38:21.651 [INFO] GET /api/spider/push_agent~2 (0ms)
2026-09-17 22:38:21.651 [INFO] GET /api/spider/push_agent (0ms)
2026-09-17 23:11:11.487 [INFO] GET /api/config (10ms)
2026-09-17 23:11:11.522 [INFO] GET /api/config (2ms)
2026-09-17 23:11:11.569 [INFO] GET /api/spider/demo (2ms)
2026-09-17 23:11:22.805 [INFO] GET /api/spider/cms_lzi (1046ms)
2026-09-17 23:11:24.532 [INFO] GET /api/spider/cms_lzi (371ms)
2026-09-17 23:11:24.605 [INFO] GET /api/spider/demo (1ms)
2026-09-17 23:11:24.605 [INFO] GET /api/spider/smoke (1ms)
2026-09-17 23:11:24.621 [INFO] GET /api/spider/苹果 (2ms)
2026-09-17 23:11:26.030 [INFO] GET /api/spider/cms_lzi (1ms)
D/SpiderLog: A JSONObject text must begin with '{' at 1 [character 2 line 1]
org.json.JSONException: A JSONObject text must begin with '{' at 1 [character 2 line 1]
	at org.json.JSONTokener.syntaxError(JSONTokener.java:507)
	at org.json.JSONObject.<init>(JSONObject.java:222)
	at org.json.JSONObject.<init>(JSONObject.java:406)
	at com.github.catvod.spider.merge.j.a.b(Unknown Source)
	at com.github.catvod.spider.XPath.c(Unknown Source)
	at com.github.catvod.spider.XPath.searchContent(Unknown Source)
	at com.github.catvod.crawler.Spider.searchContent(Spider.java:77)
	at com.github.catvod.host.SiteHolder.doAction(SiteHolder.java:161)
	at com.github.catvod.host.HttpRouter.handleSpider(HttpRouter.java:274)
	at com.github.catvod.host.HttpRouter.handle(HttpRouter.java:205)
	at jdk.httpserver/com.sun.net.httpserver.Filter$Chain.doFilter(Filter.java:98)
	at jdk.httpserver/sun.net.httpserver.AuthFilter.doFilter(AuthFilter.java:82)
	at jdk.httpserver/com.sun.net.httpserver.Filter$Chain.doFilter(Filter.java:101)
	at jdk.httpserver/sun.net.httpserver.ServerImpl$Exchange$LinkHandler.handle(ServerImpl.java:923)
	at jdk.httpserver/com.sun.net.httpserver.Filter$Chain.doFilter(Filter.java:98)
	at jdk.httpserver/sun.net.httpserver.ServerImpl$Exchange.run(ServerImpl.java:899)
	at java.base/java.util.concurrent.ThreadPoolExecutor.runWorker(ThreadPoolExecutor.java:1144)
	at java.base/java.util.concurrent.ThreadPoolExecutor$Worker.run(ThreadPoolExecutor.java:642)
	at java.base/java.lang.Thread.run(Thread.java:1583)
I/SiteHolder: site csp_xpath_saohuotv do=search error: java.lang.NullPointerException: Cannot invoke "com.github.catvod.spider.merge.j.a.k0()" because "this.b" is null
2026-09-17 23:11:26.063 [INFO] GET /api/spider/csp_xpath_saohuotv (6ms)
D/SpiderLog: A JSONObject text must begin with '{' at 1 [character 2 line 1]
org.json.JSONException: A JSONObject text must begin with '{' at 1 [character 2 line 1]
	at org.json.JSONTokener.syntaxError(JSONTokener.java:507)
	at org.json.JSONObject.<init>(JSONObject.java:222)
	at org.json.JSONObject.<init>(JSONObject.java:406)
	at com.github.catvod.spider.merge.j.a.b(Unknown Source)
	at com.github.catvod.spider.XPath.c(Unknown Source)
	at com.github.catvod.spider.XPath.searchContent(Unknown Source)
	at com.github.catvod.crawler.Spider.searchContent(Spider.java:77)
	at com.github.catvod.host.SiteHolder.doAction(SiteHolder.java:161)
	at com.github.catvod.host.HttpRouter.handleSpider(HttpRouter.java:274)
	at com.github.catvod.host.HttpRouter.handle(HttpRouter.java:205)
	at jdk.httpserver/com.sun.net.httpserver.Filter$Chain.doFilter(Filter.java:98)
	at jdk.httpserver/sun.net.httpserver.AuthFilter.doFilter(AuthFilter.java:82)
	at jdk.httpserver/com.sun.net.httpserver.Filter$Chain.doFilter(Filter.java:101)
	at jdk.httpserver/sun.net.httpserver.ServerImpl$Exchange$LinkHandler.handle(ServerImpl.java:923)
	at jdk.httpserver/com.sun.net.httpserver.Filter$Chain.doFilter(Filter.java:98)
	at jdk.httpserver/sun.net.httpserver.ServerImpl$Exchange.run(ServerImpl.java:899)
	at java.base/java.util.concurrent.ThreadPoolExecutor.runWorker(ThreadPoolExecutor.java:1144)
	at java.base/java.util.concurrent.ThreadPoolExecutor$Worker.run(ThreadPoolExecutor.java:642)
	at java.base/java.lang.Thread.run(Thread.java:1583)
I/SiteHolder: site csp_xpath_大师兄 do=search error: java.lang.NullPointerException: Cannot invoke "com.github.catvod.spider.merge.j.a.k0()" because "this.b" is null
D/SpiderLog: A JSONObject text must begin with '{' at 1 [character 2 line 1]
org.json.JSONException: A JSONObject text must begin with '{' at 1 [character 2 line 1]
	at org.json.JSONTokener.syntaxError(JSONTokener.java:507)
	at org.json.JSONObject.<init>(JSONObject.java:222)
	at org.json.JSONObject.<init>(JSONObject.java:406)
	at com.github.catvod.spider.merge.j.a.b(Unknown Source)
	at com.github.catvod.spider.XPath.c(Unknown Source)
	at com.github.catvod.spider.XPath.searchContent(Unknown Source)
	at com.github.catvod.crawler.Spider.searchContent(Spider.java:77)
	at com.github.catvod.host.SiteHolder.doAction(SiteHolder.java:161)
	at com.github.catvod.host.HttpRouter.handleSpider(HttpRouter.java:274)
	at com.github.catvod.host.HttpRouter.handle(HttpRouter.java:205)
	at jdk.httpserver/com.sun.net.httpserver.Filter$Chain.doFilter(Filter.java:98)
	at jdk.httpserver/sun.net.httpserver.AuthFilter.doFilter(AuthFilter.java:82)
	at jdk.httpserver/com.sun.net.httpserver.Filter$Chain.doFilter(Filter.java:101)
	at jdk.httpserver/sun.net.httpserver.ServerImpl$Exchange$LinkHandler.handle(ServerImpl.java:923)
	at jdk.httpserver/com.sun.net.httpserver.Filter$Chain.doFilter(Filter.java:98)
	at jdk.httpserver/sun.net.httpserver.ServerImpl$Exchange.run(ServerImpl.java:899)
	at java.base/java.util.concurrent.ThreadPoolExecutor.runWorker(ThreadPoolExecutor.java:1144)
	at java.base/java.util.concurrent.ThreadPoolExecutor$Worker.run(ThreadPoolExecutor.java:642)
	at java.base/java.lang.Thread.run(Thread.java:1583)
I/SiteHolder: site csp_xpath_555 do=search error: java.lang.NullPointerException: Cannot invoke "com.github.catvod.spider.merge.j.a.k0()" because "this.b" is null
D/SpiderLog: A JSONObject text must begin with '{' at 1 [character 2 line 1]
org.json.JSONException: A JSONObject text must begin with '{' at 1 [character 2 line 1]
	at org.json.JSONTokener.syntaxError(JSONTokener.java:507)
	at org.json.JSONObject.<init>(JSONObject.java:222)
	at org.json.JSONObject.<init>(JSONObject.java:406)
	at com.github.catvod.spider.merge.j.a.b(Unknown Source)
	at com.github.catvod.spider.XPath.c(Unknown Source)
	at com.github.catvod.spider.XPath.searchContent(Unknown Source)
	at com.github.catvod.crawler.Spider.searchContent(Spider.java:77)
	at com.github.catvod.host.SiteHolder.doAction(SiteHolder.java:161)
	at com.github.catvod.host.HttpRouter.handleSpider(HttpRouter.java:274)
	at com.github.catvod.host.HttpRouter.handle(HttpRouter.java:205)
	at jdk.httpserver/com.sun.net.httpserver.Filter$Chain.doFilter(Filter.java:98)
	at jdk.httpserver/sun.net.httpserver.AuthFilter.doFilter(AuthFilter.java:82)
	at jdk.httpserver/com.sun.net.httpserver.Filter$Chain.doFilter(Filter.java:101)
	at jdk.httpserver/sun.net.httpserver.ServerImpl$Exchange$LinkHandler.handle(ServerImpl.java:923)
	at jdk.httpserver/com.sun.net.httpserver.Filter$Chain.doFilter(Filter.java:98)
	at jdk.httpserver/sun.net.httpserver.ServerImpl$Exchange.run(ServerImpl.java:899)
	at java.base/java.util.concurrent.ThreadPoolExecutor.runWorker(ThreadPoolExecutor.java:1144)
	at java.base/java.util.concurrent.ThreadPoolExecutor$Worker.run(ThreadPoolExecutor.java:642)
	at java.base/java.lang.Thread.run(Thread.java:1583)
2026-09-17 23:11:36.083 [INFO] GET /api/spider/csp_xpath_大师兄 (5ms)
2026-09-17 23:11:36.083 [INFO] GET /api/spider/csp_xpath_555 (5ms)
I/SiteHolder: site csp_xpath_海兔 do=search error: java.lang.NullPointerException: Cannot invoke "com.github.catvod.spider.merge.j.a.k0()" because "this.b" is null
2026-09-17 23:11:36.085 [INFO] GET /api/spider/csp_xpath_海兔 (6ms)
D/SpiderLog: A JSONObject text must begin with '{' at 1 [character 2 line 1]
org.json.JSONException: A JSONObject text must begin with '{' at 1 [character 2 line 1]
	at org.json.JSONTokener.syntaxError(JSONTokener.java:507)
	at org.json.JSONObject.<init>(JSONObject.java:222)
	at org.json.JSONObject.<init>(JSONObject.java:406)
	at com.github.catvod.spider.merge.j.a.b(Unknown Source)
	at com.github.catvod.spider.XPath.c(Unknown Source)
	at com.github.catvod.spider.XPath.searchContent(Unknown Source)
	at com.github.catvod.crawler.Spider.searchContent(Spider.java:77)
	at com.github.catvod.host.SiteHolder.doAction(SiteHolder.java:161)
	at com.github.catvod.host.HttpRouter.handleSpider(HttpRouter.java:274)
	at com.github.catvod.host.HttpRouter.handle(HttpRouter.java:205)
	at jdk.httpserver/com.sun.net.httpserver.Filter$Chain.doFilter(Filter.java:98)
	at jdk.httpserver/sun.net.httpserver.AuthFilter.doFilter(AuthFilter.java:82)
	at jdk.httpserver/com.sun.net.httpserver.Filter$Chain.doFilter(Filter.java:101)
	at jdk.httpserver/sun.net.httpserver.ServerImpl$Exchange$LinkHandler.handle(ServerImpl.java:923)
	at jdk.httpserver/com.sun.net.httpserver.Filter$Chain.doFilter(Filter.java:98)
	at jdk.httpserver/sun.net.httpserver.ServerImpl$Exchange.run(ServerImpl.java:899)
	at java.base/java.util.concurrent.ThreadPoolExecutor.runWorker(ThreadPoolExecutor.java:1144)
	at java.base/java.util.concurrent.ThreadPoolExecutor$Worker.run(ThreadPoolExecutor.java:642)
	at java.base/java.lang.Thread.run(Thread.java:1583)
I/SiteHolder: site csp_xpath_飞兔 do=search error: java.lang.NullPointerException: Cannot invoke "com.github.catvod.spider.merge.j.a.k0()" because "this.b" is null
2026-09-17 23:11:36.090 [INFO] GET /api/spider/csp_xpath_飞兔 (1ms)
D/SpiderLog: A JSONObject text must begin with '{' at 1 [character 2 line 1]
org.json.JSONException: A JSONObject text must begin with '{' at 1 [character 2 line 1]
	at org.json.JSONTokener.syntaxError(JSONTokener.java:507)
	at org.json.JSONObject.<init>(JSONObject.java:222)
	at org.json.JSONObject.<init>(JSONObject.java:406)
	at com.github.catvod.spider.merge.j.a.b(Unknown Source)
	at com.github.catvod.spider.XPath.c(Unknown Source)
	at com.github.catvod.spider.XPath.searchContent(Unknown Source)
	at com.github.catvod.crawler.Spider.searchContent(Spider.java:77)
	at com.github.catvod.host.SiteHolder.doAction(SiteHolder.java:161)
	at com.github.catvod.host.HttpRouter.handleSpider(HttpRouter.java:274)
	at com.github.catvod.host.HttpRouter.handle(HttpRouter.java:205)
	at jdk.httpserver/com.sun.net.httpserver.Filter$Chain.doFilter(Filter.java:98)
	at jdk.httpserver/sun.net.httpserver.AuthFilter.doFilter(AuthFilter.java:82)
	at jdk.httpserver/com.sun.net.httpserver.Filter$Chain.doFilter(Filter.java:101)
	at jdk.httpserver/sun.net.httpserver.ServerImpl$Exchange$LinkHandler.handle(ServerImpl.java:923)
	at jdk.httpserver/com.sun.net.httpserver.Filter$Chain.doFilter(Filter.java:98)
	at jdk.httpserver/sun.net.httpserver.ServerImpl$Exchange.run(ServerImpl.java:899)
	at java.base/java.util.concurrent.ThreadPoolExecutor.runWorker(ThreadPoolExecutor.java:1144)
	at java.base/java.util.concurrent.ThreadPoolExecutor$Worker.run(ThreadPoolExecutor.java:642)
	at java.base/java.lang.Thread.run(Thread.java:1583)
I/SiteHolder: site csp_xpath_飞兔成人 do=search error: java.lang.NullPointerException: Cannot invoke "com.github.catvod.spider.merge.j.a.k0()" because "this.b" is null
2026-09-17 23:11:36.095 [INFO] GET /api/spider/csp_xpath_飞兔成人 (2ms)
2026-09-17 23:11:39.994 [INFO] GET /api/spider/陌陌 (0ms)
2026-09-17 23:11:39.995 [INFO] GET /api/spider/csp_KungFu404 (3ms)
2026-09-17 23:11:39.995 [INFO] GET /api/spider/csp_短剧网 (3ms)
2026-09-17 23:11:39.996 [INFO] GET /api/spider/Bili (1ms)
2026-09-17 23:11:39.996 [INFO] GET /api/spider/Biliych (1ms)
2026-09-17 23:11:39.996 [INFO] GET /api/spider/PanSou (0ms)
2026-09-17 23:11:40.023 [INFO] GET /api/spider/UpYun (1ms)
2026-09-17 23:11:40.026 [INFO] GET /api/spider/PanSearch (1ms)
2026-09-17 23:11:50.075 [INFO] GET /api/spider/push_agent~2 (3ms)
2026-09-17 23:12:41.518 [INFO] GET /api/spider/cms_lzi (3ms)
2026-09-17 23:13:07.607 [INFO] GET /api/spider/demo (2ms)
2026-09-17 23:13:07.628 [INFO] GET /api/spider/smoke (2ms)
2026-09-17 23:13:08.329 [INFO] GET /api/spider/cms_lzi (683ms)
2026-09-17 23:13:16.140 [INFO] GET /api/spider/cms_wujin (7684ms)
2026-09-17 23:13:16.229 [INFO] GET /api/spider/csp_douban (1ms)
2026-09-17 23:13:16.259 [INFO] GET /api/spider/苹果 (1ms)
D/SpiderLog: A JSONObject text must begin with '{' at 1 [character 2 line 1]
org.json.JSONException: A JSONObject text must begin with '{' at 1 [character 2 line 1]
	at org.json.JSONTokener.syntaxError(JSONTokener.java:507)
	at org.json.JSONObject.<init>(JSONObject.java:222)
	at org.json.JSONObject.<init>(JSONObject.java:406)
	at com.github.catvod.spider.merge.j.a.b(Unknown Source)
	at com.github.catvod.spider.XPath.c(Unknown Source)
	at com.github.catvod.spider.XPath.homeContent(Unknown Source)
	at com.github.catvod.host.SiteHolder.doAction(SiteHolder.java:147)
	at com.github.catvod.host.HttpRouter.handleSpider(HttpRouter.java:274)
	at com.github.catvod.host.HttpRouter.handle(HttpRouter.java:205)
	at jdk.httpserver/com.sun.net.httpserver.Filter$Chain.doFilter(Filter.java:98)
	at jdk.httpserver/sun.net.httpserver.AuthFilter.doFilter(AuthFilter.java:82)
	at jdk.httpserver/com.sun.net.httpserver.Filter$Chain.doFilter(Filter.java:101)
	at jdk.httpserver/sun.net.httpserver.ServerImpl$Exchange$LinkHandler.handle(ServerImpl.java:923)
	at jdk.httpserver/com.sun.net.httpserver.Filter$Chain.doFilter(Filter.java:98)
	at jdk.httpserver/sun.net.httpserver.ServerImpl$Exchange.run(ServerImpl.java:899)
	at java.base/java.util.concurrent.ThreadPoolExecutor.runWorker(ThreadPoolExecutor.java:1144)
	at java.base/java.util.concurrent.ThreadPoolExecutor$Worker.run(ThreadPoolExecutor.java:642)
	at java.base/java.lang.Thread.run(Thread.java:1583)
I/SiteHolder: site csp_xpath_saohuotv do=home error: java.lang.NullPointerException: Cannot invoke "com.github.catvod.spider.merge.j.a.e()" because "this.b" is null
2026-09-17 23:13:44.150 [INFO] GET /api/spider/csp_xpath_saohuotv (5ms)
D/SpiderLog: A JSONObject text must begin with '{' at 1 [character 2 line 1]
org.json.JSONException: A JSONObject text must begin with '{' at 1 [character 2 line 1]
	at org.json.JSONTokener.syntaxError(JSONTokener.java:507)
	at org.json.JSONObject.<init>(JSONObject.java:222)
	at org.json.JSONObject.<init>(JSONObject.java:406)
	at com.github.catvod.spider.merge.j.a.b(Unknown Source)
	at com.github.catvod.spider.XPath.c(Unknown Source)
	at com.github.catvod.spider.XPath.homeContent(Unknown Source)
	at com.github.catvod.host.SiteHolder.doAction(SiteHolder.java:147)
	at com.github.catvod.host.HttpRouter.handleSpider(HttpRouter.java:274)
	at com.github.catvod.host.HttpRouter.handle(HttpRouter.java:205)
	at jdk.httpserver/com.sun.net.httpserver.Filter$Chain.doFilter(Filter.java:98)
	at jdk.httpserver/sun.net.httpserver.AuthFilter.doFilter(AuthFilter.java:82)
	at jdk.httpserver/com.sun.net.httpserver.Filter$Chain.doFilter(Filter.java:101)
	at jdk.httpserver/sun.net.httpserver.ServerImpl$Exchange$LinkHandler.handle(ServerImpl.java:923)
	at jdk.httpserver/com.sun.net.httpserver.Filter$Chain.doFilter(Filter.java:98)
	at jdk.httpserver/sun.net.httpserver.ServerImpl$Exchange.run(ServerImpl.java:899)
	at java.base/java.util.concurrent.ThreadPoolExecutor.runWorker(ThreadPoolExecutor.java:1144)
	at java.base/java.util.concurrent.ThreadPoolExecutor$Worker.run(ThreadPoolExecutor.java:642)
	at java.base/java.lang.Thread.run(Thread.java:1583)
I/SiteHolder: site csp_xpath_大师兄 do=home error: java.lang.NullPointerException: Cannot invoke "com.github.catvod.spider.merge.j.a.e()" because "this.b" is null
2026-09-17 23:13:47.413 [INFO] GET /api/spider/csp_xpath_大师兄 (1ms)
D/SpiderLog: A JSONObject text must begin with '{' at 1 [character 2 line 1]
org.json.JSONException: A JSONObject text must begin with '{' at 1 [character 2 line 1]
	at org.json.JSONTokener.syntaxError(JSONTokener.java:507)
	at org.json.JSONObject.<init>(JSONObject.java:222)
	at org.json.JSONObject.<init>(JSONObject.java:406)
	at com.github.catvod.spider.merge.j.a.b(Unknown Source)
	at com.github.catvod.spider.XPath.c(Unknown Source)
	at com.github.catvod.spider.XPath.homeContent(Unknown Source)
	at com.github.catvod.host.SiteHolder.doAction(SiteHolder.java:147)
	at com.github.catvod.host.HttpRouter.handleSpider(HttpRouter.java:274)
	at com.github.catvod.host.HttpRouter.handle(HttpRouter.java:205)
	at jdk.httpserver/com.sun.net.httpserver.Filter$Chain.doFilter(Filter.java:98)
	at jdk.httpserver/sun.net.httpserver.AuthFilter.doFilter(AuthFilter.java:82)
	at jdk.httpserver/com.sun.net.httpserver.Filter$Chain.doFilter(Filter.java:101)
	at jdk.httpserver/sun.net.httpserver.ServerImpl$Exchange$LinkHandler.handle(ServerImpl.java:923)
	at jdk.httpserver/com.sun.net.httpserver.Filter$Chain.doFilter(Filter.java:98)
	at jdk.httpserver/sun.net.httpserver.ServerImpl$Exchange.run(ServerImpl.java:899)
	at java.base/java.util.concurrent.ThreadPoolExecutor.runWorker(ThreadPoolExecutor.java:1144)
	at java.base/java.util.concurrent.ThreadPoolExecutor$Worker.run(ThreadPoolExecutor.java:642)
	at java.base/java.lang.Thread.run(Thread.java:1583)
I/SiteHolder: site csp_xpath_555 do=home error: java.lang.NullPointerException: Cannot invoke "com.github.catvod.spider.merge.j.a.e()" because "this.b" is null
2026-09-17 23:13:47.437 [INFO] GET /api/spider/csp_xpath_555 (2ms)
D/SpiderLog: A JSONObject text must begin with '{' at 1 [character 2 line 1]
org.json.JSONException: A JSONObject text must begin with '{' at 1 [character 2 line 1]
	at org.json.JSONTokener.syntaxError(JSONTokener.java:507)
	at org.json.JSONObject.<init>(JSONObject.java:222)
	at org.json.JSONObject.<init>(JSONObject.java:406)
	at com.github.catvod.spider.merge.j.a.b(Unknown Source)
	at com.github.catvod.spider.XPath.c(Unknown Source)
	at com.github.catvod.spider.XPath.homeContent(Unknown Source)
	at com.github.catvod.host.SiteHolder.doAction(SiteHolder.java:147)
	at com.github.catvod.host.HttpRouter.handleSpider(HttpRouter.java:274)
	at com.github.catvod.host.HttpRouter.handle(HttpRouter.java:205)
	at jdk.httpserver/com.sun.net.httpserver.Filter$Chain.doFilter(Filter.java:98)
	at jdk.httpserver/sun.net.httpserver.AuthFilter.doFilter(AuthFilter.java:82)
	at jdk.httpserver/com.sun.net.httpserver.Filter$Chain.doFilter(Filter.java:101)
	at jdk.httpserver/sun.net.httpserver.ServerImpl$Exchange$LinkHandler.handle(ServerImpl.java:923)
	at jdk.httpserver/com.sun.net.httpserver.Filter$Chain.doFilter(Filter.java:98)
	at jdk.httpserver/sun.net.httpserver.ServerImpl$Exchange.run(ServerImpl.java:899)
	at java.base/java.util.concurrent.ThreadPoolExecutor.runWorker(ThreadPoolExecutor.java:1144)
	at java.base/java.util.concurrent.ThreadPoolExecutor$Worker.run(ThreadPoolExecutor.java:642)
	at java.base/java.lang.Thread.run(Thread.java:1583)
I/SiteHolder: site csp_xpath_海兔 do=home error: java.lang.NullPointerException: Cannot invoke "com.github.catvod.spider.merge.j.a.e()" because "this.b" is null
2026-09-17 23:13:47.495 [INFO] GET /api/spider/csp_xpath_海兔 (2ms)
D/SpiderLog: A JSONObject text must begin with '{' at 1 [character 2 line 1]
org.json.JSONException: A JSONObject text must begin with '{' at 1 [character 2 line 1]
	at org.json.JSONTokener.syntaxError(JSONTokener.java:507)
	at org.json.JSONObject.<init>(JSONObject.java:222)
	at org.json.JSONObject.<init>(JSONObject.java:406)
	at com.github.catvod.spider.merge.j.a.b(Unknown Source)
	at com.github.catvod.spider.XPath.c(Unknown Source)
	at com.github.catvod.spider.XPath.homeContent(Unknown Source)
	at com.github.catvod.host.SiteHolder.doAction(SiteHolder.java:147)
	at com.github.catvod.host.HttpRouter.handleSpider(HttpRouter.java:274)
	at com.github.catvod.host.HttpRouter.handle(HttpRouter.java:205)
	at jdk.httpserver/com.sun.net.httpserver.Filter$Chain.doFilter(Filter.java:98)
	at jdk.httpserver/sun.net.httpserver.AuthFilter.doFilter(AuthFilter.java:82)
	at jdk.httpserver/com.sun.net.httpserver.Filter$Chain.doFilter(Filter.java:101)
	at jdk.httpserver/sun.net.httpserver.ServerImpl$Exchange$LinkHandler.handle(ServerImpl.java:923)
	at jdk.httpserver/com.sun.net.httpserver.Filter$Chain.doFilter(Filter.java:98)
	at jdk.httpserver/sun.net.httpserver.ServerImpl$Exchange.run(ServerImpl.java:899)
	at java.base/java.util.concurrent.ThreadPoolExecutor.runWorker(ThreadPoolExecutor.java:1144)
	at java.base/java.util.concurrent.ThreadPoolExecutor$Worker.run(ThreadPoolExecutor.java:642)
	at java.base/java.lang.Thread.run(Thread.java:1583)
I/SiteHolder: site csp_xpath_飞兔 do=home error: java.lang.NullPointerException: Cannot invoke "com.github.catvod.spider.merge.j.a.e()" because "this.b" is null
2026-09-17 23:13:47.517 [INFO] GET /api/spider/csp_xpath_飞兔 (2ms)
D/SpiderLog: A JSONObject text must begin with '{' at 1 [character 2 line 1]
org.json.JSONException: A JSONObject text must begin with '{' at 1 [character 2 line 1]
	at org.json.JSONTokener.syntaxError(JSONTokener.java:507)
	at org.json.JSONObject.<init>(JSONObject.java:222)
	at org.json.JSONObject.<init>(JSONObject.java:406)
	at com.github.catvod.spider.merge.j.a.b(Unknown Source)
	at com.github.catvod.spider.XPath.c(Unknown Source)
	at com.github.catvod.spider.XPath.homeContent(Unknown Source)
	at com.github.catvod.host.SiteHolder.doAction(SiteHolder.java:147)
	at com.github.catvod.host.HttpRouter.handleSpider(HttpRouter.java:274)
	at com.github.catvod.host.HttpRouter.handle(HttpRouter.java:205)
	at jdk.httpserver/com.sun.net.httpserver.Filter$Chain.doFilter(Filter.java:98)
	at jdk.httpserver/sun.net.httpserver.AuthFilter.doFilter(AuthFilter.java:82)
	at jdk.httpserver/com.sun.net.httpserver.Filter$Chain.doFilter(Filter.java:101)
	at jdk.httpserver/sun.net.httpserver.ServerImpl$Exchange$LinkHandler.handle(ServerImpl.java:923)
	at jdk.httpserver/com.sun.net.httpserver.Filter$Chain.doFilter(Filter.java:98)
	at jdk.httpserver/sun.net.httpserver.ServerImpl$Exchange.run(ServerImpl.java:899)
	at java.base/java.util.concurrent.ThreadPoolExecutor.runWorker(ThreadPoolExecutor.java:1144)
	at java.base/java.util.concurrent.ThreadPoolExecutor$Worker.run(ThreadPoolExecutor.java:642)
	at java.base/java.lang.Thread.run(Thread.java:1583)
I/SiteHolder: site csp_xpath_飞兔成人 do=home error: java.lang.NullPointerException: Cannot invoke "com.github.catvod.spider.merge.j.a.e()" because "this.b" is null
2026-09-17 23:13:47.540 [INFO] GET /api/spider/csp_xpath_飞兔成人 (2ms)
2026-09-17 23:13:47.609 [INFO] GET /api/spider/本地 (4ms)
2026-09-17 23:13:50.250 [INFO] GET /api/spider/csp_短剧网 (1ms)
2026-09-17 23:13:50.280 [INFO] GET /api/spider/陌陌 (0ms)
2026-09-17 23:13:50.298 [INFO] GET /api/spider/Bili (0ms)
2026-09-17 23:13:50.352 [INFO] GET /api/spider/Biliych (1ms)
2026-09-17 23:13:50.377 [INFO] GET /api/spider/csp_KungFu404 (1ms)
2026-09-17 23:13:50.399 [INFO] GET /api/spider/配置中心 (1ms)
2026-09-17 23:13:50.541 [INFO] GET /api/spider/PanSou (1ms)
2026-09-17 23:13:50.574 [INFO] GET /api/spider/UpYun (1ms)
2026-09-17 23:13:50.593 [INFO] GET /api/spider/PanSearch (1ms)
2026-09-17 23:14:23.664 [INFO] GET /api/spider/demo (4ms)
2026-09-17 23:14:23.668 [INFO] GET /api/spider/smoke (1ms)
2026-09-17 23:14:23.679 [INFO] GET /api/spider/苹果 (3ms)
2026-09-17 23:14:24.383 [INFO] GET /api/spider/cms_lzi (707ms)
D/SpiderLog: A JSONObject text must begin with '{' at 1 [character 2 line 1]
org.json.JSONException: A JSONObject text must begin with '{' at 1 [character 2 line 1]
	at org.json.JSONTokener.syntaxError(JSONTokener.java:507)
	at org.json.JSONObject.<init>(JSONObject.java:222)
	at org.json.JSONObject.<init>(JSONObject.java:406)
	at com.github.catvod.spider.merge.j.a.b(Unknown Source)
	at com.github.catvod.spider.XPath.c(Unknown Source)
	at com.github.catvod.spider.XPath.searchContent(Unknown Source)
	at com.github.catvod.crawler.Spider.searchContent(Spider.java:77)
	at com.github.catvod.host.SiteHolder.doAction(SiteHolder.java:161)
	at com.github.catvod.host.HttpRouter.handleSpider(HttpRouter.java:274)
	at com.github.catvod.host.HttpRouter.handle(HttpRouter.java:205)
	at jdk.httpserver/com.sun.net.httpserver.Filter$Chain.doFilter(Filter.java:98)
	at jdk.httpserver/sun.net.httpserver.AuthFilter.doFilter(AuthFilter.java:82)
	at jdk.httpserver/com.sun.net.httpserver.Filter$Chain.doFilter(Filter.java:101)
	at jdk.httpserver/sun.net.httpserver.ServerImpl$Exchange$LinkHandler.handle(ServerImpl.java:923)
	at jdk.httpserver/com.sun.net.httpserver.Filter$Chain.doFilter(Filter.java:98)
	at jdk.httpserver/sun.net.httpserver.ServerImpl$Exchange.run(ServerImpl.java:899)
	at java.base/java.util.concurrent.ThreadPoolExecutor.runWorker(ThreadPoolExecutor.java:1144)
	at java.base/java.util.concurrent.ThreadPoolExecutor$Worker.run(ThreadPoolExecutor.java:642)
	at java.base/java.lang.Thread.run(Thread.java:1583)
I/SiteHolder: site csp_xpath_saohuotv do=search error: java.lang.NullPointerException: Cannot invoke "com.github.catvod.spider.merge.j.a.k0()" because "this.b" is null
2026-09-17 23:14:27.430 [INFO] GET /api/spider/csp_xpath_saohuotv (2ms)
D/SpiderLog: A JSONObject text must begin with '{' at 1 [character 2 line 1]
D/SpiderLog: A JSONObject text must begin with '{' at 1 [character 2 line 1]
D/SpiderLog: A JSONObject text must begin with '{' at 1 [character 2 line 1]
org.json.JSONException: A JSONObject text must begin with '{' at 1 [character 2 line 1]
	at org.json.JSONTokener.syntaxError(JSONTokener.java:507)
	at org.json.JSONObject.<init>(JSONObject.java:222)
	at org.json.JSONObject.<init>(JSONObject.java:406)
	at com.github.catvod.spider.merge.j.a.b(Unknown Source)
	at com.github.catvod.spider.XPath.c(Unknown Source)
	at com.github.catvod.spider.XPath.searchContent(Unknown Source)
	at com.github.catvod.crawler.Spider.searchContent(Spider.java:77)
	at com.github.catvod.host.SiteHolder.doAction(SiteHolder.java:161)
	at com.github.catvod.host.HttpRouter.handleSpider(HttpRouter.java:274)
	at com.github.catvod.host.HttpRouter.handle(HttpRouter.java:205)
	at jdk.httpserver/com.sun.net.httpserver.Filter$Chain.doFilter(Filter.java:98)
	at jdk.httpserver/sun.net.httpserver.AuthFilter.doFilter(AuthFilter.java:82)
	at jdk.httpserver/com.sun.net.httpserver.Filter$Chain.doFilter(Filter.java:101)
	at jdk.httpserver/sun.net.httpserver.ServerImpl$Exchange$LinkHandler.handle(ServerImpl.java:923)
	at jdk.httpserver/com.sun.net.httpserver.Filter$Chain.doFilter(Filter.java:98)
	at jdk.httpserver/sun.net.httpserver.ServerImpl$Exchange.run(ServerImpl.java:899)
	at java.base/java.util.concurrent.ThreadPoolExecutor.runWorker(ThreadPoolExecutor.java:1144)
	at java.base/java.util.concurrent.ThreadPoolExecutor$Worker.run(ThreadPoolExecutor.java:642)
	at java.base/java.lang.Thread.run(Thread.java:1583)
D/SpiderLog: A JSONObject text must begin with '{' at 1 [character 2 line 1]
org.json.JSONException: A JSONObject text must begin with '{' at 1 [character 2 line 1]
	at org.json.JSONTokener.syntaxError(JSONTokener.java:507)
	at org.json.JSONObject.<init>(JSONObject.java:222)
	at org.json.JSONObject.<init>(JSONObject.java:406)
	at com.github.catvod.spider.merge.j.a.b(Unknown Source)
	at com.github.catvod.spider.XPath.c(Unknown Source)
	at com.github.catvod.spider.XPath.searchContent(Unknown Source)
	at com.github.catvod.crawler.Spider.searchContent(Spider.java:77)
	at com.github.catvod.host.SiteHolder.doAction(SiteHolder.java:161)
	at com.github.catvod.host.HttpRouter.handleSpider(HttpRouter.java:274)
	at com.github.catvod.host.HttpRouter.handle(HttpRouter.java:205)
	at jdk.httpserver/com.sun.net.httpserver.Filter$Chain.doFilter(Filter.java:98)
	at jdk.httpserver/sun.net.httpserver.AuthFilter.doFilter(AuthFilter.java:82)
	at jdk.httpserver/com.sun.net.httpserver.Filter$Chain.doFilter(Filter.java:101)
	at jdk.httpserver/sun.net.httpserver.ServerImpl$Exchange$LinkHandler.handle(ServerImpl.java:923)
	at jdk.httpserver/com.sun.net.httpserver.Filter$Chain.doFilter(Filter.java:98)
	at jdk.httpserver/sun.net.httpserver.ServerImpl$Exchange.run(ServerImpl.java:899)
	at java.base/java.util.concurrent.ThreadPoolExecutor.runWorker(ThreadPoolExecutor.java:1144)
	at java.base/java.util.concurrent.ThreadPoolExecutor$Worker.run(ThreadPoolExecutor.java:642)
	at java.base/java.lang.Thread.run(Thread.java:1583)
org.json.JSONException: A JSONObject text must begin with '{' at 1 [character 2 line 1]
	at org.json.JSONTokener.syntaxError(JSONTokener.java:507)
	at org.json.JSONObject.<init>(JSONObject.java:222)
	at org.json.JSONObject.<init>(JSONObject.java:406)
	at com.github.catvod.spider.merge.j.a.b(Unknown Source)
	at com.github.catvod.spider.XPath.c(Unknown Source)
	at com.github.catvod.spider.XPath.searchContent(Unknown Source)
	at com.github.catvod.crawler.Spider.searchContent(Spider.java:77)
	at com.github.catvod.host.SiteHolder.doAction(SiteHolder.java:161)
	at com.github.catvod.host.HttpRouter.handleSpider(HttpRouter.java:274)
	at com.github.catvod.host.HttpRouter.handle(HttpRouter.java:205)
	at jdk.httpserver/com.sun.net.httpserver.Filter$Chain.doFilter(Filter.java:98)
	at jdk.httpserver/sun.net.httpserver.AuthFilter.doFilter(AuthFilter.java:82)
	at jdk.httpserver/com.sun.net.httpserver.Filter$Chain.doFilter(Filter.java:101)
	at jdk.httpserver/sun.net.httpserver.ServerImpl$Exchange$LinkHandler.handle(ServerImpl.java:923)
	at jdk.httpserver/com.sun.net.httpserver.Filter$Chain.doFilter(Filter.java:98)
	at jdk.httpserver/sun.net.httpserver.ServerImpl$Exchange.run(ServerImpl.java:899)
	at java.base/java.util.concurrent.ThreadPoolExecutor.runWorker(ThreadPoolExecutor.java:1144)
	at java.base/java.util.concurrent.ThreadPoolExecutor$Worker.run(ThreadPoolExecutor.java:642)
	at java.base/java.lang.Thread.run(Thread.java:1583)
org.json.JSONException: A JSONObject text must begin with '{' at 1 [character 2 line 1]
	at org.json.JSONTokener.syntaxError(JSONTokener.java:507)
	at org.json.JSONObject.<init>(JSONObject.java:222)
	at org.json.JSONObject.<init>(JSONObject.java:406)
	at com.github.catvod.spider.merge.j.a.b(Unknown Source)
	at com.github.catvod.spider.XPath.c(Unknown Source)
	at com.github.catvod.spider.XPath.searchContent(Unknown Source)
	at com.github.catvod.crawler.Spider.searchContent(Spider.java:77)
	at com.github.catvod.host.SiteHolder.doAction(SiteHolder.java:161)
	at com.github.catvod.host.HttpRouter.handleSpider(HttpRouter.java:274)
	at com.github.catvod.host.HttpRouter.handle(HttpRouter.java:205)
	at jdk.httpserver/com.sun.net.httpserver.Filter$Chain.doFilter(Filter.java:98)
	at jdk.httpserver/sun.net.httpserver.AuthFilter.doFilter(AuthFilter.java:82)
	at jdk.httpserver/com.sun.net.httpserver.Filter$Chain.doFilter(Filter.java:101)
	at jdk.httpserver/sun.net.httpserver.ServerImpl$Exchange$LinkHandler.handle(ServerImpl.java:923)
	at jdk.httpserver/com.sun.net.httpserver.Filter$Chain.doFilter(Filter.java:98)
	at jdk.httpserver/sun.net.httpserver.ServerImpl$Exchange.run(ServerImpl.java:899)
	at java.base/java.util.concurrent.ThreadPoolExecutor.runWorker(ThreadPoolExecutor.java:1144)
	at java.base/java.util.concurrent.ThreadPoolExecutor$Worker.run(ThreadPoolExecutor.java:642)
	at java.base/java.lang.Thread.run(Thread.java:1583)
I/SiteHolder: site csp_xpath_555 do=search error: java.lang.NullPointerException: Cannot invoke "com.github.catvod.spider.merge.j.a.k0()" because "this.b" is null
I/SiteHolder: site csp_xpath_大师兄 do=search error: java.lang.NullPointerException: Cannot invoke "com.github.catvod.spider.merge.j.a.k0()" because "this.b" is null
I/SiteHolder: site csp_xpath_飞兔 do=search error: java.lang.NullPointerException: Cannot invoke "com.github.catvod.spider.merge.j.a.k0()" because "this.b" is null
I/SiteHolder: site csp_xpath_海兔 do=search error: java.lang.NullPointerException: Cannot invoke "com.github.catvod.spider.merge.j.a.k0()" because "this.b" is null
2026-09-17 23:14:37.514 [INFO] GET /api/spider/csp_xpath_飞兔 (3ms)
2026-09-17 23:14:37.515 [INFO] GET /api/spider/csp_xpath_大师兄 (4ms)
2026-09-17 23:14:37.515 [INFO] GET /api/spider/csp_xpath_555 (3ms)
2026-09-17 23:14:37.515 [INFO] GET /api/spider/csp_xpath_海兔 (4ms)
D/SpiderLog: A JSONObject text must begin with '{' at 1 [character 2 line 1]
org.json.JSONException: A JSONObject text must begin with '{' at 1 [character 2 line 1]
	at org.json.JSONTokener.syntaxError(JSONTokener.java:507)
	at org.json.JSONObject.<init>(JSONObject.java:222)
	at org.json.JSONObject.<init>(JSONObject.java:406)
	at com.github.catvod.spider.merge.j.a.b(Unknown Source)
	at com.github.catvod.spider.XPath.c(Unknown Source)
	at com.github.catvod.spider.XPath.searchContent(Unknown Source)
	at com.github.catvod.crawler.Spider.searchContent(Spider.java:77)
	at com.github.catvod.host.SiteHolder.doAction(SiteHolder.java:161)
	at com.github.catvod.host.HttpRouter.handleSpider(HttpRouter.java:274)
	at com.github.catvod.host.HttpRouter.handle(HttpRouter.java:205)
	at jdk.httpserver/com.sun.net.httpserver.Filter$Chain.doFilter(Filter.java:98)
	at jdk.httpserver/sun.net.httpserver.AuthFilter.doFilter(AuthFilter.java:82)
	at jdk.httpserver/com.sun.net.httpserver.Filter$Chain.doFilter(Filter.java:101)
	at jdk.httpserver/sun.net.httpserver.ServerImpl$Exchange$LinkHandler.handle(ServerImpl.java:923)
	at jdk.httpserver/com.sun.net.httpserver.Filter$Chain.doFilter(Filter.java:98)
	at jdk.httpserver/sun.net.httpserver.ServerImpl$Exchange.run(ServerImpl.java:899)
	at java.base/java.util.concurrent.ThreadPoolExecutor.runWorker(ThreadPoolExecutor.java:1144)
	at java.base/java.util.concurrent.ThreadPoolExecutor$Worker.run(ThreadPoolExecutor.java:642)
	at java.base/java.lang.Thread.run(Thread.java:1583)
I/SiteHolder: site csp_xpath_飞兔成人 do=search error: java.lang.NullPointerException: Cannot invoke "com.github.catvod.spider.merge.j.a.k0()" because "this.b" is null
2026-09-17 23:14:38.156 [INFO] GET /api/spider/csp_xpath_飞兔成人 (2ms)
2026-09-17 23:14:39.034 [INFO] GET /api/spider/csp_短剧网 (2ms)
2026-09-17 23:14:39.039 [INFO] GET /api/spider/陌陌 (1ms)
2026-09-17 23:14:39.039 [INFO] GET /api/spider/Bili (1ms)
2026-09-17 23:14:39.043 [INFO] GET /api/spider/Biliych (1ms)
2026-09-17 23:14:39.054 [INFO] GET /api/spider/csp_KungFu404 (1ms)
2026-09-17 23:14:39.075 [INFO] GET /api/spider/PanSou (1ms)
2026-09-17 23:14:39.077 [INFO] GET /api/spider/UpYun (0ms)
2026-09-17 23:14:39.081 [INFO] GET /api/spider/PanSearch (1ms)
2026-09-17 23:14:43.553 [INFO] GET /api/spider/push_agent~2 (2ms)
2026-09-17 23:14:49.143 [INFO] GET /api/spider/push_agent~2 (18ms)
2026-09-17 23:35:44.417 [INFO] GET /api/config (13ms)
2026-09-17 23:35:44.485 [INFO] GET /api/config (3ms)
2026-09-17 23:35:44.556 [INFO] GET /api/spider/demo (1ms)
2026-09-17 23:35:47.746 [INFO] GET /api/config (3ms)
2026-09-17 23:35:47.756 [INFO] GET /api/config (6ms)
2026-09-17 23:35:47.799 [INFO] GET /api/spider/demo (1ms)
2026-09-17 23:35:54.211 [INFO] GET /api/spider/demo (1ms)
2026-09-17 23:35:54.242 [INFO] GET /api/spider/smoke (1ms)
2026-09-17 23:35:55.401 [INFO] GET /api/spider/cms_lzi (1140ms)
2026-09-17 23:35:58.024 [INFO] GET /api/spider/cms_wujin (2393ms)
2026-09-17 23:35:58.055 [INFO] GET /api/spider/csp_douban (1ms)
2026-09-17 23:35:58.076 [INFO] GET /api/spider/苹果 (1ms)
2026-09-17 23:36:16.949 [INFO] GET /api/spider/cms_lzi (824ms)
2026-09-17 23:36:24.248 [INFO] GET /api/spider/cms_lzi (536ms)
2026-09-17 23:36:24.457 [INFO] GET /api/spider/demo (3ms)
2026-09-17 23:36:24.471 [INFO] GET /api/spider/smoke (1ms)
2026-09-17 23:36:24.764 [INFO] GET /api/spider/苹果 (1ms)
D/SpiderLog: A JSONObject text must begin with '{' at 1 [character 2 line 1]
org.json.JSONException: A JSONObject text must begin with '{' at 1 [character 2 line 1]
	at org.json.JSONTokener.syntaxError(JSONTokener.java:507)
	at org.json.JSONObject.<init>(JSONObject.java:222)
	at org.json.JSONObject.<init>(JSONObject.java:406)
	at com.github.catvod.spider.merge.j.a.b(Unknown Source)
	at com.github.catvod.spider.XPath.c(Unknown Source)
	at com.github.catvod.spider.XPath.searchContent(Unknown Source)
	at com.github.catvod.crawler.Spider.searchContent(Spider.java:77)
	at com.github.catvod.host.SiteHolder.doAction(SiteHolder.java:161)
	at com.github.catvod.host.HttpRouter.handleSpider(HttpRouter.java:274)
	at com.github.catvod.host.HttpRouter.handle(HttpRouter.java:205)
	at jdk.httpserver/com.sun.net.httpserver.Filter$Chain.doFilter(Filter.java:98)
	at jdk.httpserver/sun.net.httpserver.AuthFilter.doFilter(AuthFilter.java:82)
	at jdk.httpserver/com.sun.net.httpserver.Filter$Chain.doFilter(Filter.java:101)
	at jdk.httpserver/sun.net.httpserver.ServerImpl$Exchange$LinkHandler.handle(ServerImpl.java:923)
	at jdk.httpserver/com.sun.net.httpserver.Filter$Chain.doFilter(Filter.java:98)
	at jdk.httpserver/sun.net.httpserver.ServerImpl$Exchange.run(ServerImpl.java:899)
	at java.base/java.util.concurrent.ThreadPoolExecutor.runWorker(ThreadPoolExecutor.java:1144)
	at java.base/java.util.concurrent.ThreadPoolExecutor$Worker.run(ThreadPoolExecutor.java:642)
	at java.base/java.lang.Thread.run(Thread.java:1583)
I/SiteHolder: site csp_xpath_saohuotv do=search error: java.lang.NullPointerException: Cannot invoke "com.github.catvod.spider.merge.j.a.k0()" because "this.b" is null
2026-09-17 23:36:25.453 [INFO] GET /api/spider/csp_xpath_saohuotv (4ms)
2026-09-17 23:36:26.546 [INFO] GET /api/spider/cms_lzi (2ms)
D/SpiderLog: A JSONObject text must begin with '{' at 1 [character 2 line 1]
org.json.JSONException: A JSONObject text must begin with '{' at 1 [character 2 line 1]
	at org.json.JSONTokener.syntaxError(JSONTokener.java:507)
	at org.json.JSONObject.<init>(JSONObject.java:222)
	at org.json.JSONObject.<init>(JSONObject.java:406)
	at com.github.catvod.spider.merge.j.a.b(Unknown Source)
	at com.github.catvod.spider.XPath.c(Unknown Source)
	at com.github.catvod.spider.XPath.homeContent(Unknown Source)
	at com.github.catvod.host.SiteHolder.doAction(SiteHolder.java:147)
	at com.github.catvod.host.HttpRouter.handleSpider(HttpRouter.java:274)
	at com.github.catvod.host.HttpRouter.handle(HttpRouter.java:205)
	at jdk.httpserver/com.sun.net.httpserver.Filter$Chain.doFilter(Filter.java:98)
	at jdk.httpserver/sun.net.httpserver.AuthFilter.doFilter(AuthFilter.java:82)
	at jdk.httpserver/com.sun.net.httpserver.Filter$Chain.doFilter(Filter.java:101)
	at jdk.httpserver/sun.net.httpserver.ServerImpl$Exchange$LinkHandler.handle(ServerImpl.java:923)
	at jdk.httpserver/com.sun.net.httpserver.Filter$Chain.doFilter(Filter.java:98)
	at jdk.httpserver/sun.net.httpserver.ServerImpl$Exchange.run(ServerImpl.java:899)
	at java.base/java.util.concurrent.ThreadPoolExecutor.runWorker(ThreadPoolExecutor.java:1144)
	at java.base/java.util.concurrent.ThreadPoolExecutor$Worker.run(ThreadPoolExecutor.java:642)
	at java.base/java.lang.Thread.run(Thread.java:1583)
I/SiteHolder: site csp_xpath_saohuotv do=home error: java.lang.NullPointerException: Cannot invoke "com.github.catvod.spider.merge.j.a.e()" because "this.b" is null
2026-09-17 23:36:27.534 [INFO] GET /api/spider/csp_xpath_saohuotv (2ms)
D/SpiderLog: A JSONObject text must begin with '{' at 1 [character 2 line 1]
org.json.JSONException: A JSONObject text must begin with '{' at 1 [character 2 line 1]
	at org.json.JSONTokener.syntaxError(JSONTokener.java:507)
	at org.json.JSONObject.<init>(JSONObject.java:222)
	at org.json.JSONObject.<init>(JSONObject.java:406)
	at com.github.catvod.spider.merge.j.a.b(Unknown Source)
	at com.github.catvod.spider.XPath.c(Unknown Source)
	at com.github.catvod.spider.XPath.homeContent(Unknown Source)
	at com.github.catvod.host.SiteHolder.doAction(SiteHolder.java:147)
	at com.github.catvod.host.HttpRouter.handleSpider(HttpRouter.java:274)
	at com.github.catvod.host.HttpRouter.handle(HttpRouter.java:205)
	at jdk.httpserver/com.sun.net.httpserver.Filter$Chain.doFilter(Filter.java:98)
	at jdk.httpserver/sun.net.httpserver.AuthFilter.doFilter(AuthFilter.java:82)
	at jdk.httpserver/com.sun.net.httpserver.Filter$Chain.doFilter(Filter.java:101)
	at jdk.httpserver/sun.net.httpserver.ServerImpl$Exchange$LinkHandler.handle(ServerImpl.java:923)
	at jdk.httpserver/com.sun.net.httpserver.Filter$Chain.doFilter(Filter.java:98)
	at jdk.httpserver/sun.net.httpserver.ServerImpl$Exchange.run(ServerImpl.java:899)
	at java.base/java.util.concurrent.ThreadPoolExecutor.runWorker(ThreadPoolExecutor.java:1144)
	at java.base/java.util.concurrent.ThreadPoolExecutor$Worker.run(ThreadPoolExecutor.java:642)
	at java.base/java.lang.Thread.run(Thread.java:1583)
I/SiteHolder: site csp_xpath_大师兄 do=home error: java.lang.NullPointerException: Cannot invoke "com.github.catvod.spider.merge.j.a.e()" because "this.b" is null
2026-09-17 23:36:29.186 [INFO] GET /api/spider/csp_xpath_大师兄 (1ms)
D/SpiderLog: A JSONObject text must begin with '{' at 1 [character 2 line 1]
org.json.JSONException: A JSONObject text must begin with '{' at 1 [character 2 line 1]
	at org.json.JSONTokener.syntaxError(JSONTokener.java:507)
	at org.json.JSONObject.<init>(JSONObject.java:222)
	at org.json.JSONObject.<init>(JSONObject.java:406)
	at com.github.catvod.spider.merge.j.a.b(Unknown Source)
	at com.github.catvod.spider.XPath.c(Unknown Source)
	at com.github.catvod.spider.XPath.homeContent(Unknown Source)
	at com.github.catvod.host.SiteHolder.doAction(SiteHolder.java:147)
	at com.github.catvod.host.HttpRouter.handleSpider(HttpRouter.java:274)
	at com.github.catvod.host.HttpRouter.handle(HttpRouter.java:205)
	at jdk.httpserver/com.sun.net.httpserver.Filter$Chain.doFilter(Filter.java:98)
	at jdk.httpserver/sun.net.httpserver.AuthFilter.doFilter(AuthFilter.java:82)
	at jdk.httpserver/com.sun.net.httpserver.Filter$Chain.doFilter(Filter.java:101)
	at jdk.httpserver/sun.net.httpserver.ServerImpl$Exchange$LinkHandler.handle(ServerImpl.java:923)
	at jdk.httpserver/com.sun.net.httpserver.Filter$Chain.doFilter(Filter.java:98)
	at jdk.httpserver/sun.net.httpserver.ServerImpl$Exchange.run(ServerImpl.java:899)
	at java.base/java.util.concurrent.ThreadPoolExecutor.runWorker(ThreadPoolExecutor.java:1144)
	at java.base/java.util.concurrent.ThreadPoolExecutor$Worker.run(ThreadPoolExecutor.java:642)
	at java.base/java.lang.Thread.run(Thread.java:1583)
I/SiteHolder: site csp_xpath_555 do=home error: java.lang.NullPointerException: Cannot invoke "com.github.catvod.spider.merge.j.a.e()" because "this.b" is null
2026-09-17 23:36:29.209 [INFO] GET /api/spider/csp_xpath_555 (2ms)
D/SpiderLog: A JSONObject text must begin with '{' at 1 [character 2 line 1]
org.json.JSONException: A JSONObject text must begin with '{' at 1 [character 2 line 1]
	at org.json.JSONTokener.syntaxError(JSONTokener.java:507)
	at org.json.JSONObject.<init>(JSONObject.java:222)
	at org.json.JSONObject.<init>(JSONObject.java:406)
	at com.github.catvod.spider.merge.j.a.b(Unknown Source)
	at com.github.catvod.spider.XPath.c(Unknown Source)
	at com.github.catvod.spider.XPath.homeContent(Unknown Source)
	at com.github.catvod.host.SiteHolder.doAction(SiteHolder.java:147)
	at com.github.catvod.host.HttpRouter.handleSpider(HttpRouter.java:274)
	at com.github.catvod.host.HttpRouter.handle(HttpRouter.java:205)
	at jdk.httpserver/com.sun.net.httpserver.Filter$Chain.doFilter(Filter.java:98)
	at jdk.httpserver/sun.net.httpserver.AuthFilter.doFilter(AuthFilter.java:82)
	at jdk.httpserver/com.sun.net.httpserver.Filter$Chain.doFilter(Filter.java:101)
	at jdk.httpserver/sun.net.httpserver.ServerImpl$Exchange$LinkHandler.handle(ServerImpl.java:923)
	at jdk.httpserver/com.sun.net.httpserver.Filter$Chain.doFilter(Filter.java:98)
	at jdk.httpserver/sun.net.httpserver.ServerImpl$Exchange.run(ServerImpl.java:899)
	at java.base/java.util.concurrent.ThreadPoolExecutor.runWorker(ThreadPoolExecutor.java:1144)
	at java.base/java.util.concurrent.ThreadPoolExecutor$Worker.run(ThreadPoolExecutor.java:642)
	at java.base/java.lang.Thread.run(Thread.java:1583)
I/SiteHolder: site csp_xpath_海兔 do=home error: java.lang.NullPointerException: Cannot invoke "com.github.catvod.spider.merge.j.a.e()" because "this.b" is null
2026-09-17 23:36:29.229 [INFO] GET /api/spider/csp_xpath_海兔 (2ms)
D/SpiderLog: A JSONObject text must begin with '{' at 1 [character 2 line 1]
org.json.JSONException: A JSONObject text must begin with '{' at 1 [character 2 line 1]
	at org.json.JSONTokener.syntaxError(JSONTokener.java:507)
	at org.json.JSONObject.<init>(JSONObject.java:222)
	at org.json.JSONObject.<init>(JSONObject.java:406)
	at com.github.catvod.spider.merge.j.a.b(Unknown Source)
	at com.github.catvod.spider.XPath.c(Unknown Source)
	at com.github.catvod.spider.XPath.homeContent(Unknown Source)
	at com.github.catvod.host.SiteHolder.doAction(SiteHolder.java:147)
	at com.github.catvod.host.HttpRouter.handleSpider(HttpRouter.java:274)
	at com.github.catvod.host.HttpRouter.handle(HttpRouter.java:205)
	at jdk.httpserver/com.sun.net.httpserver.Filter$Chain.doFilter(Filter.java:98)
	at jdk.httpserver/sun.net.httpserver.AuthFilter.doFilter(AuthFilter.java:82)
	at jdk.httpserver/com.sun.net.httpserver.Filter$Chain.doFilter(Filter.java:101)
	at jdk.httpserver/sun.net.httpserver.ServerImpl$Exchange$LinkHandler.handle(ServerImpl.java:923)
	at jdk.httpserver/com.sun.net.httpserver.Filter$Chain.doFilter(Filter.java:98)
	at jdk.httpserver/sun.net.httpserver.ServerImpl$Exchange.run(ServerImpl.java:899)
	at java.base/java.util.concurrent.ThreadPoolExecutor.runWorker(ThreadPoolExecutor.java:1144)
	at java.base/java.util.concurrent.ThreadPoolExecutor$Worker.run(ThreadPoolExecutor.java:642)
	at java.base/java.lang.Thread.run(Thread.java:1583)
I/SiteHolder: site csp_xpath_飞兔 do=home error: java.lang.NullPointerException: Cannot invoke "com.github.catvod.spider.merge.j.a.e()" because "this.b" is null
2026-09-17 23:36:29.291 [INFO] GET /api/spider/csp_xpath_飞兔 (3ms)
D/SpiderLog: A JSONObject text must begin with '{' at 1 [character 2 line 1]
org.json.JSONException: A JSONObject text must begin with '{' at 1 [character 2 line 1]
	at org.json.JSONTokener.syntaxError(JSONTokener.java:507)
	at org.json.JSONObject.<init>(JSONObject.java:222)
	at org.json.JSONObject.<init>(JSONObject.java:406)
	at com.github.catvod.spider.merge.j.a.b(Unknown Source)
	at com.github.catvod.spider.XPath.c(Unknown Source)
	at com.github.catvod.spider.XPath.homeContent(Unknown Source)
	at com.github.catvod.host.SiteHolder.doAction(SiteHolder.java:147)
	at com.github.catvod.host.HttpRouter.handleSpider(HttpRouter.java:274)
	at com.github.catvod.host.HttpRouter.handle(HttpRouter.java:205)
	at jdk.httpserver/com.sun.net.httpserver.Filter$Chain.doFilter(Filter.java:98)
	at jdk.httpserver/sun.net.httpserver.AuthFilter.doFilter(AuthFilter.java:82)
	at jdk.httpserver/com.sun.net.httpserver.Filter$Chain.doFilter(Filter.java:101)
	at jdk.httpserver/sun.net.httpserver.ServerImpl$Exchange$LinkHandler.handle(ServerImpl.java:923)
	at jdk.httpserver/com.sun.net.httpserver.Filter$Chain.doFilter(Filter.java:98)
	at jdk.httpserver/sun.net.httpserver.ServerImpl$Exchange.run(ServerImpl.java:899)
	at java.base/java.util.concurrent.ThreadPoolExecutor.runWorker(ThreadPoolExecutor.java:1144)
	at java.base/java.util.concurrent.ThreadPoolExecutor$Worker.run(ThreadPoolExecutor.java:642)
	at java.base/java.lang.Thread.run(Thread.java:1583)
I/SiteHolder: site csp_xpath_飞兔成人 do=home error: java.lang.NullPointerException: Cannot invoke "com.github.catvod.spider.merge.j.a.e()" because "this.b" is null
2026-09-17 23:36:29.310 [INFO] GET /api/spider/csp_xpath_飞兔成人 (1ms)
2026-09-17 23:36:29.331 [INFO] GET /api/spider/本地 (3ms)
2026-09-17 23:36:33.876 [INFO] GET /api/spider/csp_短剧网 (1ms)
2026-09-17 23:36:33.906 [INFO] GET /api/spider/陌陌 (1ms)
2026-09-17 23:36:33.936 [INFO] GET /api/spider/Bili (1ms)
2026-09-17 23:36:33.957 [INFO] GET /api/spider/Biliych (2ms)
2026-09-17 23:36:34.020 [INFO] GET /api/spider/csp_KungFu404 (1ms)
2026-09-17 23:36:34.057 [INFO] GET /api/spider/配置中心 (3ms)
2026-09-17 23:36:34.083 [INFO] GET /api/spider/PanSou (1ms)
2026-09-17 23:36:34.218 [INFO] GET /api/spider/UpYun (1ms)
2026-09-17 23:36:34.254 [INFO] GET /api/spider/PanSearch (1ms)
2026-09-17 23:36:35.057 [INFO] GET /api/spider/demo (2ms)
2026-09-17 23:36:35.060 [INFO] GET /api/spider/smoke (1ms)
2026-09-17 23:36:35.077 [INFO] GET /api/spider/苹果 (1ms)
D/SpiderLog: A JSONObject text must begin with '{' at 1 [character 2 line 1]
org.json.JSONException: A JSONObject text must begin with '{' at 1 [character 2 line 1]
	at org.json.JSONTokener.syntaxError(JSONTokener.java:507)
	at org.json.JSONObject.<init>(JSONObject.java:222)
	at org.json.JSONObject.<init>(JSONObject.java:406)
	at com.github.catvod.spider.merge.j.a.b(Unknown Source)
	at com.github.catvod.spider.XPath.c(Unknown Source)
	at com.github.catvod.spider.XPath.searchContent(Unknown Source)
	at com.github.catvod.crawler.Spider.searchContent(Spider.java:77)
	at com.github.catvod.host.SiteHolder.doAction(SiteHolder.java:161)
	at com.github.catvod.host.HttpRouter.handleSpider(HttpRouter.java:274)
	at com.github.catvod.host.HttpRouter.handle(HttpRouter.java:205)
	at jdk.httpserver/com.sun.net.httpserver.Filter$Chain.doFilter(Filter.java:98)
	at jdk.httpserver/sun.net.httpserver.AuthFilter.doFilter(AuthFilter.java:82)
	at jdk.httpserver/com.sun.net.httpserver.Filter$Chain.doFilter(Filter.java:101)
	at jdk.httpserver/sun.net.httpserver.ServerImpl$Exchange$LinkHandler.handle(ServerImpl.java:923)
	at jdk.httpserver/com.sun.net.httpserver.Filter$Chain.doFilter(Filter.java:98)
	at jdk.httpserver/sun.net.httpserver.ServerImpl$Exchange.run(ServerImpl.java:899)
	at java.base/java.util.concurrent.ThreadPoolExecutor.runWorker(ThreadPoolExecutor.java:1144)
	at java.base/java.util.concurrent.ThreadPoolExecutor$Worker.run(ThreadPoolExecutor.java:642)
	at java.base/java.lang.Thread.run(Thread.java:1583)
D/SpiderLog: A JSONObject text must begin with '{' at 1 [character 2 line 1]
org.json.JSONException: A JSONObject text must begin with '{' at 1 [character 2 line 1]
	at org.json.JSONTokener.syntaxError(JSONTokener.java:507)
	at org.json.JSONObject.<init>(JSONObject.java:222)
	at org.json.JSONObject.<init>(JSONObject.java:406)
	at com.github.catvod.spider.merge.j.a.b(Unknown Source)
	at com.github.catvod.spider.XPath.c(Unknown Source)
	at com.github.catvod.spider.XPath.searchContent(Unknown Source)
	at com.github.catvod.crawler.Spider.searchContent(Spider.java:77)
	at com.github.catvod.host.SiteHolder.doAction(SiteHolder.java:161)
	at com.github.catvod.host.HttpRouter.handleSpider(HttpRouter.java:274)
	at com.github.catvod.host.HttpRouter.handle(HttpRouter.java:205)
	at jdk.httpserver/com.sun.net.httpserver.Filter$Chain.doFilter(Filter.java:98)
	at jdk.httpserver/sun.net.httpserver.AuthFilter.doFilter(AuthFilter.java:82)
	at jdk.httpserver/com.sun.net.httpserver.Filter$Chain.doFilter(Filter.java:101)
	at jdk.httpserver/sun.net.httpserver.ServerImpl$Exchange$LinkHandler.handle(ServerImpl.java:923)
	at jdk.httpserver/com.sun.net.httpserver.Filter$Chain.doFilter(Filter.java:98)
	at jdk.httpserver/sun.net.httpserver.ServerImpl$Exchange.run(ServerImpl.java:899)
	at java.base/java.util.concurrent.ThreadPoolExecutor.runWorker(ThreadPoolExecutor.java:1144)
	at java.base/java.util.concurrent.ThreadPoolExecutor$Worker.run(ThreadPoolExecutor.java:642)
	at java.base/java.lang.Thread.run(Thread.java:1583)
D/SpiderLog: A JSONObject text must begin with '{' at 1 [character 2 line 1]
org.json.JSONException: A JSONObject text must begin with '{' at 1 [character 2 line 1]
	at org.json.JSONTokener.syntaxError(JSONTokener.java:507)
	at org.json.JSONObject.<init>(JSONObject.java:222)
	at org.json.JSONObject.<init>(JSONObject.java:406)
	at com.github.catvod.spider.merge.j.a.b(Unknown Source)
	at com.github.catvod.spider.XPath.c(Unknown Source)
	at com.github.catvod.spider.XPath.searchContent(Unknown Source)
	at com.github.catvod.crawler.Spider.searchContent(Spider.java:77)
	at com.github.catvod.host.SiteHolder.doAction(SiteHolder.java:161)
	at com.github.catvod.host.HttpRouter.handleSpider(HttpRouter.java:274)
	at com.github.catvod.host.HttpRouter.handle(HttpRouter.java:205)
	at jdk.httpserver/com.sun.net.httpserver.Filter$Chain.doFilter(Filter.java:98)
	at jdk.httpserver/sun.net.httpserver.AuthFilter.doFilter(AuthFilter.java:82)
	at jdk.httpserver/com.sun.net.httpserver.Filter$Chain.doFilter(Filter.java:101)
	at jdk.httpserver/sun.net.httpserver.ServerImpl$Exchange$LinkHandler.handle(ServerImpl.java:923)
	at jdk.httpserver/com.sun.net.httpserver.Filter$Chain.doFilter(Filter.java:98)
	at jdk.httpserver/sun.net.httpserver.ServerImpl$Exchange.run(ServerImpl.java:899)
	at java.base/java.util.concurrent.ThreadPoolExecutor.runWorker(ThreadPoolExecutor.java:1144)
	at java.base/java.util.concurrent.ThreadPoolExecutor$Worker.run(ThreadPoolExecutor.java:642)
	at java.base/java.lang.Thread.run(Thread.java:1583)
I/SiteHolder: site csp_xpath_大师兄 do=search error: java.lang.NullPointerException: Cannot invoke "com.github.catvod.spider.merge.j.a.k0()" because "this.b" is null
I/SiteHolder: site csp_xpath_海兔 do=search error: java.lang.NullPointerException: Cannot invoke "com.github.catvod.spider.merge.j.a.k0()" because "this.b" is null
I/SiteHolder: site csp_xpath_555 do=search error: java.lang.NullPointerException: Cannot invoke "com.github.catvod.spider.merge.j.a.k0()" because "this.b" is null
2026-09-17 23:36:35.477 [INFO] GET /api/spider/csp_xpath_大师兄 (4ms)
2026-09-17 23:36:35.477 [INFO] GET /api/spider/csp_xpath_海兔 (3ms)
2026-09-17 23:36:35.477 [INFO] GET /api/spider/csp_xpath_555 (3ms)
D/SpiderLog: A JSONObject text must begin with '{' at 1 [character 2 line 1]
org.json.JSONException: A JSONObject text must begin with '{' at 1 [character 2 line 1]
	at org.json.JSONTokener.syntaxError(JSONTokener.java:507)
	at org.json.JSONObject.<init>(JSONObject.java:222)
	at org.json.JSONObject.<init>(JSONObject.java:406)
	at com.github.catvod.spider.merge.j.a.b(Unknown Source)
	at com.github.catvod.spider.XPath.c(Unknown Source)
	at com.github.catvod.spider.XPath.searchContent(Unknown Source)
	at com.github.catvod.crawler.Spider.searchContent(Spider.java:77)
	at com.github.catvod.host.SiteHolder.doAction(SiteHolder.java:161)
	at com.github.catvod.host.HttpRouter.handleSpider(HttpRouter.java:274)
	at com.github.catvod.host.HttpRouter.handle(HttpRouter.java:205)
	at jdk.httpserver/com.sun.net.httpserver.Filter$Chain.doFilter(Filter.java:98)
	at jdk.httpserver/sun.net.httpserver.AuthFilter.doFilter(AuthFilter.java:82)
	at jdk.httpserver/com.sun.net.httpserver.Filter$Chain.doFilter(Filter.java:101)
	at jdk.httpserver/sun.net.httpserver.ServerImpl$Exchange$LinkHandler.handle(ServerImpl.java:923)
	at jdk.httpserver/com.sun.net.httpserver.Filter$Chain.doFilter(Filter.java:98)
	at jdk.httpserver/sun.net.httpserver.ServerImpl$Exchange.run(ServerImpl.java:899)
	at java.base/java.util.concurrent.ThreadPoolExecutor.runWorker(ThreadPoolExecutor.java:1144)
	at java.base/java.util.concurrent.ThreadPoolExecutor$Worker.run(ThreadPoolExecutor.java:642)
	at java.base/java.lang.Thread.run(Thread.java:1583)
D/SpiderLog: A JSONObject text must begin with '{' at 1 [character 2 line 1]
org.json.JSONException: A JSONObject text must begin with '{' at 1 [character 2 line 1]
	at org.json.JSONTokener.syntaxError(JSONTokener.java:507)
	at org.json.JSONObject.<init>(JSONObject.java:222)
	at org.json.JSONObject.<init>(JSONObject.java:406)
	at com.github.catvod.spider.merge.j.a.b(Unknown Source)
	at com.github.catvod.spider.XPath.c(Unknown Source)
	at com.github.catvod.spider.XPath.searchContent(Unknown Source)
	at com.github.catvod.crawler.Spider.searchContent(Spider.java:77)
	at com.github.catvod.host.SiteHolder.doAction(SiteHolder.java:161)
	at com.github.catvod.host.HttpRouter.handleSpider(HttpRouter.java:274)
	at com.github.catvod.host.HttpRouter.handle(HttpRouter.java:205)
	at jdk.httpserver/com.sun.net.httpserver.Filter$Chain.doFilter(Filter.java:98)
	at jdk.httpserver/sun.net.httpserver.AuthFilter.doFilter(AuthFilter.java:82)
	at jdk.httpserver/com.sun.net.httpserver.Filter$Chain.doFilter(Filter.java:101)
	at jdk.httpserver/sun.net.httpserver.ServerImpl$Exchange$LinkHandler.handle(ServerImpl.java:923)
	at jdk.httpserver/com.sun.net.httpserver.Filter$Chain.doFilter(Filter.java:98)
	at jdk.httpserver/sun.net.httpserver.ServerImpl$Exchange.run(ServerImpl.java:899)
	at java.base/java.util.concurrent.ThreadPoolExecutor.runWorker(ThreadPoolExecutor.java:1144)
	at java.base/java.util.concurrent.ThreadPoolExecutor$Worker.run(ThreadPoolExecutor.java:642)
	at java.base/java.lang.Thread.run(Thread.java:1583)
I/SiteHolder: site csp_xpath_飞兔成人 do=search error: java.lang.NullPointerException: Cannot invoke "com.github.catvod.spider.merge.j.a.k0()" because "this.b" is null
I/SiteHolder: site csp_xpath_飞兔 do=search error: java.lang.NullPointerException: Cannot invoke "com.github.catvod.spider.merge.j.a.k0()" because "this.b" is null
2026-09-17 23:36:35.491 [INFO] GET /api/spider/csp_xpath_飞兔成人 (2ms)
2026-09-17 23:36:35.492 [INFO] GET /api/spider/csp_xpath_飞兔 (2ms)
2026-09-17 23:36:35.961 [INFO] GET /api/spider/cms_lzi (900ms)
D/SpiderLog: A JSONObject text must begin with '{' at 1 [character 2 line 1]
org.json.JSONException: A JSONObject text must begin with '{' at 1 [character 2 line 1]
	at org.json.JSONTokener.syntaxError(JSONTokener.java:507)
	at org.json.JSONObject.<init>(JSONObject.java:222)
	at org.json.JSONObject.<init>(JSONObject.java:406)
	at com.github.catvod.spider.merge.j.a.b(Unknown Source)
	at com.github.catvod.spider.XPath.c(Unknown Source)
	at com.github.catvod.spider.XPath.searchContent(Unknown Source)
	at com.github.catvod.crawler.Spider.searchContent(Spider.java:77)
	at com.github.catvod.host.SiteHolder.doAction(SiteHolder.java:161)
	at com.github.catvod.host.HttpRouter.handleSpider(HttpRouter.java:274)
	at com.github.catvod.host.HttpRouter.handle(HttpRouter.java:205)
	at jdk.httpserver/com.sun.net.httpserver.Filter$Chain.doFilter(Filter.java:98)
	at jdk.httpserver/sun.net.httpserver.AuthFilter.doFilter(AuthFilter.java:82)
	at jdk.httpserver/com.sun.net.httpserver.Filter$Chain.doFilter(Filter.java:101)
	at jdk.httpserver/sun.net.httpserver.ServerImpl$Exchange$LinkHandler.handle(ServerImpl.java:923)
	at jdk.httpserver/com.sun.net.httpserver.Filter$Chain.doFilter(Filter.java:98)
	at jdk.httpserver/sun.net.httpserver.ServerImpl$Exchange.run(ServerImpl.java:899)
	at java.base/java.util.concurrent.ThreadPoolExecutor.runWorker(ThreadPoolExecutor.java:1144)
	at java.base/java.util.concurrent.ThreadPoolExecutor$Worker.run(ThreadPoolExecutor.java:642)
	at java.base/java.lang.Thread.run(Thread.java:1583)
I/SiteHolder: site csp_xpath_saohuotv do=search error: java.lang.NullPointerException: Cannot invoke "com.github.catvod.spider.merge.j.a.k0()" because "this.b" is null
2026-09-17 23:36:35.997 [INFO] GET /api/spider/csp_xpath_saohuotv (2ms)
D/SpiderLog: A JSONObject text must begin with '{' at 1 [character 2 line 1]
org.json.JSONException: A JSONObject text must begin with '{' at 1 [character 2 line 1]
	at org.json.JSONTokener.syntaxError(JSONTokener.java:507)
	at org.json.JSONObject.<init>(JSONObject.java:222)
	at org.json.JSONObject.<init>(JSONObject.java:406)
	at com.github.catvod.spider.merge.j.a.b(Unknown Source)
	at com.github.catvod.spider.XPath.c(Unknown Source)
	at com.github.catvod.spider.XPath.searchContent(Unknown Source)
	at com.github.catvod.crawler.Spider.searchContent(Spider.java:77)
	at com.github.catvod.host.SiteHolder.doAction(SiteHolder.java:161)
	at com.github.catvod.host.HttpRouter.handleSpider(HttpRouter.java:274)
	at com.github.catvod.host.HttpRouter.handle(HttpRouter.java:205)
	at jdk.httpserver/com.sun.net.httpserver.Filter$Chain.doFilter(Filter.java:98)
	at jdk.httpserver/sun.net.httpserver.AuthFilter.doFilter(AuthFilter.java:82)
	at jdk.httpserver/com.sun.net.httpserver.Filter$Chain.doFilter(Filter.java:101)
	at jdk.httpserver/sun.net.httpserver.ServerImpl$Exchange$LinkHandler.handle(ServerImpl.java:923)
	at jdk.httpserver/com.sun.net.httpserver.Filter$Chain.doFilter(Filter.java:98)
	at jdk.httpserver/sun.net.httpserver.ServerImpl$Exchange.run(ServerImpl.java:899)
	at java.base/java.util.concurrent.ThreadPoolExecutor.runWorker(ThreadPoolExecutor.java:1144)
	at java.base/java.util.concurrent.ThreadPoolExecutor$Worker.run(ThreadPoolExecutor.java:642)
	at java.base/java.lang.Thread.run(Thread.java:1583)
I/SiteHolder: site csp_xpath_大师兄 do=search error: java.lang.NullPointerException: Cannot invoke "com.github.catvod.spider.merge.j.a.k0()" because "this.b" is null
2026-09-17 23:36:46.013 [INFO] GET /api/spider/csp_xpath_大师兄 (3ms)
D/SpiderLog: A JSONObject text must begin with '{' at 1 [character 2 line 1]
D/SpiderLog: A JSONObject text must begin with '{' at 1 [character 2 line 1]
org.json.JSONException: A JSONObject text must begin with '{' at 1 [character 2 line 1]
	at org.json.JSONTokener.syntaxError(JSONTokener.java:507)
	at org.json.JSONObject.<init>(JSONObject.java:222)
	at org.json.JSONObject.<init>(JSONObject.java:406)
	at com.github.catvod.spider.merge.j.a.b(Unknown Source)
	at com.github.catvod.spider.XPath.c(Unknown Source)
	at com.github.catvod.spider.XPath.searchContent(Unknown Source)
	at com.github.catvod.crawler.Spider.searchContent(Spider.java:77)
	at com.github.catvod.host.SiteHolder.doAction(SiteHolder.java:161)
	at com.github.catvod.host.HttpRouter.handleSpider(HttpRouter.java:274)
	at com.github.catvod.host.HttpRouter.handle(HttpRouter.java:205)
	at jdk.httpserver/com.sun.net.httpserver.Filter$Chain.doFilter(Filter.java:98)
	at jdk.httpserver/sun.net.httpserver.AuthFilter.doFilter(AuthFilter.java:82)
	at jdk.httpserver/com.sun.net.httpserver.Filter$Chain.doFilter(Filter.java:101)
	at jdk.httpserver/sun.net.httpserver.ServerImpl$Exchange$LinkHandler.handle(ServerImpl.java:923)
	at jdk.httpserver/com.sun.net.httpserver.Filter$Chain.doFilter(Filter.java:98)
	at jdk.httpserver/sun.net.httpserver.ServerImpl$Exchange.run(ServerImpl.java:899)
	at java.base/java.util.concurrent.ThreadPoolExecutor.runWorker(ThreadPoolExecutor.java:1144)
	at java.base/java.util.concurrent.ThreadPoolExecutor$Worker.run(ThreadPoolExecutor.java:642)
	at java.base/java.lang.Thread.run(Thread.java:1583)
I/SiteHolder: site csp_xpath_海兔 do=search error: java.lang.NullPointerException: Cannot invoke "com.github.catvod.spider.merge.j.a.k0()" because "this.b" is null
D/SpiderLog: A JSONObject text must begin with '{' at 1 [character 2 line 1]
org.json.JSONException: A JSONObject text must begin with '{' at 1 [character 2 line 1]
	at org.json.JSONTokener.syntaxError(JSONTokener.java:507)
	at org.json.JSONObject.<init>(JSONObject.java:222)
	at org.json.JSONObject.<init>(JSONObject.java:406)
	at com.github.catvod.spider.merge.j.a.b(Unknown Source)
	at com.github.catvod.spider.XPath.c(Unknown Source)
	at com.github.catvod.spider.XPath.searchContent(Unknown Source)
	at com.github.catvod.crawler.Spider.searchContent(Spider.java:77)
	at com.github.catvod.host.SiteHolder.doAction(SiteHolder.java:161)
	at com.github.catvod.host.HttpRouter.handleSpider(HttpRouter.java:274)
	at com.github.catvod.host.HttpRouter.handle(HttpRouter.java:205)
	at jdk.httpserver/com.sun.net.httpserver.Filter$Chain.doFilter(Filter.java:98)
	at jdk.httpserver/sun.net.httpserver.AuthFilter.doFilter(AuthFilter.java:82)
	at jdk.httpserver/com.sun.net.httpserver.Filter$Chain.doFilter(Filter.java:101)
	at jdk.httpserver/sun.net.httpserver.ServerImpl$Exchange$LinkHandler.handle(ServerImpl.java:923)
	at jdk.httpserver/com.sun.net.httpserver.Filter$Chain.doFilter(Filter.java:98)
	at jdk.httpserver/sun.net.httpserver.ServerImpl$Exchange.run(ServerImpl.java:899)
	at java.base/java.util.concurrent.ThreadPoolExecutor.runWorker(ThreadPoolExecutor.java:1144)
	at java.base/java.util.concurrent.ThreadPoolExecutor$Worker.run(ThreadPoolExecutor.java:642)
	at java.base/java.lang.Thread.run(Thread.java:1583)
org.json.JSONException: A JSONObject text must begin with '{' at 1 [character 2 line 1]
	at org.json.JSONTokener.syntaxError(JSONTokener.java:507)
	at org.json.JSONObject.<init>(JSONObject.java:222)
	at org.json.JSONObject.<init>(JSONObject.java:406)
	at com.github.catvod.spider.merge.j.a.b(Unknown Source)
	at com.github.catvod.spider.XPath.c(Unknown Source)
	at com.github.catvod.spider.XPath.searchContent(Unknown Source)
	at com.github.catvod.crawler.Spider.searchContent(Spider.java:77)
	at com.github.catvod.host.SiteHolder.doAction(SiteHolder.java:161)
	at com.github.catvod.host.HttpRouter.handleSpider(HttpRouter.java:274)
	at com.github.catvod.host.HttpRouter.handle(HttpRouter.java:205)
	at jdk.httpserver/com.sun.net.httpserver.Filter$Chain.doFilter(Filter.java:98)
	at jdk.httpserver/sun.net.httpserver.AuthFilter.doFilter(AuthFilter.java:82)
	at jdk.httpserver/com.sun.net.httpserver.Filter$Chain.doFilter(Filter.java:101)
	at jdk.httpserver/sun.net.httpserver.ServerImpl$Exchange$LinkHandler.handle(ServerImpl.java:923)
	at jdk.httpserver/com.sun.net.httpserver.Filter$Chain.doFilter(Filter.java:98)
	at jdk.httpserver/sun.net.httpserver.ServerImpl$Exchange.run(ServerImpl.java:899)
	at java.base/java.util.concurrent.ThreadPoolExecutor.runWorker(ThreadPoolExecutor.java:1144)
	at java.base/java.util.concurrent.ThreadPoolExecutor$Worker.run(ThreadPoolExecutor.java:642)
	at java.base/java.lang.Thread.run(Thread.java:1583)
D/SpiderLog: A JSONObject text must begin with '{' at 1 [character 2 line 1]
org.json.JSONException: A JSONObject text must begin with '{' at 1 [character 2 line 1]
	at org.json.JSONTokener.syntaxError(JSONTokener.java:507)
	at org.json.JSONObject.<init>(JSONObject.java:222)
	at org.json.JSONObject.<init>(JSONObject.java:406)
	at com.github.catvod.spider.merge.j.a.b(Unknown Source)
	at com.github.catvod.spider.XPath.c(Unknown Source)
	at com.github.catvod.spider.XPath.searchContent(Unknown Source)
	at com.github.catvod.crawler.Spider.searchContent(Spider.java:77)
	at com.github.catvod.host.SiteHolder.doAction(SiteHolder.java:161)
	at com.github.catvod.host.HttpRouter.handleSpider(HttpRouter.java:274)
	at com.github.catvod.host.HttpRouter.handle(HttpRouter.java:205)
	at jdk.httpserver/com.sun.net.httpserver.Filter$Chain.doFilter(Filter.java:98)
	at jdk.httpserver/sun.net.httpserver.AuthFilter.doFilter(AuthFilter.java:82)
	at jdk.httpserver/com.sun.net.httpserver.Filter$Chain.doFilter(Filter.java:101)
	at jdk.httpserver/sun.net.httpserver.ServerImpl$Exchange$LinkHandler.handle(ServerImpl.java:923)
	at jdk.httpserver/com.sun.net.httpserver.Filter$Chain.doFilter(Filter.java:98)
	at jdk.httpserver/sun.net.httpserver.ServerImpl$Exchange.run(ServerImpl.java:899)
	at java.base/java.util.concurrent.ThreadPoolExecutor.runWorker(ThreadPoolExecutor.java:1144)
	at java.base/java.util.concurrent.ThreadPoolExecutor$Worker.run(ThreadPoolExecutor.java:642)
	at java.base/java.lang.Thread.run(Thread.java:1583)
I/SiteHolder: site csp_xpath_飞兔 do=search error: java.lang.NullPointerException: Cannot invoke "com.github.catvod.spider.merge.j.a.k0()" because "this.b" is null
2026-09-17 23:36:46.027 [INFO] GET /api/spider/csp_xpath_海兔 (2ms)
I/SiteHolder: site csp_xpath_555 do=search error: java.lang.NullPointerException: Cannot invoke "com.github.catvod.spider.merge.j.a.k0()" because "this.b" is null
I/SiteHolder: site csp_xpath_飞兔成人 do=search error: java.lang.NullPointerException: Cannot invoke "com.github.catvod.spider.merge.j.a.k0()" because "this.b" is null
2026-09-17 23:36:46.029 [INFO] GET /api/spider/csp_xpath_555 (4ms)
2026-09-17 23:36:46.029 [INFO] GET /api/spider/csp_xpath_飞兔成人 (3ms)
2026-09-17 23:36:46.029 [INFO] GET /api/spider/csp_xpath_飞兔 (3ms)
2026-09-17 23:36:48.163 [INFO] GET /api/spider/csp_短剧网 (1ms)
2026-09-17 23:36:48.167 [INFO] GET /api/spider/陌陌 (1ms)
2026-09-17 23:36:48.169 [INFO] GET /api/spider/Bili (0ms)
2026-09-17 23:36:48.174 [INFO] GET /api/spider/Biliych (2ms)
2026-09-17 23:36:48.175 [INFO] GET /api/spider/csp_KungFu404 (0ms)
2026-09-17 23:36:48.177 [INFO] GET /api/spider/PanSou (0ms)
2026-09-17 23:36:48.237 [INFO] GET /api/spider/UpYun (1ms)
2026-09-17 23:36:48.241 [INFO] GET /api/spider/PanSearch (1ms)
2026-09-17 23:36:49.151 [INFO] GET /api/spider/csp_短剧网 (2ms)
2026-09-17 23:36:49.155 [INFO] GET /api/spider/陌陌 (0ms)
2026-09-17 23:36:49.161 [INFO] GET /api/spider/Bili (1ms)
2026-09-17 23:36:49.163 [INFO] GET /api/spider/Biliych (1ms)
2026-09-17 23:36:49.170 [INFO] GET /api/spider/csp_KungFu404 (3ms)
2026-09-17 23:36:49.171 [INFO] GET /api/spider/PanSou (2ms)
2026-09-17 23:36:49.190 [INFO] GET /api/spider/UpYun (1ms)
2026-09-17 23:36:49.194 [INFO] GET /api/spider/PanSearch (0ms)
2026-09-17 23:36:55.559 [INFO] GET /api/spider/本地 (8ms)
2026-09-17 23:36:57.880 [INFO] GET /api/spider/本地 (34ms)
2026-09-17 23:36:58.315 [INFO] GET /api/spider/push_agent~2 (1ms)
2026-09-17 23:36:59.226 [INFO] GET /api/spider/push_agent~2 (1ms)
2026-09-17 23:37:05.129 [INFO] GET /api/spider/本地 (3ms)
2026-09-17 23:37:05.152 [INFO] GET /api/spider/demo (1ms)
2026-09-17 23:37:05.153 [INFO] GET /api/spider/smoke (0ms)
2026-09-17 23:37:05.158 [INFO] GET /api/spider/苹果 (0ms)
2026-09-17 23:37:06.460 [INFO] GET /api/spider/本地 (5ms)
2026-09-17 23:37:06.708 [INFO] GET /api/spider/cms_lzi (1552ms)
D/SpiderLog: A JSONObject text must begin with '{' at 1 [character 2 line 1]
org.json.JSONException: A JSONObject text must begin with '{' at 1 [character 2 line 1]
	at org.json.JSONTokener.syntaxError(JSONTokener.java:507)
	at org.json.JSONObject.<init>(JSONObject.java:222)
	at org.json.JSONObject.<init>(JSONObject.java:406)
	at com.github.catvod.spider.merge.j.a.b(Unknown Source)
	at com.github.catvod.spider.XPath.c(Unknown Source)
	at com.github.catvod.spider.XPath.searchContent(Unknown Source)
	at com.github.catvod.crawler.Spider.searchContent(Spider.java:77)
	at com.github.catvod.host.SiteHolder.doAction(SiteHolder.java:161)
	at com.github.catvod.host.HttpRouter.handleSpider(HttpRouter.java:274)
	at com.github.catvod.host.HttpRouter.handle(HttpRouter.java:205)
	at jdk.httpserver/com.sun.net.httpserver.Filter$Chain.doFilter(Filter.java:98)
	at jdk.httpserver/sun.net.httpserver.AuthFilter.doFilter(AuthFilter.java:82)
	at jdk.httpserver/com.sun.net.httpserver.Filter$Chain.doFilter(Filter.java:101)
	at jdk.httpserver/sun.net.httpserver.ServerImpl$Exchange$LinkHandler.handle(ServerImpl.java:923)
	at jdk.httpserver/com.sun.net.httpserver.Filter$Chain.doFilter(Filter.java:98)
	at jdk.httpserver/sun.net.httpserver.ServerImpl$Exchange.run(ServerImpl.java:899)
	at java.base/java.util.concurrent.ThreadPoolExecutor.runWorker(ThreadPoolExecutor.java:1144)
	at java.base/java.util.concurrent.ThreadPoolExecutor$Worker.run(ThreadPoolExecutor.java:642)
	at java.base/java.lang.Thread.run(Thread.java:1583)
I/SiteHolder: site csp_xpath_saohuotv do=search error: java.lang.NullPointerException: Cannot invoke "com.github.catvod.spider.merge.j.a.k0()" because "this.b" is null
2026-09-17 23:37:06.741 [INFO] GET /api/spider/csp_xpath_saohuotv (3ms)
2026-09-17 23:37:09.985 [INFO] GET /api/spider/push_agent~2 (1ms)
2026-09-17 23:37:10.463 [INFO] GET /api/spider/cms_lzi (459ms)
D/SpiderLog: A JSONObject text must begin with '{' at 1 [character 2 line 1]
D/SpiderLog: A JSONObject text must begin with '{' at 1 [character 2 line 1]
org.json.JSONException: A JSONObject text must begin with '{' at 1 [character 2 line 1]
	at org.json.JSONTokener.syntaxError(JSONTokener.java:507)
	at org.json.JSONObject.<init>(JSONObject.java:222)
	at org.json.JSONObject.<init>(JSONObject.java:406)
	at com.github.catvod.spider.merge.j.a.b(Unknown Source)
	at com.github.catvod.spider.XPath.c(Unknown Source)
	at com.github.catvod.spider.XPath.searchContent(Unknown Source)
	at com.github.catvod.crawler.Spider.searchContent(Spider.java:77)
	at com.github.catvod.host.SiteHolder.doAction(SiteHolder.java:161)
	at com.github.catvod.host.HttpRouter.handleSpider(HttpRouter.java:274)
	at com.github.catvod.host.HttpRouter.handle(HttpRouter.java:205)
	at jdk.httpserver/com.sun.net.httpserver.Filter$Chain.doFilter(Filter.java:98)
	at jdk.httpserver/sun.net.httpserver.AuthFilter.doFilter(AuthFilter.java:82)
	at jdk.httpserver/com.sun.net.httpserver.Filter$Chain.doFilter(Filter.java:101)
	at jdk.httpserver/sun.net.httpserver.ServerImpl$Exchange$LinkHandler.handle(ServerImpl.java:923)
	at jdk.httpserver/com.sun.net.httpserver.Filter$Chain.doFilter(Filter.java:98)
	at jdk.httpserver/sun.net.httpserver.ServerImpl$Exchange.run(ServerImpl.java:899)
	at java.base/java.util.concurrent.ThreadPoolExecutor.runWorker(ThreadPoolExecutor.java:1144)
	at java.base/java.util.concurrent.ThreadPoolExecutor$Worker.run(ThreadPoolExecutor.java:642)
	at java.base/java.lang.Thread.run(Thread.java:1583)
org.json.JSONException: A JSONObject text must begin with '{' at 1 [character 2 line 1]
	at org.json.JSONTokener.syntaxError(JSONTokener.java:507)
	at org.json.JSONObject.<init>(JSONObject.java:222)
	at org.json.JSONObject.<init>(JSONObject.java:406)
	at com.github.catvod.spider.merge.j.a.b(Unknown Source)
	at com.github.catvod.spider.XPath.c(Unknown Source)
	at com.github.catvod.spider.XPath.searchContent(Unknown Source)
	at com.github.catvod.crawler.Spider.searchContent(Spider.java:77)
	at com.github.catvod.host.SiteHolder.doAction(SiteHolder.java:161)
	at com.github.catvod.host.HttpRouter.handleSpider(HttpRouter.java:274)
	at com.github.catvod.host.HttpRouter.handle(HttpRouter.java:205)
	at jdk.httpserver/com.sun.net.httpserver.Filter$Chain.doFilter(Filter.java:98)
	at jdk.httpserver/sun.net.httpserver.AuthFilter.doFilter(AuthFilter.java:82)
	at jdk.httpserver/com.sun.net.httpserver.Filter$Chain.doFilter(Filter.java:101)
	at jdk.httpserver/sun.net.httpserver.ServerImpl$Exchange$LinkHandler.handle(ServerImpl.java:923)
	at jdk.httpserver/com.sun.net.httpserver.Filter$Chain.doFilter(Filter.java:98)
	at jdk.httpserver/sun.net.httpserver.ServerImpl$Exchange.run(ServerImpl.java:899)
	at java.base/java.util.concurrent.ThreadPoolExecutor.runWorker(ThreadPoolExecutor.java:1144)
	at java.base/java.util.concurrent.ThreadPoolExecutor$Worker.run(ThreadPoolExecutor.java:642)
	at java.base/java.lang.Thread.run(Thread.java:1583)
D/SpiderLog: A JSONObject text must begin with '{' at 1 [character 2 line 1]
org.json.JSONException: A JSONObject text must begin with '{' at 1 [character 2 line 1]
	at org.json.JSONTokener.syntaxError(JSONTokener.java:507)
	at org.json.JSONObject.<init>(JSONObject.java:222)
	at org.json.JSONObject.<init>(JSONObject.java:406)
	at com.github.catvod.spider.merge.j.a.b(Unknown Source)
	at com.github.catvod.spider.XPath.c(Unknown Source)
	at com.github.catvod.spider.XPath.searchContent(Unknown Source)
	at com.github.catvod.crawler.Spider.searchContent(Spider.java:77)
	at com.github.catvod.host.SiteHolder.doAction(SiteHolder.java:161)
	at com.github.catvod.host.HttpRouter.handleSpider(HttpRouter.java:274)
	at com.github.catvod.host.HttpRouter.handle(HttpRouter.java:205)
	at jdk.httpserver/com.sun.net.httpserver.Filter$Chain.doFilter(Filter.java:98)
	at jdk.httpserver/sun.net.httpserver.AuthFilter.doFilter(AuthFilter.java:82)
	at jdk.httpserver/com.sun.net.httpserver.Filter$Chain.doFilter(Filter.java:101)
	at jdk.httpserver/sun.net.httpserver.ServerImpl$Exchange$LinkHandler.handle(ServerImpl.java:923)
	at jdk.httpserver/com.sun.net.httpserver.Filter$Chain.doFilter(Filter.java:98)
	at jdk.httpserver/sun.net.httpserver.ServerImpl$Exchange.run(ServerImpl.java:899)
	at java.base/java.util.concurrent.ThreadPoolExecutor.runWorker(ThreadPoolExecutor.java:1144)
	at java.base/java.util.concurrent.ThreadPoolExecutor$Worker.run(ThreadPoolExecutor.java:642)
	at java.base/java.lang.Thread.run(Thread.java:1583)
I/SiteHolder: site csp_xpath_555 do=search error: java.lang.NullPointerException: Cannot invoke "com.github.catvod.spider.merge.j.a.k0()" because "this.b" is null
D/SpiderLog: A JSONObject text must begin with '{' at 1 [character 2 line 1]
org.json.JSONException: A JSONObject text must begin with '{' at 1 [character 2 line 1]
	at org.json.JSONTokener.syntaxError(JSONTokener.java:507)
	at org.json.JSONObject.<init>(JSONObject.java:222)
	at org.json.JSONObject.<init>(JSONObject.java:406)
	at com.github.catvod.spider.merge.j.a.b(Unknown Source)
	at com.github.catvod.spider.XPath.c(Unknown Source)
	at com.github.catvod.spider.XPath.searchContent(Unknown Source)
	at com.github.catvod.crawler.Spider.searchContent(Spider.java:77)
	at com.github.catvod.host.SiteHolder.doAction(SiteHolder.java:161)
	at com.github.catvod.host.HttpRouter.handleSpider(HttpRouter.java:274)
	at com.github.catvod.host.HttpRouter.handle(HttpRouter.java:205)
	at jdk.httpserver/com.sun.net.httpserver.Filter$Chain.doFilter(Filter.java:98)
	at jdk.httpserver/sun.net.httpserver.AuthFilter.doFilter(AuthFilter.java:82)
	at jdk.httpserver/com.sun.net.httpserver.Filter$Chain.doFilter(Filter.java:101)
	at jdk.httpserver/sun.net.httpserver.ServerImpl$Exchange$LinkHandler.handle(ServerImpl.java:923)
	at jdk.httpserver/com.sun.net.httpserver.Filter$Chain.doFilter(Filter.java:98)
	at jdk.httpserver/sun.net.httpserver.ServerImpl$Exchange.run(ServerImpl.java:899)
	at java.base/java.util.concurrent.ThreadPoolExecutor.runWorker(ThreadPoolExecutor.java:1144)
	at java.base/java.util.concurrent.ThreadPoolExecutor$Worker.run(ThreadPoolExecutor.java:642)
	at java.base/java.lang.Thread.run(Thread.java:1583)
I/SiteHolder: site csp_xpath_大师兄 do=search error: java.lang.NullPointerException: Cannot invoke "com.github.catvod.spider.merge.j.a.k0()" because "this.b" is null
I/SiteHolder: site csp_xpath_海兔 do=search error: java.lang.NullPointerException: Cannot invoke "com.github.catvod.spider.merge.j.a.k0()" because "this.b" is null
I/SiteHolder: site csp_xpath_飞兔 do=search error: java.lang.NullPointerException: Cannot invoke "com.github.catvod.spider.merge.j.a.k0()" because "this.b" is null
2026-09-17 23:37:16.756 [INFO] GET /api/spider/csp_xpath_555 (6ms)
2026-09-17 23:37:16.756 [INFO] GET /api/spider/csp_xpath_大师兄 (6ms)
2026-09-17 23:37:16.756 [INFO] GET /api/spider/csp_xpath_海兔 (5ms)
2026-09-17 23:37:16.757 [INFO] GET /api/spider/csp_xpath_飞兔 (4ms)
D/SpiderLog: A JSONObject text must begin with '{' at 1 [character 2 line 1]
org.json.JSONException: A JSONObject text must begin with '{' at 1 [character 2 line 1]
	at org.json.JSONTokener.syntaxError(JSONTokener.java:507)
	at org.json.JSONObject.<init>(JSONObject.java:222)
	at org.json.JSONObject.<init>(JSONObject.java:406)
	at com.github.catvod.spider.merge.j.a.b(Unknown Source)
	at com.github.catvod.spider.XPath.c(Unknown Source)
	at com.github.catvod.spider.XPath.searchContent(Unknown Source)
	at com.github.catvod.crawler.Spider.searchContent(Spider.java:77)
	at com.github.catvod.host.SiteHolder.doAction(SiteHolder.java:161)
	at com.github.catvod.host.HttpRouter.handleSpider(HttpRouter.java:274)
	at com.github.catvod.host.HttpRouter.handle(HttpRouter.java:205)
	at jdk.httpserver/com.sun.net.httpserver.Filter$Chain.doFilter(Filter.java:98)
	at jdk.httpserver/sun.net.httpserver.AuthFilter.doFilter(AuthFilter.java:82)
	at jdk.httpserver/com.sun.net.httpserver.Filter$Chain.doFilter(Filter.java:101)
	at jdk.httpserver/sun.net.httpserver.ServerImpl$Exchange$LinkHandler.handle(ServerImpl.java:923)
	at jdk.httpserver/com.sun.net.httpserver.Filter$Chain.doFilter(Filter.java:98)
	at jdk.httpserver/sun.net.httpserver.ServerImpl$Exchange.run(ServerImpl.java:899)
	at java.base/java.util.concurrent.ThreadPoolExecutor.runWorker(ThreadPoolExecutor.java:1144)
	at java.base/java.util.concurrent.ThreadPoolExecutor$Worker.run(ThreadPoolExecutor.java:642)
	at java.base/java.lang.Thread.run(Thread.java:1583)
2026-09-17 23:37:18.285 [INFO] GET /api/spider/demo (1ms)
I/SiteHolder: site csp_xpath_飞兔成人 do=search error: java.lang.NullPointerException: Cannot invoke "com.github.catvod.spider.merge.j.a.k0()" because "this.b" is null
2026-09-17 23:37:18.287 [INFO] GET /api/spider/csp_xpath_飞兔成人 (2ms)
2026-09-17 23:37:18.299 [INFO] GET /api/spider/smoke (1ms)
2026-09-17 23:37:18.918 [INFO] GET /api/spider/csp_KungFu404 (0ms)
2026-09-17 23:37:18.918 [INFO] GET /api/spider/Biliych (0ms)
2026-09-17 23:37:18.918 [INFO] GET /api/spider/陌陌 (0ms)
2026-09-17 23:37:18.919 [INFO] GET /api/spider/Bili (1ms)
2026-09-17 23:37:18.919 [INFO] GET /api/spider/csp_短剧网 (1ms)
2026-09-17 23:37:18.937 [INFO] GET /api/spider/PanSou (1ms)
2026-09-17 23:37:18.938 [INFO] GET /api/spider/UpYun (0ms)
2026-09-17 23:37:18.942 [INFO] GET /api/spider/PanSearch (1ms)
2026-09-17 23:37:19.526 [INFO] GET /api/spider/cms_lzi (1148ms)
2026-09-17 23:37:20.128 [INFO] GET /api/spider/cms_wujin (582ms)
2026-09-17 23:37:20.134 [INFO] GET /api/spider/csp_douban (1ms)
2026-09-17 23:37:20.138 [INFO] GET /api/spider/苹果 (1ms)
2026-09-17 23:37:27.152 [INFO] GET /api/spider/cms_lzi (2094ms)
2026-09-17 23:37:28.971 [INFO] GET /api/spider/push_agent~2 (1ms)
D/SpiderLog: A JSONObject text must begin with '{' at 1 [character 2 line 1]
org.json.JSONException: A JSONObject text must begin with '{' at 1 [character 2 line 1]
	at org.json.JSONTokener.syntaxError(JSONTokener.java:507)
	at org.json.JSONObject.<init>(JSONObject.java:222)
	at org.json.JSONObject.<init>(JSONObject.java:406)
	at com.github.catvod.spider.merge.j.a.b(Unknown Source)
	at com.github.catvod.spider.XPath.c(Unknown Source)
	at com.github.catvod.spider.XPath.homeContent(Unknown Source)
	at com.github.catvod.host.SiteHolder.doAction(SiteHolder.java:147)
	at com.github.catvod.host.HttpRouter.handleSpider(HttpRouter.java:274)
	at com.github.catvod.host.HttpRouter.handle(HttpRouter.java:205)
	at jdk.httpserver/com.sun.net.httpserver.Filter$Chain.doFilter(Filter.java:98)
	at jdk.httpserver/sun.net.httpserver.AuthFilter.doFilter(AuthFilter.java:82)
	at jdk.httpserver/com.sun.net.httpserver.Filter$Chain.doFilter(Filter.java:101)
	at jdk.httpserver/sun.net.httpserver.ServerImpl$Exchange$LinkHandler.handle(ServerImpl.java:923)
	at jdk.httpserver/com.sun.net.httpserver.Filter$Chain.doFilter(Filter.java:98)
	at jdk.httpserver/sun.net.httpserver.ServerImpl$Exchange.run(ServerImpl.java:899)
	at java.base/java.util.concurrent.ThreadPoolExecutor.runWorker(ThreadPoolExecutor.java:1144)
	at java.base/java.util.concurrent.ThreadPoolExecutor$Worker.run(ThreadPoolExecutor.java:642)
	at java.base/java.lang.Thread.run(Thread.java:1583)
I/SiteHolder: site csp_xpath_saohuotv do=home error: java.lang.NullPointerException: Cannot invoke "com.github.catvod.spider.merge.j.a.e()" because "this.b" is null
2026-09-17 23:37:47.838 [INFO] GET /api/spider/csp_xpath_saohuotv (5ms)
D/SpiderLog: A JSONObject text must begin with '{' at 1 [character 2 line 1]
org.json.JSONException: A JSONObject text must begin with '{' at 1 [character 2 line 1]
	at org.json.JSONTokener.syntaxError(JSONTokener.java:507)
	at org.json.JSONObject.<init>(JSONObject.java:222)
	at org.json.JSONObject.<init>(JSONObject.java:406)
	at com.github.catvod.spider.merge.j.a.b(Unknown Source)
	at com.github.catvod.spider.XPath.c(Unknown Source)
	at com.github.catvod.spider.XPath.homeContent(Unknown Source)
	at com.github.catvod.host.SiteHolder.doAction(SiteHolder.java:147)
	at com.github.catvod.host.HttpRouter.handleSpider(HttpRouter.java:274)
	at com.github.catvod.host.HttpRouter.handle(HttpRouter.java:205)
	at jdk.httpserver/com.sun.net.httpserver.Filter$Chain.doFilter(Filter.java:98)
	at jdk.httpserver/sun.net.httpserver.AuthFilter.doFilter(AuthFilter.java:82)
	at jdk.httpserver/com.sun.net.httpserver.Filter$Chain.doFilter(Filter.java:101)
	at jdk.httpserver/sun.net.httpserver.ServerImpl$Exchange$LinkHandler.handle(ServerImpl.java:923)
	at jdk.httpserver/com.sun.net.httpserver.Filter$Chain.doFilter(Filter.java:98)
	at jdk.httpserver/sun.net.httpserver.ServerImpl$Exchange.run(ServerImpl.java:899)
	at java.base/java.util.concurrent.ThreadPoolExecutor.runWorker(ThreadPoolExecutor.java:1144)
	at java.base/java.util.concurrent.ThreadPoolExecutor$Worker.run(ThreadPoolExecutor.java:642)
	at java.base/java.lang.Thread.run(Thread.java:1583)
I/SiteHolder: site csp_xpath_大师兄 do=home error: java.lang.NullPointerException: Cannot invoke "com.github.catvod.spider.merge.j.a.e()" because "this.b" is null
2026-09-17 23:37:49.452 [INFO] GET /api/spider/csp_xpath_大师兄 (1ms)
D/SpiderLog: A JSONObject text must begin with '{' at 1 [character 2 line 1]
org.json.JSONException: A JSONObject text must begin with '{' at 1 [character 2 line 1]
	at org.json.JSONTokener.syntaxError(JSONTokener.java:507)
	at org.json.JSONObject.<init>(JSONObject.java:222)
	at org.json.JSONObject.<init>(JSONObject.java:406)
	at com.github.catvod.spider.merge.j.a.b(Unknown Source)
	at com.github.catvod.spider.XPath.c(Unknown Source)
	at com.github.catvod.spider.XPath.homeContent(Unknown Source)
	at com.github.catvod.host.SiteHolder.doAction(SiteHolder.java:147)
	at com.github.catvod.host.HttpRouter.handleSpider(HttpRouter.java:274)
	at com.github.catvod.host.HttpRouter.handle(HttpRouter.java:205)
	at jdk.httpserver/com.sun.net.httpserver.Filter$Chain.doFilter(Filter.java:98)
	at jdk.httpserver/sun.net.httpserver.AuthFilter.doFilter(AuthFilter.java:82)
	at jdk.httpserver/com.sun.net.httpserver.Filter$Chain.doFilter(Filter.java:101)
	at jdk.httpserver/sun.net.httpserver.ServerImpl$Exchange$LinkHandler.handle(ServerImpl.java:923)
	at jdk.httpserver/com.sun.net.httpserver.Filter$Chain.doFilter(Filter.java:98)
	at jdk.httpserver/sun.net.httpserver.ServerImpl$Exchange.run(ServerImpl.java:899)
	at java.base/java.util.concurrent.ThreadPoolExecutor.runWorker(ThreadPoolExecutor.java:1144)
	at java.base/java.util.concurrent.ThreadPoolExecutor$Worker.run(ThreadPoolExecutor.java:642)
	at java.base/java.lang.Thread.run(Thread.java:1583)
I/SiteHolder: site csp_xpath_555 do=home error: java.lang.NullPointerException: Cannot invoke "com.github.catvod.spider.merge.j.a.e()" because "this.b" is null
2026-09-17 23:37:49.457 [INFO] GET /api/spider/csp_xpath_555 (2ms)
D/SpiderLog: A JSONObject text must begin with '{' at 1 [character 2 line 1]
org.json.JSONException: A JSONObject text must begin with '{' at 1 [character 2 line 1]
	at org.json.JSONTokener.syntaxError(JSONTokener.java:507)
	at org.json.JSONObject.<init>(JSONObject.java:222)
	at org.json.JSONObject.<init>(JSONObject.java:406)
	at com.github.catvod.spider.merge.j.a.b(Unknown Source)
	at com.github.catvod.spider.XPath.c(Unknown Source)
	at com.github.catvod.spider.XPath.homeContent(Unknown Source)
	at com.github.catvod.host.SiteHolder.doAction(SiteHolder.java:147)
	at com.github.catvod.host.HttpRouter.handleSpider(HttpRouter.java:274)
	at com.github.catvod.host.HttpRouter.handle(HttpRouter.java:205)
	at jdk.httpserver/com.sun.net.httpserver.Filter$Chain.doFilter(Filter.java:98)
	at jdk.httpserver/sun.net.httpserver.AuthFilter.doFilter(AuthFilter.java:82)
	at jdk.httpserver/com.sun.net.httpserver.Filter$Chain.doFilter(Filter.java:101)
	at jdk.httpserver/sun.net.httpserver.ServerImpl$Exchange$LinkHandler.handle(ServerImpl.java:923)
	at jdk.httpserver/com.sun.net.httpserver.Filter$Chain.doFilter(Filter.java:98)
	at jdk.httpserver/sun.net.httpserver.ServerImpl$Exchange.run(ServerImpl.java:899)
	at java.base/java.util.concurrent.ThreadPoolExecutor.runWorker(ThreadPoolExecutor.java:1144)
	at java.base/java.util.concurrent.ThreadPoolExecutor$Worker.run(ThreadPoolExecutor.java:642)
	at java.base/java.lang.Thread.run(Thread.java:1583)
I/SiteHolder: site csp_xpath_海兔 do=home error: java.lang.NullPointerException: Cannot invoke "com.github.catvod.spider.merge.j.a.e()" because "this.b" is null
2026-09-17 23:37:49.460 [INFO] GET /api/spider/csp_xpath_海兔 (1ms)
D/SpiderLog: A JSONObject text must begin with '{' at 1 [character 2 line 1]
org.json.JSONException: A JSONObject text must begin with '{' at 1 [character 2 line 1]
	at org.json.JSONTokener.syntaxError(JSONTokener.java:507)
	at org.json.JSONObject.<init>(JSONObject.java:222)
	at org.json.JSONObject.<init>(JSONObject.java:406)
	at com.github.catvod.spider.merge.j.a.b(Unknown Source)
	at com.github.catvod.spider.XPath.c(Unknown Source)
	at com.github.catvod.spider.XPath.homeContent(Unknown Source)
	at com.github.catvod.host.SiteHolder.doAction(SiteHolder.java:147)
	at com.github.catvod.host.HttpRouter.handleSpider(HttpRouter.java:274)
	at com.github.catvod.host.HttpRouter.handle(HttpRouter.java:205)
	at jdk.httpserver/com.sun.net.httpserver.Filter$Chain.doFilter(Filter.java:98)
	at jdk.httpserver/sun.net.httpserver.AuthFilter.doFilter(AuthFilter.java:82)
	at jdk.httpserver/com.sun.net.httpserver.Filter$Chain.doFilter(Filter.java:101)
	at jdk.httpserver/sun.net.httpserver.ServerImpl$Exchange$LinkHandler.handle(ServerImpl.java:923)
	at jdk.httpserver/com.sun.net.httpserver.Filter$Chain.doFilter(Filter.java:98)
	at jdk.httpserver/sun.net.httpserver.ServerImpl$Exchange.run(ServerImpl.java:899)
	at java.base/java.util.concurrent.ThreadPoolExecutor.runWorker(ThreadPoolExecutor.java:1144)
	at java.base/java.util.concurrent.ThreadPoolExecutor$Worker.run(ThreadPoolExecutor.java:642)
	at java.base/java.lang.Thread.run(Thread.java:1583)
I/SiteHolder: site csp_xpath_飞兔 do=home error: java.lang.NullPointerException: Cannot invoke "com.github.catvod.spider.merge.j.a.e()" because "this.b" is null
2026-09-17 23:37:49.464 [INFO] GET /api/spider/csp_xpath_飞兔 (1ms)
D/SpiderLog: A JSONObject text must begin with '{' at 1 [character 2 line 1]
org.json.JSONException: A JSONObject text must begin with '{' at 1 [character 2 line 1]
	at org.json.JSONTokener.syntaxError(JSONTokener.java:507)
	at org.json.JSONObject.<init>(JSONObject.java:222)
	at org.json.JSONObject.<init>(JSONObject.java:406)
	at com.github.catvod.spider.merge.j.a.b(Unknown Source)
	at com.github.catvod.spider.XPath.c(Unknown Source)
	at com.github.catvod.spider.XPath.homeContent(Unknown Source)
	at com.github.catvod.host.SiteHolder.doAction(SiteHolder.java:147)
	at com.github.catvod.host.HttpRouter.handleSpider(HttpRouter.java:274)
	at com.github.catvod.host.HttpRouter.handle(HttpRouter.java:205)
	at jdk.httpserver/com.sun.net.httpserver.Filter$Chain.doFilter(Filter.java:98)
	at jdk.httpserver/sun.net.httpserver.AuthFilter.doFilter(AuthFilter.java:82)
	at jdk.httpserver/com.sun.net.httpserver.Filter$Chain.doFilter(Filter.java:101)
	at jdk.httpserver/sun.net.httpserver.ServerImpl$Exchange$LinkHandler.handle(ServerImpl.java:923)
	at jdk.httpserver/com.sun.net.httpserver.Filter$Chain.doFilter(Filter.java:98)
	at jdk.httpserver/sun.net.httpserver.ServerImpl$Exchange.run(ServerImpl.java:899)
	at java.base/java.util.concurrent.ThreadPoolExecutor.runWorker(ThreadPoolExecutor.java:1144)
	at java.base/java.util.concurrent.ThreadPoolExecutor$Worker.run(ThreadPoolExecutor.java:642)
	at java.base/java.lang.Thread.run(Thread.java:1583)
I/SiteHolder: site csp_xpath_飞兔成人 do=home error: java.lang.NullPointerException: Cannot invoke "com.github.catvod.spider.merge.j.a.e()" because "this.b" is null
2026-09-17 23:37:49.479 [INFO] GET /api/spider/csp_xpath_飞兔成人 (8ms)
2026-09-17 23:37:49.486 [INFO] GET /api/spider/本地 (3ms)
2026-09-17 23:37:54.949 [INFO] GET /api/spider/csp_短剧网 (1ms)
2026-09-17 23:37:54.951 [INFO] GET /api/spider/陌陌 (0ms)
2026-09-17 23:37:54.958 [INFO] GET /api/spider/Bili (5ms)
2026-09-17 23:37:54.962 [INFO] GET /api/spider/Biliych (1ms)
2026-09-17 23:37:54.966 [INFO] GET /api/spider/csp_KungFu404 (0ms)
2026-09-17 23:37:54.969 [INFO] GET /api/spider/配置中心 (1ms)
2026-09-17 23:37:54.975 [INFO] GET /api/spider/PanSou (1ms)
2026-09-17 23:37:54.981 [INFO] GET /api/spider/UpYun (2ms)
2026-09-17 23:37:54.988 [INFO] GET /api/spider/PanSearch (2ms)
2026-09-17 23:38:01.660 [INFO] GET /api/spider/smoke (2ms)
2026-09-17 23:38:01.660 [INFO] GET /api/spider/demo (4ms)
2026-09-17 23:38:01.665 [INFO] GET /api/spider/苹果 (1ms)
2026-09-17 23:38:02.805 [INFO] GET /api/spider/cms_lzi (1144ms)
D/SpiderLog: A JSONObject text must begin with '{' at 1 [character 2 line 1]
org.json.JSONException: A JSONObject text must begin with '{' at 1 [character 2 line 1]
	at org.json.JSONTokener.syntaxError(JSONTokener.java:507)
	at org.json.JSONObject.<init>(JSONObject.java:222)
	at org.json.JSONObject.<init>(JSONObject.java:406)
	at com.github.catvod.spider.merge.j.a.b(Unknown Source)
	at com.github.catvod.spider.XPath.c(Unknown Source)
	at com.github.catvod.spider.XPath.searchContent(Unknown Source)
	at com.github.catvod.crawler.Spider.searchContent(Spider.java:77)
	at com.github.catvod.host.SiteHolder.doAction(SiteHolder.java:161)
	at com.github.catvod.host.HttpRouter.handleSpider(HttpRouter.java:274)
	at com.github.catvod.host.HttpRouter.handle(HttpRouter.java:205)
	at jdk.httpserver/com.sun.net.httpserver.Filter$Chain.doFilter(Filter.java:98)
	at jdk.httpserver/sun.net.httpserver.AuthFilter.doFilter(AuthFilter.java:82)
	at jdk.httpserver/com.sun.net.httpserver.Filter$Chain.doFilter(Filter.java:101)
	at jdk.httpserver/sun.net.httpserver.ServerImpl$Exchange$LinkHandler.handle(ServerImpl.java:923)
	at jdk.httpserver/com.sun.net.httpserver.Filter$Chain.doFilter(Filter.java:98)
	at jdk.httpserver/sun.net.httpserver.ServerImpl$Exchange.run(ServerImpl.java:899)
	at java.base/java.util.concurrent.ThreadPoolExecutor.runWorker(ThreadPoolExecutor.java:1144)
	at java.base/java.util.concurrent.ThreadPoolExecutor$Worker.run(ThreadPoolExecutor.java:642)
	at java.base/java.lang.Thread.run(Thread.java:1583)
I/SiteHolder: site csp_xpath_saohuotv do=search error: java.lang.NullPointerException: Cannot invoke "com.github.catvod.spider.merge.j.a.k0()" because "this.b" is null
2026-09-17 23:38:02.816 [INFO] GET /api/spider/csp_xpath_saohuotv (1ms)
D/SpiderLog: A JSONObject text must begin with '{' at 1 [character 2 line 1]
D/SpiderLog: A JSONObject text must begin with '{' at 1 [character 2 line 1]
org.json.JSONException: A JSONObject text must begin with '{' at 1 [character 2 line 1]
	at org.json.JSONTokener.syntaxError(JSONTokener.java:507)
	at org.json.JSONObject.<init>(JSONObject.java:222)
	at org.json.JSONObject.<init>(JSONObject.java:406)
	at com.github.catvod.spider.merge.j.a.b(Unknown Source)
	at com.github.catvod.spider.XPath.c(Unknown Source)
	at com.github.catvod.spider.XPath.searchContent(Unknown Source)
	at com.github.catvod.crawler.Spider.searchContent(Spider.java:77)
	at com.github.catvod.host.SiteHolder.doAction(SiteHolder.java:161)
	at com.github.catvod.host.HttpRouter.handleSpider(HttpRouter.java:274)
	at com.github.catvod.host.HttpRouter.handle(HttpRouter.java:205)
	at jdk.httpserver/com.sun.net.httpserver.Filter$Chain.doFilter(Filter.java:98)
	at jdk.httpserver/sun.net.httpserver.AuthFilter.doFilter(AuthFilter.java:82)
	at jdk.httpserver/com.sun.net.httpserver.Filter$Chain.doFilter(Filter.java:101)
	at jdk.httpserver/sun.net.httpserver.ServerImpl$Exchange$LinkHandler.handle(ServerImpl.java:923)
	at jdk.httpserver/com.sun.net.httpserver.Filter$Chain.doFilter(Filter.java:98)
	at jdk.httpserver/sun.net.httpserver.ServerImpl$Exchange.run(ServerImpl.java:899)
	at java.base/java.util.concurrent.ThreadPoolExecutor.runWorker(ThreadPoolExecutor.java:1144)
	at java.base/java.util.concurrent.ThreadPoolExecutor$Worker.run(ThreadPoolExecutor.java:642)
	at java.base/java.lang.Thread.run(Thread.java:1583)
D/SpiderLog: A JSONObject text must begin with '{' at 1 [character 2 line 1]
org.json.JSONException: A JSONObject text must begin with '{' at 1 [character 2 line 1]
	at org.json.JSONTokener.syntaxError(JSONTokener.java:507)
	at org.json.JSONObject.<init>(JSONObject.java:222)
	at org.json.JSONObject.<init>(JSONObject.java:406)
	at com.github.catvod.spider.merge.j.a.b(Unknown Source)
	at com.github.catvod.spider.XPath.c(Unknown Source)
	at com.github.catvod.spider.XPath.searchContent(Unknown Source)
	at com.github.catvod.crawler.Spider.searchContent(Spider.java:77)
	at com.github.catvod.host.SiteHolder.doAction(SiteHolder.java:161)
	at com.github.catvod.host.HttpRouter.handleSpider(HttpRouter.java:274)
	at com.github.catvod.host.HttpRouter.handle(HttpRouter.java:205)
	at jdk.httpserver/com.sun.net.httpserver.Filter$Chain.doFilter(Filter.java:98)
	at jdk.httpserver/sun.net.httpserver.AuthFilter.doFilter(AuthFilter.java:82)
	at jdk.httpserver/com.sun.net.httpserver.Filter$Chain.doFilter(Filter.java:101)
	at jdk.httpserver/sun.net.httpserver.ServerImpl$Exchange$LinkHandler.handle(ServerImpl.java:923)
	at jdk.httpserver/com.sun.net.httpserver.Filter$Chain.doFilter(Filter.java:98)
	at jdk.httpserver/sun.net.httpserver.ServerImpl$Exchange.run(ServerImpl.java:899)
	at java.base/java.util.concurrent.ThreadPoolExecutor.runWorker(ThreadPoolExecutor.java:1144)
	at java.base/java.util.concurrent.ThreadPoolExecutor$Worker.run(ThreadPoolExecutor.java:642)
	at java.base/java.lang.Thread.run(Thread.java:1583)
D/SpiderLog: A JSONObject text must begin with '{' at 1 [character 2 line 1]
org.json.JSONException: A JSONObject text must begin with '{' at 1 [character 2 line 1]
	at org.json.JSONTokener.syntaxError(JSONTokener.java:507)
	at org.json.JSONObject.<init>(JSONObject.java:222)
	at org.json.JSONObject.<init>(JSONObject.java:406)
	at com.github.catvod.spider.merge.j.a.b(Unknown Source)
	at com.github.catvod.spider.XPath.c(Unknown Source)
	at com.github.catvod.spider.XPath.searchContent(Unknown Source)
	at com.github.catvod.crawler.Spider.searchContent(Spider.java:77)
	at com.github.catvod.host.SiteHolder.doAction(SiteHolder.java:161)
	at com.github.catvod.host.HttpRouter.handleSpider(HttpRouter.java:274)
	at com.github.catvod.host.HttpRouter.handle(HttpRouter.java:205)
	at jdk.httpserver/com.sun.net.httpserver.Filter$Chain.doFilter(Filter.java:98)
	at jdk.httpserver/sun.net.httpserver.AuthFilter.doFilter(AuthFilter.java:82)
	at jdk.httpserver/com.sun.net.httpserver.Filter$Chain.doFilter(Filter.java:101)
	at jdk.httpserver/sun.net.httpserver.ServerImpl$Exchange$LinkHandler.handle(ServerImpl.java:923)
	at jdk.httpserver/com.sun.net.httpserver.Filter$Chain.doFilter(Filter.java:98)
	at jdk.httpserver/sun.net.httpserver.ServerImpl$Exchange.run(ServerImpl.java:899)
	at java.base/java.util.concurrent.ThreadPoolExecutor.runWorker(ThreadPoolExecutor.java:1144)
	at java.base/java.util.concurrent.ThreadPoolExecutor$Worker.run(ThreadPoolExecutor.java:642)
	at java.base/java.lang.Thread.run(Thread.java:1583)
org.json.JSONException: A JSONObject text must begin with '{' at 1 [character 2 line 1]
	at org.json.JSONTokener.syntaxError(JSONTokener.java:507)
	at org.json.JSONObject.<init>(JSONObject.java:222)
	at org.json.JSONObject.<init>(JSONObject.java:406)
	at com.github.catvod.spider.merge.j.a.b(Unknown Source)
	at com.github.catvod.spider.XPath.c(Unknown Source)
	at com.github.catvod.spider.XPath.searchContent(Unknown Source)
	at com.github.catvod.crawler.Spider.searchContent(Spider.java:77)
	at com.github.catvod.host.SiteHolder.doAction(SiteHolder.java:161)
	at com.github.catvod.host.HttpRouter.handleSpider(HttpRouter.java:274)
	at com.github.catvod.host.HttpRouter.handle(HttpRouter.java:205)
	at jdk.httpserver/com.sun.net.httpserver.Filter$Chain.doFilter(Filter.java:98)
	at jdk.httpserver/sun.net.httpserver.AuthFilter.doFilter(AuthFilter.java:82)
	at jdk.httpserver/com.sun.net.httpserver.Filter$Chain.doFilter(Filter.java:101)
	at jdk.httpserver/sun.net.httpserver.ServerImpl$Exchange$LinkHandler.handle(ServerImpl.java:923)
	at jdk.httpserver/com.sun.net.httpserver.Filter$Chain.doFilter(Filter.java:98)
	at jdk.httpserver/sun.net.httpserver.ServerImpl$Exchange.run(ServerImpl.java:899)
	at java.base/java.util.concurrent.ThreadPoolExecutor.runWorker(ThreadPoolExecutor.java:1144)
	at java.base/java.util.concurrent.ThreadPoolExecutor$Worker.run(ThreadPoolExecutor.java:642)
	at java.base/java.lang.Thread.run(Thread.java:1583)
D/SpiderLog: A JSONObject text must begin with '{' at 1 [character 2 line 1]
org.json.JSONException: A JSONObject text must begin with '{' at 1 [character 2 line 1]
	at org.json.JSONTokener.syntaxError(JSONTokener.java:507)
	at org.json.JSONObject.<init>(JSONObject.java:222)
	at org.json.JSONObject.<init>(JSONObject.java:406)
	at com.github.catvod.spider.merge.j.a.b(Unknown Source)
	at com.github.catvod.spider.XPath.c(Unknown Source)
	at com.github.catvod.spider.XPath.searchContent(Unknown Source)
	at com.github.catvod.crawler.Spider.searchContent(Spider.java:77)
	at com.github.catvod.host.SiteHolder.doAction(SiteHolder.java:161)
	at com.github.catvod.host.HttpRouter.handleSpider(HttpRouter.java:274)
	at com.github.catvod.host.HttpRouter.handle(HttpRouter.java:205)
	at jdk.httpserver/com.sun.net.httpserver.Filter$Chain.doFilter(Filter.java:98)
	at jdk.httpserver/sun.net.httpserver.AuthFilter.doFilter(AuthFilter.java:82)
	at jdk.httpserver/com.sun.net.httpserver.Filter$Chain.doFilter(Filter.java:101)
	at jdk.httpserver/sun.net.httpserver.ServerImpl$Exchange$LinkHandler.handle(ServerImpl.java:923)
	at jdk.httpserver/com.sun.net.httpserver.Filter$Chain.doFilter(Filter.java:98)
	at jdk.httpserver/sun.net.httpserver.ServerImpl$Exchange.run(ServerImpl.java:899)
	at java.base/java.util.concurrent.ThreadPoolExecutor.runWorker(ThreadPoolExecutor.java:1144)
	at java.base/java.util.concurrent.ThreadPoolExecutor$Worker.run(ThreadPoolExecutor.java:642)
	at java.base/java.lang.Thread.run(Thread.java:1583)
I/SiteHolder: site csp_xpath_大师兄 do=search error: java.lang.NullPointerException: Cannot invoke "com.github.catvod.spider.merge.j.a.k0()" because "this.b" is null
I/SiteHolder: site csp_xpath_海兔 do=search error: java.lang.NullPointerException: Cannot invoke "com.github.catvod.spider.merge.j.a.k0()" because "this.b" is null
I/SiteHolder: site csp_xpath_飞兔 do=search error: java.lang.NullPointerException: Cannot invoke "com.github.catvod.spider.merge.j.a.k0()" because "this.b" is null
I/SiteHolder: site csp_xpath_555 do=search error: java.lang.NullPointerException: Cannot invoke "com.github.catvod.spider.merge.j.a.k0()" because "this.b" is null
I/SiteHolder: site csp_xpath_飞兔成人 do=search error: java.lang.NullPointerException: Cannot invoke "com.github.catvod.spider.merge.j.a.k0()" because "this.b" is null
2026-09-17 23:38:12.838 [INFO] GET /api/spider/csp_xpath_555 (12ms)
2026-09-17 23:38:12.839 [INFO] GET /api/spider/csp_xpath_飞兔成人 (8ms)
2026-09-17 23:38:12.839 [INFO] GET /api/spider/csp_xpath_飞兔 (9ms)
2026-09-17 23:38:12.839 [INFO] GET /api/spider/csp_xpath_大师兄 (12ms)
2026-09-17 23:38:12.839 [INFO] GET /api/spider/csp_xpath_海兔 (11ms)
2026-09-17 23:38:17.701 [INFO] GET /api/spider/csp_短剧网 (1ms)
2026-09-17 23:38:17.702 [INFO] GET /api/spider/陌陌 (0ms)
2026-09-17 23:38:17.704 [INFO] GET /api/spider/Bili (0ms)
2026-09-17 23:38:17.704 [INFO] GET /api/spider/Biliych (0ms)
2026-09-17 23:38:17.706 [INFO] GET /api/spider/csp_KungFu404 (0ms)
2026-09-17 23:38:17.707 [INFO] GET /api/spider/PanSou (0ms)
2026-09-17 23:38:17.710 [INFO] GET /api/spider/UpYun (1ms)
2026-09-17 23:38:17.710 [INFO] GET /api/spider/PanSearch (0ms)
2026-09-17 23:38:27.722 [INFO] GET /api/spider/push_agent~2 (2ms)
2026-09-17 23:38:40.818 [INFO] GET /api/spider/push_agent~2 (1ms)
2026-09-17 23:38:42.131 [INFO] GET /api/spider/cms_lzi (1308ms)
2026-09-17 23:44:44.592 [INFO] GET /api/config (13ms)
2026-09-17 23:44:45.637 [INFO] GET /api/spider/cms_lzi (868ms)
2026-09-17 23:44:46.285 [INFO] GET /api/spider/csp_douban (6ms)
2026-09-17 23:44:46.285 [INFO] GET /api/spider/demo (4ms)
2026-09-17 23:44:46.286 [INFO] GET /api/spider/新浪资源 (1ms)
2026-09-17 23:44:46.286 [INFO] GET /api/spider/smoke (5ms)
2026-09-17 23:44:46.288 [INFO] GET /api/spider/苹果 (5ms)
2026-09-17 23:44:46.783 [INFO] GET /api/spider/cms_lzi (1137ms)
2026-09-17 23:44:47.573 [INFO] GET /health (7ms)
2026-09-17 23:44:51.605 [INFO] GET /health (1ms)
D/SpiderLog: A JSONObject text must begin with '{' at 1 [character 2 line 1]
D/SpiderLog: A JSONObject text must begin with '{' at 1 [character 2 line 1]
org.json.JSONException: A JSONObject text must begin with '{' at 1 [character 2 line 1]
	at org.json.JSONTokener.syntaxError(JSONTokener.java:507)
	at org.json.JSONObject.<init>(JSONObject.java:222)
	at org.json.JSONObject.<init>(JSONObject.java:406)
	at com.github.catvod.spider.merge.j.a.b(Unknown Source)
	at com.github.catvod.spider.XPath.c(Unknown Source)
	at com.github.catvod.spider.XPath.homeContent(Unknown Source)
	at com.github.catvod.host.SiteHolder.doAction(SiteHolder.java:147)
	at com.github.catvod.host.HttpRouter.handleSpider(HttpRouter.java:274)
	at com.github.catvod.host.HttpRouter.handle(HttpRouter.java:205)
	at jdk.httpserver/com.sun.net.httpserver.Filter$Chain.doFilter(Filter.java:98)
	at jdk.httpserver/sun.net.httpserver.AuthFilter.doFilter(AuthFilter.java:82)
	at jdk.httpserver/com.sun.net.httpserver.Filter$Chain.doFilter(Filter.java:101)
	at jdk.httpserver/sun.net.httpserver.ServerImpl$Exchange$LinkHandler.handle(ServerImpl.java:923)
	at jdk.httpserver/com.sun.net.httpserver.Filter$Chain.doFilter(Filter.java:98)
	at jdk.httpserver/sun.net.httpserver.ServerImpl$Exchange.run(ServerImpl.java:899)
	at java.base/java.util.concurrent.ThreadPoolExecutor.runWorker(ThreadPoolExecutor.java:1144)
	at java.base/java.util.concurrent.ThreadPoolExecutor$Worker.run(ThreadPoolExecutor.java:642)
	at java.base/java.lang.Thread.run(Thread.java:1583)
D/SpiderLog: A JSONObject text must begin with '{' at 1 [character 2 line 1]
org.json.JSONException: A JSONObject text must begin with '{' at 1 [character 2 line 1]
	at org.json.JSONTokener.syntaxError(JSONTokener.java:507)
	at org.json.JSONObject.<init>(JSONObject.java:222)
	at org.json.JSONObject.<init>(JSONObject.java:406)
	at com.github.catvod.spider.merge.j.a.b(Unknown Source)
	at com.github.catvod.spider.XPath.c(Unknown Source)
	at com.github.catvod.spider.XPath.homeContent(Unknown Source)
	at com.github.catvod.host.SiteHolder.doAction(SiteHolder.java:147)
	at com.github.catvod.host.HttpRouter.handleSpider(HttpRouter.java:274)
	at com.github.catvod.host.HttpRouter.handle(HttpRouter.java:205)
	at jdk.httpserver/com.sun.net.httpserver.Filter$Chain.doFilter(Filter.java:98)
	at jdk.httpserver/sun.net.httpserver.AuthFilter.doFilter(AuthFilter.java:82)
	at jdk.httpserver/com.sun.net.httpserver.Filter$Chain.doFilter(Filter.java:101)
	at jdk.httpserver/sun.net.httpserver.ServerImpl$Exchange$LinkHandler.handle(ServerImpl.java:923)
	at jdk.httpserver/com.sun.net.httpserver.Filter$Chain.doFilter(Filter.java:98)
	at jdk.httpserver/sun.net.httpserver.ServerImpl$Exchange.run(ServerImpl.java:899)
	at java.base/java.util.concurrent.ThreadPoolExecutor.runWorker(ThreadPoolExecutor.java:1144)
	at java.base/java.util.concurrent.ThreadPoolExecutor$Worker.run(ThreadPoolExecutor.java:642)
	at java.base/java.lang.Thread.run(Thread.java:1583)
D/SpiderLog: A JSONObject text must begin with '{' at 1 [character 2 line 1]
org.json.JSONException: A JSONObject text must begin with '{' at 1 [character 2 line 1]
	at org.json.JSONTokener.syntaxError(JSONTokener.java:507)
	at org.json.JSONObject.<init>(JSONObject.java:222)
	at org.json.JSONObject.<init>(JSONObject.java:406)
	at com.github.catvod.spider.merge.j.a.b(Unknown Source)
	at com.github.catvod.spider.XPath.c(Unknown Source)
	at com.github.catvod.spider.XPath.homeContent(Unknown Source)
	at com.github.catvod.host.SiteHolder.doAction(SiteHolder.java:147)
	at com.github.catvod.host.HttpRouter.handleSpider(HttpRouter.java:274)
	at com.github.catvod.host.HttpRouter.handle(HttpRouter.java:205)
	at jdk.httpserver/com.sun.net.httpserver.Filter$Chain.doFilter(Filter.java:98)
	at jdk.httpserver/sun.net.httpserver.AuthFilter.doFilter(AuthFilter.java:82)
	at jdk.httpserver/com.sun.net.httpserver.Filter$Chain.doFilter(Filter.java:101)
	at jdk.httpserver/sun.net.httpserver.ServerImpl$Exchange$LinkHandler.handle(ServerImpl.java:923)
	at jdk.httpserver/com.sun.net.httpserver.Filter$Chain.doFilter(Filter.java:98)
	at jdk.httpserver/sun.net.httpserver.ServerImpl$Exchange.run(ServerImpl.java:899)
	at java.base/java.util.concurrent.ThreadPoolExecutor.runWorker(ThreadPoolExecutor.java:1144)
	at java.base/java.util.concurrent.ThreadPoolExecutor$Worker.run(ThreadPoolExecutor.java:642)
	at java.base/java.lang.Thread.run(Thread.java:1583)
D/SpiderLog: A JSONObject text must begin with '{' at 1 [character 2 line 1]
org.json.JSONException: A JSONObject text must begin with '{' at 1 [character 2 line 1]
	at org.json.JSONTokener.syntaxError(JSONTokener.java:507)
	at org.json.JSONObject.<init>(JSONObject.java:222)
	at org.json.JSONObject.<init>(JSONObject.java:406)
	at com.github.catvod.spider.merge.j.a.b(Unknown Source)
	at com.github.catvod.spider.XPath.c(Unknown Source)
	at com.github.catvod.spider.XPath.homeContent(Unknown Source)
	at com.github.catvod.host.SiteHolder.doAction(SiteHolder.java:147)
	at com.github.catvod.host.HttpRouter.handleSpider(HttpRouter.java:274)
	at com.github.catvod.host.HttpRouter.handle(HttpRouter.java:205)
	at jdk.httpserver/com.sun.net.httpserver.Filter$Chain.doFilter(Filter.java:98)
	at jdk.httpserver/sun.net.httpserver.AuthFilter.doFilter(AuthFilter.java:82)
	at jdk.httpserver/com.sun.net.httpserver.Filter$Chain.doFilter(Filter.java:101)
	at jdk.httpserver/sun.net.httpserver.ServerImpl$Exchange$LinkHandler.handle(ServerImpl.java:923)
	at jdk.httpserver/com.sun.net.httpserver.Filter$Chain.doFilter(Filter.java:98)
	at jdk.httpserver/sun.net.httpserver.ServerImpl$Exchange.run(ServerImpl.java:899)
	at java.base/java.util.concurrent.ThreadPoolExecutor.runWorker(ThreadPoolExecutor.java:1144)
	at java.base/java.util.concurrent.ThreadPoolExecutor$Worker.run(ThreadPoolExecutor.java:642)
	at java.base/java.lang.Thread.run(Thread.java:1583)
org.json.JSONException: A JSONObject text must begin with '{' at 1 [character 2 line 1]
	at org.json.JSONTokener.syntaxError(JSONTokener.java:507)
	at org.json.JSONObject.<init>(JSONObject.java:222)
	at org.json.JSONObject.<init>(JSONObject.java:406)
	at com.github.catvod.spider.merge.j.a.b(Unknown Source)
	at com.github.catvod.spider.XPath.c(Unknown Source)
	at com.github.catvod.spider.XPath.homeContent(Unknown Source)
	at com.github.catvod.host.SiteHolder.doAction(SiteHolder.java:147)
	at com.github.catvod.host.HttpRouter.handleSpider(HttpRouter.java:274)
	at com.github.catvod.host.HttpRouter.handle(HttpRouter.java:205)
	at jdk.httpserver/com.sun.net.httpserver.Filter$Chain.doFilter(Filter.java:98)
	at jdk.httpserver/sun.net.httpserver.AuthFilter.doFilter(AuthFilter.java:82)
	at jdk.httpserver/com.sun.net.httpserver.Filter$Chain.doFilter(Filter.java:101)
	at jdk.httpserver/sun.net.httpserver.ServerImpl$Exchange$LinkHandler.handle(ServerImpl.java:923)
	at jdk.httpserver/com.sun.net.httpserver.Filter$Chain.doFilter(Filter.java:98)
	at jdk.httpserver/sun.net.httpserver.ServerImpl$Exchange.run(ServerImpl.java:899)
	at java.base/java.util.concurrent.ThreadPoolExecutor.runWorker(ThreadPoolExecutor.java:1144)
	at java.base/java.util.concurrent.ThreadPoolExecutor$Worker.run(ThreadPoolExecutor.java:642)
	at java.base/java.lang.Thread.run(Thread.java:1583)
2026-09-17 23:44:54.289 [INFO] GET /api/spider/电影天堂 (3ms)
I/SiteHolder: site csp_xpath_海兔 do=home error: java.lang.NullPointerException: Cannot invoke "com.github.catvod.spider.merge.j.a.e()" because "this.b" is null
I/SiteHolder: site csp_xpath_大师兄 do=home error: java.lang.NullPointerException: Cannot invoke "com.github.catvod.spider.merge.j.a.e()" because "this.b" is null
I/SiteHolder: site csp_xpath_555 do=home error: java.lang.NullPointerException: Cannot invoke "com.github.catvod.spider.merge.j.a.e()" because "this.b" is null
I/SiteHolder: site csp_xpath_飞兔 do=home error: java.lang.NullPointerException: Cannot invoke "com.github.catvod.spider.merge.j.a.e()" because "this.b" is null
I/SiteHolder: site csp_xpath_saohuotv do=home error: java.lang.NullPointerException: Cannot invoke "com.github.catvod.spider.merge.j.a.e()" because "this.b" is null
D/SpiderLog: A JSONObject text must begin with '{' at 1 [character 2 line 1]
org.json.JSONException: A JSONObject text must begin with '{' at 1 [character 2 line 1]
	at org.json.JSONTokener.syntaxError(JSONTokener.java:507)
	at org.json.JSONObject.<init>(JSONObject.java:222)
	at org.json.JSONObject.<init>(JSONObject.java:406)
	at com.github.catvod.spider.merge.j.a.b(Unknown Source)
	at com.github.catvod.spider.XPath.c(Unknown Source)
	at com.github.catvod.spider.XPath.homeContent(Unknown Source)
	at com.github.catvod.host.SiteHolder.doAction(SiteHolder.java:147)
	at com.github.catvod.host.HttpRouter.handleSpider(HttpRouter.java:274)
	at com.github.catvod.host.HttpRouter.handle(HttpRouter.java:205)
	at jdk.httpserver/com.sun.net.httpserver.Filter$Chain.doFilter(Filter.java:98)
	at jdk.httpserver/sun.net.httpserver.AuthFilter.doFilter(AuthFilter.java:82)
	at jdk.httpserver/com.sun.net.httpserver.Filter$Chain.doFilter(Filter.java:101)
	at jdk.httpserver/sun.net.httpserver.ServerImpl$Exchange$LinkHandler.handle(ServerImpl.java:923)
	at jdk.httpserver/com.sun.net.httpserver.Filter$Chain.doFilter(Filter.java:98)
	at jdk.httpserver/sun.net.httpserver.ServerImpl$Exchange.run(ServerImpl.java:899)
	at java.base/java.util.concurrent.ThreadPoolExecutor.runWorker(ThreadPoolExecutor.java:1144)
	at java.base/java.util.concurrent.ThreadPoolExecutor$Worker.run(ThreadPoolExecutor.java:642)
	at java.base/java.lang.Thread.run(Thread.java:1583)
2026-09-17 23:44:54.294 [INFO] GET /api/spider/csp_xpath_555 (8ms)
2026-09-17 23:44:54.295 [INFO] GET /api/spider/csp_xpath_大师兄 (9ms)
2026-09-17 23:44:54.295 [INFO] GET /api/spider/csp_xpath_海兔 (9ms)
2026-09-17 23:44:54.295 [INFO] GET /api/spider/csp_xpath_saohuotv (9ms)
2026-09-17 23:44:54.295 [INFO] GET /api/spider/csp_xpath_飞兔 (9ms)
I/SiteHolder: site csp_xpath_飞兔成人 do=home error: java.lang.NullPointerException: Cannot invoke "com.github.catvod.spider.merge.j.a.e()" because "this.b" is null
2026-09-17 23:44:54.299 [INFO] GET /api/spider/csp_xpath_飞兔成人 (8ms)
2026-09-17 23:44:54.304 [INFO] GET /api/spider/本地 (6ms)
2026-09-17 23:44:55.676 [INFO] GET /api/spider/csp_短剧网 (1ms)
2026-09-17 23:44:55.677 [INFO] GET /api/spider/Bili (1ms)
2026-09-17 23:44:55.677 [INFO] GET /api/spider/陌陌 (2ms)
2026-09-17 23:44:55.676 [INFO] GET /api/spider/drpy_js_荐片 (1ms)
2026-09-17 23:44:55.677 [INFO] GET /api/spider/Biliych (1ms)
2026-09-17 23:44:55.677 [INFO] GET /api/spider/csp_KungFu404 (1ms)
2026-09-17 23:44:55.679 [INFO] GET /api/spider/配置中心 (1ms)
2026-09-17 23:44:55.681 [INFO] GET /api/spider/UpYun (0ms)
2026-09-17 23:44:55.682 [INFO] GET /api/spider/PanSou (4ms)
2026-09-17 23:44:57.525 [INFO] GET /api/spider/PanSearch (2ms)
2026-09-17 23:44:57.528 [INFO] GET /api/spider/幸资源 (2ms)
2026-09-17 23:44:57.533 [INFO] GET /api/spider/ms4nii (0ms)
2026-09-17 23:44:57.533 [INFO] GET /api/spider/杏吧资源 (4ms)
2026-09-17 23:44:57.537 [INFO] GET /api/spider/KxrbspE (8ms)
2026-09-17 23:44:57.537 [INFO] GET /api/spider/gdlsE (3ms)
2026-09-17 23:44:57.533 [INFO] GET /api/spider/香蕉资源 (9ms)
2026-09-17 23:44:57.537 [INFO] GET /api/spider/kxgav (0ms)
2026-09-17 23:44:57.537 [INFO] GET /api/spider/zp066 (0ms)
2026-09-17 23:45:06.051 [INFO] GET /api/spider/ap4i156dlyE (8ms)
2026-09-17 23:45:06.051 [INFO] GET /api/spider/afasu (9ms)
2026-09-17 23:45:06.051 [INFO] GET /api/spider/KpgxdyE (9ms)
2026-09-17 23:45:06.051 [INFO] GET /api/spider/zp100 (9ms)
2026-09-17 23:45:06.051 [INFO] GET /api/spider/_18__JAV名优 (9ms)
2026-09-17 23:45:06.051 [INFO] GET /api/spider/_AIvin (8ms)
2026-09-17 23:45:06.053 [INFO] GET /api/spider/pgxdy (1ms)
2026-09-17 23:45:06.054 [INFO] GET /api/spider/大地采集 (2ms)
2026-09-17 23:45:13.413 [INFO] GET / (16ms)
2026-09-17 23:45:13.526 [INFO] GET /api/config/raw (5ms)
2026-09-17 23:45:13.559 [INFO] GET /api/sources (2ms)
2026-09-17 23:45:13.562 [INFO] GET /favicon.ico (1ms)
2026-09-17 23:45:13.563 [INFO] GET /api/status (7ms)
2026-09-17 23:45:15.035 [INFO] GET /api/spider/zp128 (1ms)
2026-09-17 23:45:15.035 [INFO] GET /api/spider/push_agent (1ms)
2026-09-17 23:45:15.035 [INFO] GET /api/spider/xrbsp.com (1ms)
2026-09-17 23:45:15.036 [INFO] GET /api/spider/push_agent~2 (2ms)
2026-09-17 23:45:34.749 [INFO] GET /api/spider/cms_lzi (589ms)
2026-09-17 23:46:01.963 [INFO] GET /api/spider/cms_lzi (3ms)
2026-09-17 23:49:28.768 [INFO] GET /api/spider/cms_lzi (680ms)
2026-09-18 00:06:54.112 [INFO] GET /api/config (17ms)
2026-09-18 00:06:54.214 [INFO] GET /api/config (14ms)
2026-09-18 00:06:54.924 [INFO] GET /api/spider/cms_lzi (633ms)
2026-09-18 00:07:20.062 [INFO] GET /api/spider/cms_lzi (505ms)
2026-09-18 00:07:23.555 [INFO] GET /api/spider/cms_wujin (3486ms)
2026-09-18 00:07:30.958 [INFO] GET /api/spider/本地 (3ms)
2026-09-18 00:26:43.718 [INFO] GET /api/config (15ms)
2026-09-18 00:26:43.772 [INFO] GET /api/config (4ms)
2026-09-18 00:26:44.401 [INFO] GET /api/spider/cms_lzi (576ms)
2026-09-18 00:28:23.581 [INFO] GET /api/config (6ms)
2026-09-18 00:30:13.406 [INFO] GET /api/spider/cms_lzi (224ms)
2026-09-18 00:30:46.976 [INFO] GET /api/spider/cms_lzi (1ms)
2026-09-18 00:36:27.478 [INFO] GET /api/spider/cms_lzi (3ms)
2026-09-18 00:37:39.481 [INFO] GET /api/spider/cms_lzi (3ms)
2026-09-18 00:45:47.116 [INFO] GET /api/config (12ms)
2026-09-18 00:45:47.164 [INFO] GET /api/config (4ms)
2026-09-18 00:45:47.884 [INFO] GET /api/spider/cms_lzi (693ms)
2026-09-18 00:46:22.444 [INFO] GET /api/spider/cms_lzi (305ms)
2026-09-18 00:46:26.347 [INFO] GET /api/spider/cms_lzi (1ms)
2026-09-18 00:49:22.441 [INFO] GET /api/spider/cms_lzi (3ms)
2026-09-18 00:52:25.093 [INFO] GET /api/config (8ms)
2026-09-18 00:52:25.179 [INFO] GET /api/config (3ms)
2026-09-18 00:52:26.005 [INFO] GET /api/spider/cms_lzi (749ms)
2026-09-18 00:53:11.242 [INFO] GET /api/spider/cms_lzi (251ms)
2026-09-18 00:53:15.237 [INFO] GET /api/spider/cms_lzi (1ms)
2026-09-18 00:56:30.698 [INFO] GET /api/config (11ms)
2026-09-18 00:56:30.752 [INFO] GET /api/config (7ms)
2026-09-18 00:56:31.493 [INFO] GET /api/spider/cms_lzi (710ms)
2026-09-18 00:56:55.974 [INFO] GET /api/spider/cms_lzi (208ms)
2026-09-18 00:57:00.009 [INFO] GET /api/spider/cms_lzi (0ms)
2026-09-18 00:59:58.171 [INFO] GET /api/config (7ms)
2026-09-18 00:59:58.244 [INFO] GET /api/config (5ms)
2026-09-18 00:59:58.911 [INFO] GET /api/spider/cms_lzi (639ms)
2026-09-18 01:05:05.005 [INFO] GET /api/config (13ms)
2026-09-18 01:20:21.563 [INFO] GET /api/config (4ms)
2026-09-18 01:20:21.614 [INFO] GET /api/config (6ms)
2026-09-18 01:20:22.285 [INFO] GET /api/spider/cms_lzi (647ms)
2026-09-18 01:45:38.407 [INFO] GET /api/spider/cms_lzi (483ms)
2026-09-18 01:46:05.986 [INFO] GET /api/spider/cms_lzi (5ms)
2026-09-18 06:51:29.388 [INFO] GET /api/spider/cms_lzi (889ms)
2026-09-18 06:52:21.334 [INFO] GET /api/spider/cms_lzi (220ms)
2026-09-18 06:57:12.876 [INFO] GET /api/config (7ms)
2026-09-18 06:57:13.049 [INFO] GET /api/config (4ms)
2026-09-18 06:57:23.969 [INFO] GET /api/spider/cms_lzi (784ms)
2026-09-18 06:57:28.687 [INFO] GET /api/spider/cms_lzi (15515ms)
2026-09-18 07:14:42.819 [INFO] GET /api/config (3ms)
2026-09-18 07:14:42.875 [INFO] GET /api/config (4ms)
2026-09-18 07:14:43.662 [INFO] GET /api/spider/cms_lzi (757ms)
2026-09-18 07:25:17.148 [INFO] GET /api/config (6ms)
2026-09-18 07:25:17.219 [INFO] GET /api/config (1ms)
2026-09-18 07:25:17.990 [INFO] GET /api/spider/cms_lzi (729ms)
2026-09-18 07:27:35.496 [INFO] GET /api/config (3ms)
2026-09-18 07:27:35.560 [INFO] GET /api/config (2ms)
2026-09-18 07:27:36.044 [INFO] GET /api/spider/cms_lzi (452ms)
2026-09-18 07:30:16.915 [INFO] GET /api/config (8ms)
2026-09-18 07:30:16.991 [INFO] GET /api/config (1ms)
2026-09-18 07:30:17.622 [INFO] GET /api/spider/cms_lzi (548ms)
2026-09-18 07:33:29.852 [INFO] GET /api/config (5ms)
2026-09-18 07:33:29.907 [INFO] GET /api/config (2ms)
2026-09-18 07:33:30.392 [INFO] GET /api/spider/cms_lzi (450ms)
2026-09-18 07:34:21.423 [INFO] GET /api/spider/cms_lzi (270ms)
2026-09-18 07:34:26.365 [INFO] GET /api/spider/cms_lzi (1ms)
2026-09-18 07:41:41.712 [INFO] GET /api/config (7ms)
2026-09-18 07:41:42.520 [INFO] GET /api/spider/cms_lzi (766ms)
2026-09-18 07:41:47.956 [INFO] GET /api/spider/cms_lzi (377ms)
2026-09-18 07:41:48.452 [INFO] GET /api/spider/cms_wujin (429ms)
2026-09-18 07:41:54.889 [INFO] GET /api/spider/本地 (5ms)
2026-09-18 07:41:57.315 [INFO] GET /api/spider/cms_lzi (688ms)
2026-09-18 07:42:29.109 [INFO] GET /api/spider/cms_lzi (737ms)
2026-09-18 08:03:02.615 [INFO] GET /api/config (10ms)
2026-09-18 08:03:02.821 [INFO] GET /api/config (1ms)
2026-09-18 08:03:03.749 [INFO] GET /api/spider/cms_lzi (766ms)
2026-09-18 08:07:32.049 [INFO] GET /api/spider/cms_lzi (500ms)
2026-09-18 08:07:36.920 [INFO] GET /api/spider/cms_lzi (15380ms)
2026-09-18 08:08:03.409 [INFO] GET /api/spider/cms_lzi (0ms)
2026-09-18 08:13:46.685 [INFO] GET /api/spider/cms_lzi (4ms)
2026-09-18 08:15:04.266 [INFO] GET /api/config (3ms)
2026-09-18 08:15:04.947 [INFO] GET /api/spider/cms_lzi (646ms)
2026-09-18 08:16:49.372 [INFO] GET /api/spider/cms_lzi (234ms)
2026-09-18 08:16:50.586 [INFO] GET /api/spider/cms_lzi (1ms)
2026-09-18 11:57:54.880 [INFO] GET /api/spider/push_agent (9ms)
2026-09-18 12:27:31.982 [INFO] GET /api/spider/cms_wujin (466ms)
2026-09-18 12:30:04.035 [INFO] GET /api/spider/cms_lzi (468ms)
2026-09-18 12:30:50.301 [INFO] GET /api/config (12ms)
2026-09-18 12:30:50.405 [INFO] GET /api/config (2ms)
2026-09-18 12:30:51.206 [INFO] GET /api/spider/cms_lzi (721ms)
2026-09-18 12:36:19.304 [INFO] GET /api/spider/cms_lzi (498ms)
2026-09-18 12:36:26.053 [INFO] GET /api/spider/cms_lzi (0ms)
2026-09-18 12:38:02.441 [INFO] GET /api/spider/cms_lzi (458ms)
2026-09-18 12:38:59.015 [INFO] GET /api/spider/cms_lzi (352ms)
2026-09-18 12:39:27.172 [INFO] GET /api/spider/cms_lzi (1ms)
2026-09-18 13:04:21.681 [INFO] GET /api/config (3ms)
2026-09-18 13:04:21.817 [INFO] GET /api/config (1ms)
2026-09-18 13:04:22.421 [INFO] GET /api/spider/cms_lzi (499ms)
2026-09-18 13:19:30.380 [INFO] GET /api/config (5ms)
2026-09-18 13:19:30.484 [INFO] GET /api/config (3ms)
2026-09-18 13:19:31.484 [INFO] GET /api/spider/cms_lzi (918ms)
2026-09-18 13:21:25.534 [INFO] GET /api/spider/APP商店 (5ms)
2026-09-18 13:23:21.100 [INFO] GET /api/config (7ms)
2026-09-18 13:23:21.143 [INFO] GET /api/config (2ms)
2026-09-18 13:23:21.667 [INFO] GET /api/spider/cms_lzi (472ms)
2026-09-18 13:23:40.806 [INFO] GET /api/spider/APP商店 (1ms)
2026-09-18 13:23:45.095 [INFO] GET /api/spider/糯米 (1ms)
2026-09-18 13:23:55.917 [INFO] GET /api/spider/萌米 (0ms)
2026-09-18 13:24:06.819 [INFO] GET /api/spider/cms_lzi (360ms)
2026-09-18 13:24:29.704 [INFO] GET /api/spider/cms_lzi (2ms)
2026-09-18 13:25:08.985 [INFO] GET /api/spider/cms_lzi (267ms)
2026-09-18 13:25:25.637 [INFO] GET /api/spider/Auete (2ms)
2026-09-18 13:25:27.600 [INFO] GET /api/spider/新6V (1ms)
2026-09-18 13:25:30.117 [INFO] GET /api/spider/csp_nkvlog (1ms)
2026-09-18 13:25:30.808 [INFO] GET /api/spider/csp_nkvod (1ms)
2026-09-18 13:25:33.651 [INFO] GET /api/spider/csp_Free (0ms)
2026-09-18 13:25:35.725 [INFO] GET /api/spider/csp_KmeiJu (3ms)
2026-09-18 13:25:37.591 [INFO] GET /api/spider/csp_SuBaiBai (0ms)
2026-09-18 13:25:39.040 [INFO] GET /api/spider/csp_Ikan (1ms)
2026-09-18 13:25:39.569 [INFO] GET /api/spider/csp_爱看 (0ms)
2026-09-18 13:32:09.291 [INFO] GET /api/spider/cms_lzi (538ms)
2026-09-18 13:32:35.816 [INFO] GET /api/spider/cms_lzi (215ms)
2026-09-18 13:33:02.283 [INFO] GET /api/spider/cms_lzi (2ms)
2026-09-18 17:54:39.833 [INFO] GET /api/config (10ms)
2026-09-18 17:54:39.922 [INFO] GET /api/config (3ms)
2026-09-18 17:54:40.466 [INFO] GET /api/spider/cms_lzi (459ms)
2026-09-18 17:54:57.088 [INFO] GET /api/config (3ms)
2026-09-18 17:54:57.167 [INFO] GET /api/config (2ms)
2026-09-18 17:54:57.544 [INFO] GET /api/spider/cms_lzi (326ms)
2026-09-18 20:05:47.258 [INFO] GET /api/spider/MTV1 (8ms)
2026-09-18 20:19:38.239 [INFO] GET /api/spider/tu (12ms)
2026-09-18 20:23:35.116 [INFO] GET /api/spider/fyyy (12ms)
2026-09-18 20:23:35.133 [INFO] GET /api/spider/本地 (27ms)
2026-09-18 20:23:35.138 [INFO] GET /api/spider/热播影视 (0ms)
2026-09-18 20:23:35.141 [INFO] GET /api/spider/一起影视 (0ms)
2026-09-18 20:23:35.143 [INFO] GET /api/spider/爱看 (0ms)
2026-09-18 20:23:35.145 [INFO] GET /api/spider/咕噜 (1ms)
2026-09-18 20:23:35.147 [INFO] GET /api/spider/布布 (1ms)
2026-09-18 20:23:35.148 [INFO] GET /api/spider/马猴影视 (0ms)
2026-09-18 20:23:35.149 [INFO] GET /api/spider/韩圈 (0ms)
2026-09-18 20:23:35.153 [INFO] GET /api/spider/剧圈99 (1ms)
2026-09-18 20:23:35.154 [INFO] GET /api/spider/半日99 (0ms)
2026-09-18 20:23:35.156 [INFO] GET /api/spider/天堂 (0ms)
2026-09-18 20:23:35.157 [INFO] GET /api/spider/橘汁 (0ms)
2026-09-18 20:23:35.162 [INFO] GET /api/spider/华谊 (0ms)
2026-09-18 20:23:35.164 [INFO] GET /api/spider/蓝鹰 (1ms)
2026-09-18 20:23:35.172 [INFO] GET /api/spider/蓝鸟 (1ms)
2026-09-18 20:23:35.181 [INFO] GET /api/spider/世界 (0ms)
2026-09-18 20:23:35.184 [INFO] GET /api/spider/魔方 (0ms)
2026-09-18 20:23:35.188 [INFO] GET /api/spider/王子 (0ms)
2026-09-18 20:23:35.192 [INFO] GET /api/spider/茉莉 (0ms)
2026-09-18 20:23:35.195 [INFO] GET /api/spider/哔哩合集 (0ms)
2026-09-18 20:23:35.198 [INFO] GET /api/spider/哔哩视频 (0ms)
2026-09-18 20:23:35.199 [INFO] GET /api/spider/玩偶 (0ms)
2026-09-18 20:23:35.200 [INFO] GET /api/spider/快映 (0ms)
2026-09-18 20:23:35.202 [INFO] GET /api/spider/木偶 (1ms)
2026-09-18 20:23:35.203 [INFO] GET /api/spider/闪电 (0ms)
2026-09-18 20:23:35.206 [INFO] GET /api/spider/多多 (0ms)
2026-09-18 20:23:35.208 [INFO] GET /api/spider/虎斑 (0ms)
2026-09-18 20:23:35.211 [INFO] GET /api/spider/种子 (1ms)
2026-09-18 20:23:35.212 [INFO] GET /api/spider/夸父 (0ms)
2026-09-18 20:23:35.214 [INFO] GET /api/spider/123 (0ms)
2026-09-18 20:23:35.215 [INFO] GET /api/spider/指南 (0ms)
2026-09-18 20:23:35.217 [INFO] GET /api/spider/爱盼 (0ms)
2026-09-18 20:23:35.221 [INFO] GET /api/spider/移动 (0ms)
2026-09-18 20:23:35.224 [INFO] GET /api/spider/人人 (1ms)
2026-09-18 20:23:35.225 [INFO] GET /api/spider/即刻 (0ms)
2026-09-18 20:23:35.227 [INFO] GET /api/spider/双星 (1ms)
2026-09-18 20:23:35.228 [INFO] GET /api/spider/七猫短剧 (0ms)
2026-09-18 20:23:35.229 [INFO] GET /api/spider/河马短剧 (0ms)
2026-09-18 20:23:35.231 [INFO] GET /api/spider/围观短剧 (0ms)
2026-09-18 20:23:35.232 [INFO] GET /api/spider/好看短剧 (0ms)
2026-09-18 20:23:35.234 [INFO] GET /api/spider/星芽短剧 (0ms)
2026-09-18 20:23:35.235 [INFO] GET /api/spider/果果短剧 (0ms)
2026-09-18 20:23:35.239 [INFO] GET /api/spider/飞娱影视 (0ms)
2026-09-18 20:23:35.240 [INFO] GET /api/spider/独播影视 (0ms)
2026-09-18 20:23:35.246 [INFO] GET /api/spider/厂长影视 (0ms)
2026-09-18 20:23:35.248 [INFO] GET /api/spider/金牌影视 (1ms)
2026-09-18 20:23:35.251 [INFO] GET /api/spider/骚火影视 (1ms)
2026-09-18 20:23:35.253 [INFO] GET /api/spider/枫叶影视 (1ms)
2026-09-18 20:23:35.254 [INFO] GET /api/spider/爱看机器人 (0ms)
2026-09-18 20:23:35.255 [INFO] GET /api/spider/面包影视 (0ms)
2026-09-18 20:23:35.258 [INFO] GET /api/spider/永乐影视 (0ms)
2026-09-18 20:23:35.261 [INFO] GET /api/spider/1905 (1ms)
2026-09-18 20:23:35.262 [INFO] GET /api/spider/番社动漫 (0ms)
2026-09-18 20:23:35.264 [INFO] GET /api/spider/双星99 (1ms)
2026-09-18 20:23:35.266 [INFO] GET /api/spider/咕咕动漫 (0ms)
2026-09-18 20:23:35.269 [INFO] GET /api/spider/巴士动漫 (0ms)
2026-09-18 20:23:35.273 [INFO] GET /api/spider/荐片 (0ms)
2026-09-18 20:23:35.275 [INFO] GET /api/spider/New6v (1ms)
2026-09-18 20:23:35.277 [INFO] GET /api/spider/美剧迷 (0ms)
2026-09-18 20:23:35.279 [INFO] GET /api/spider/迅雷吧 (0ms)
2026-09-18 20:23:35.280 [INFO] GET /api/spider/聚合 (0ms)
2026-09-18 20:23:35.282 [INFO] GET /api/spider/盘搜 (1ms)
2026-09-18 20:23:35.298 [INFO] GET /api/spider/百酷 (1ms)
2026-09-18 20:23:35.299 [INFO] GET /api/spider/酷乐 (0ms)
2026-09-18 20:23:35.300 [INFO] GET /api/spider/鬼鬼 (0ms)
2026-09-18 20:23:35.301 [INFO] GET /api/spider/趣盘 (0ms)
2026-09-18 20:23:35.302 [INFO] GET /api/spider/呦呦DJ (0ms)
2026-09-18 20:23:35.303 [INFO] GET /api/spider/世界听书 (0ms)
2026-09-18 20:23:35.306 [INFO] GET /api/spider/堇夏听书 (0ms)
2026-09-18 20:23:35.307 [INFO] GET /api/spider/博看听书 (0ms)
2026-09-18 20:23:35.308 [INFO] GET /api/spider/童趣 (0ms)
2026-09-18 20:23:35.310 [INFO] GET /api/spider/兔小贝 (0ms)
2026-09-18 20:23:35.311 [INFO] GET /api/spider/贝乐虎 (0ms)
2026-09-18 20:33:02.656 [INFO] GET /api/spider/YpanSo (3ms)
2026-09-18 20:44:29.967 [INFO] GET /api/spider/急救教学 (12ms)
2026-09-18 20:44:38.675 [INFO] GET /api/spider/养生堂 (1ms)
2026-09-18 20:46:09.416 [INFO] GET /api/spider/fyyy (3ms)
2026-09-18 20:46:09.416 [INFO] GET /api/spider/本地 (4ms)
2026-09-18 20:46:19.413 [INFO] GET /api/spider/热播影视 (1ms)
2026-09-18 20:46:19.414 [INFO] GET /api/spider/一起影视 (2ms)
2026-09-18 20:46:19.417 [INFO] GET /api/spider/咕噜 (0ms)
2026-09-18 20:46:19.417 [INFO] GET /api/spider/爱看 (0ms)
2026-09-18 20:46:19.419 [INFO] GET /api/spider/布布 (0ms)
2026-09-18 20:46:19.426 [INFO] GET /api/spider/马猴影视 (0ms)
2026-09-18 20:46:19.428 [INFO] GET /api/spider/韩圈 (0ms)
2026-09-18 20:46:19.431 [INFO] GET /api/spider/剧圈99 (0ms)
2026-09-18 20:46:19.431 [INFO] GET /api/spider/半日99 (0ms)
2026-09-18 20:46:19.434 [INFO] GET /api/spider/天堂 (1ms)
2026-09-18 20:46:19.434 [INFO] GET /api/spider/橘汁 (0ms)
2026-09-18 20:46:19.435 [INFO] GET /api/spider/华谊 (0ms)
2026-09-18 20:46:19.437 [INFO] GET /api/spider/蓝鹰 (0ms)
2026-09-18 20:46:19.440 [INFO] GET /api/spider/蓝鸟 (0ms)
2026-09-18 20:46:19.441 [INFO] GET /api/spider/世界 (0ms)
2026-09-18 20:46:19.443 [INFO] GET /api/spider/魔方 (0ms)
2026-09-18 20:46:19.444 [INFO] GET /api/spider/王子 (0ms)
2026-09-18 20:46:19.458 [INFO] GET /api/spider/茉莉 (1ms)
2026-09-18 20:46:19.462 [INFO] GET /api/spider/玩偶 (0ms)
2026-09-18 20:46:19.463 [INFO] GET /api/spider/快映 (0ms)
2026-09-18 20:46:19.465 [INFO] GET /api/spider/木偶 (0ms)
2026-09-18 20:46:19.466 [INFO] GET /api/spider/闪电 (0ms)
2026-09-18 20:56:38.712 [INFO] GET /api/spider/兔小贝 (12ms)
2026-09-18 20:56:41.013 [INFO] GET /api/spider/贝乐虎 (2ms)
2026-09-18 21:28:15.234 [INFO] GET /api/spider/本地 (6ms)
2026-09-18 21:28:25.223 [INFO] GET /api/spider/热播影视 (1ms)
2026-09-18 21:28:25.224 [INFO] GET /api/spider/爱看 (1ms)
2026-09-18 21:28:25.224 [INFO] GET /api/spider/一起影视 (1ms)
2026-09-18 21:28:25.225 [INFO] GET /api/spider/咕噜 (0ms)
2026-09-18 21:28:25.228 [INFO] GET /api/spider/布布 (0ms)
2026-09-18 21:28:25.229 [INFO] GET /api/spider/马猴影视 (0ms)
2026-09-18 21:28:25.233 [INFO] GET /api/spider/韩圈 (0ms)
2026-09-18 21:28:25.237 [INFO] GET /api/spider/剧圈99 (1ms)
2026-09-18 21:28:25.239 [INFO] GET /api/spider/半日99 (1ms)
2026-09-18 21:28:25.240 [INFO] GET /api/spider/天堂 (1ms)
2026-09-18 21:28:25.241 [INFO] GET /api/spider/橘汁 (1ms)
2026-09-18 21:28:25.242 [INFO] GET /api/spider/华谊 (1ms)
2026-09-18 21:28:25.246 [INFO] GET /api/spider/蓝鹰 (0ms)
2026-09-18 21:28:25.247 [INFO] GET /api/spider/蓝鸟 (0ms)
2026-09-18 21:28:25.248 [INFO] GET /api/spider/世界 (0ms)
2026-09-18 21:28:25.249 [INFO] GET /api/spider/魔方 (0ms)
2026-09-18 21:28:25.251 [INFO] GET /api/spider/王子 (0ms)
2026-09-18 21:28:25.253 [INFO] GET /api/spider/茉莉 (1ms)
2026-09-18 21:28:25.257 [INFO] GET /api/spider/玩偶 (0ms)
2026-09-18 21:28:25.259 [INFO] GET /api/spider/快映 (0ms)
2026-09-18 21:28:25.260 [INFO] GET /api/spider/木偶 (0ms)
2026-09-18 21:28:25.261 [INFO] GET /api/spider/闪电 (0ms)
2026-09-18 21:28:26.340 [INFO] GET /api/spider/虎斑 (0ms)
2026-09-18 21:28:26.340 [INFO] GET /api/spider/多多 (1ms)
2026-09-18 21:28:26.342 [INFO] GET /api/spider/种子 (1ms)
2026-09-18 21:28:26.345 [INFO] GET /api/spider/夸父 (1ms)
2026-09-18 21:28:26.346 [INFO] GET /api/spider/123 (0ms)
2026-09-18 21:28:26.348 [INFO] GET /api/spider/指南 (1ms)
2026-09-18 21:28:26.351 [INFO] GET /api/spider/爱盼 (0ms)
2026-09-18 21:28:26.352 [INFO] GET /api/spider/移动 (0ms)
2026-09-18 21:28:26.354 [INFO] GET /api/spider/人人 (1ms)
2026-09-18 21:28:26.357 [INFO] GET /api/spider/即刻 (1ms)
2026-09-18 21:28:26.358 [INFO] GET /api/spider/双星 (0ms)
2026-09-18 21:28:26.360 [INFO] GET /api/spider/七猫短剧 (0ms)
2026-09-18 21:28:26.362 [INFO] GET /api/spider/河马短剧 (0ms)
2026-09-18 21:28:26.363 [INFO] GET /api/spider/围观短剧 (0ms)
2026-09-18 21:28:26.365 [INFO] GET /api/spider/好看短剧 (1ms)
2026-09-18 21:28:26.366 [INFO] GET /api/spider/星芽短剧 (0ms)
2026-09-18 21:28:26.366 [INFO] GET /api/spider/飞娱影视 (0ms)
2026-09-18 21:28:26.368 [INFO] GET /api/spider/独播影视 (1ms)
2026-09-18 21:28:26.370 [INFO] GET /api/spider/厂长影视 (0ms)
2026-09-18 21:28:26.371 [INFO] GET /api/spider/金牌影视 (0ms)
2026-09-18 21:28:26.371 [INFO] GET /api/spider/骚火影视 (0ms)
2026-09-18 21:28:26.373 [INFO] GET /api/spider/枫叶影视 (0ms)
2026-09-18 21:28:26.376 [INFO] GET /api/spider/爱看机器人 (1ms)
2026-09-18 21:28:26.380 [INFO] GET /api/spider/1905 (0ms)
2026-09-18 21:28:26.381 [INFO] GET /api/spider/双星99 (0ms)
2026-09-18 21:28:26.383 [INFO] GET /api/spider/咕咕动漫 (0ms)
2026-09-18 21:28:27.645 [INFO] GET /api/spider/荐片 (0ms)
2026-09-18 21:28:27.646 [INFO] GET /api/spider/New6v (0ms)
2026-09-18 21:28:27.647 [INFO] GET /api/spider/美剧迷 (0ms)
2026-09-18 21:28:27.648 [INFO] GET /api/spider/迅雷吧 (0ms)
2026-09-18 21:28:27.650 [INFO] GET /api/spider/聚合 (0ms)
2026-09-18 21:28:27.651 [INFO] GET /api/spider/盘搜 (0ms)
2026-09-18 21:28:27.654 [INFO] GET /api/spider/百酷 (0ms)
2026-09-18 21:28:27.655 [INFO] GET /api/spider/酷乐 (0ms)
2026-09-18 21:28:27.656 [INFO] GET /api/spider/鬼鬼 (0ms)
2026-09-18 21:28:27.657 [INFO] GET /api/spider/趣盘 (0ms)
2026-09-18 21:28:27.658 [INFO] GET /api/spider/呦呦DJ (0ms)
2026-09-18 21:28:27.660 [INFO] GET /api/spider/世界听书 (0ms)
2026-09-18 21:28:27.665 [INFO] GET /api/spider/堇夏听书 (0ms)
2026-09-18 21:28:27.666 [INFO] GET /api/spider/博看听书 (1ms)
2026-09-18 21:28:27.667 [INFO] GET /api/spider/兔小贝 (0ms)
2026-09-18 21:28:27.667 [INFO] GET /api/spider/童趣 (1ms)
2026-09-18 21:28:27.668 [INFO] GET /api/spider/贝乐虎 (0ms)
2026-09-18 21:28:34.206 [INFO] GET /api/spider/TGYunPanLocal (1ms)
2026-09-18 21:28:34.206 [INFO] GET /api/spider/Youtube (1ms)
2026-09-18 21:28:34.206 [INFO] GET /api/spider/酷狗 (0ms)
2026-09-18 21:28:34.208 [INFO] GET /api/spider/Iktv (0ms)
2026-09-18 21:28:34.209 [INFO] GET /api/spider/Yinyuetai (1ms)
2026-09-18 21:28:34.209 [INFO] GET /api/spider/AliShareEBook (0ms)
2026-09-18 21:28:34.210 [INFO] GET /api/spider/荐片弹幕版 (0ms)
2026-09-18 21:28:34.211 [INFO] GET /api/spider/天天 (0ms)
2026-09-18 21:28:34.213 [INFO] GET /api/spider/Bdys_spider (3ms)
2026-09-18 21:28:34.216 [INFO] GET /api/spider/追剧 (0ms)
2026-09-18 21:28:34.217 [INFO] GET /api/spider/NanGua (0ms)
2026-09-18 21:28:34.218 [INFO] GET /api/spider/PushShare (1ms)
2026-09-18 21:28:34.218 [INFO] GET /api/spider/PikPakShare (0ms)
2026-09-18 21:28:34.219 [INFO] GET /api/spider/AliShare (0ms)
2026-09-18 21:28:34.220 [INFO] GET /api/spider/ThunderShare (0ms)
2026-09-18 21:28:34.222 [INFO] GET /api/spider/QuarkShare (0ms)
2026-09-18 21:28:34.223 [INFO] GET /api/spider/115Share (1ms)
2026-09-18 21:28:34.226 [INFO] GET /api/spider/UCShare (2ms)
2026-09-18 21:28:34.227 [INFO] GET /api/spider/yydsys (0ms)
2026-09-18 21:28:34.227 [INFO] GET /api/spider/Wobg (0ms)
2026-09-18 21:28:34.228 [INFO] GET /api/spider/Wogg (1ms)
2026-09-18 21:28:34.232 [INFO] GET /api/spider/蜡笔网盘 (0ms)
2026-09-18 21:28:34.233 [INFO] GET /api/spider/Mogg (0ms)
2026-09-18 21:28:34.241 [INFO] GET /api/spider/土豆 (0ms)
2026-09-18 21:28:34.241 [INFO] GET /api/spider/小米网盘 (0ms)
2026-09-18 21:28:34.241 [INFO] GET /api/spider/Xinshijue (0ms)
2026-09-18 21:28:34.241 [INFO] GET /api/spider/Moli (0ms)
2026-09-18 21:28:34.244 [INFO] GET /api/spider/Bt0 (0ms)
2026-09-18 21:28:34.245 [INFO] GET /api/spider/ddys (0ms)
2026-09-18 21:28:34.246 [INFO] GET /api/spider/Ppxzy (0ms)
2026-09-18 21:28:34.248 [INFO] GET /api/spider/新6V (0ms)
2026-09-18 21:28:34.248 [INFO] GET /api/spider/4KHDR (0ms)
2026-09-18 21:28:34.263 [INFO] GET /api/spider/校长影视 (1ms)
2026-09-18 21:28:34.265 [INFO] GET /api/spider/团长资源 (0ms)
2026-09-18 21:28:34.265 [INFO] GET /api/spider/Hdhive (0ms)
2026-09-18 21:28:34.266 [INFO] GET /api/spider/Panta (0ms)
2026-09-18 21:28:34.267 [INFO] GET /api/spider/YunPan (0ms)
2026-09-18 21:28:34.268 [INFO] GET /api/spider/Wo4k (0ms)
2026-09-18 21:28:34.269 [INFO] GET /api/spider/Xpanpan (0ms)
2026-09-18 21:28:34.270 [INFO] GET /api/spider/Gaoqing (0ms)
2026-09-18 21:28:34.271 [INFO] GET /api/spider/音范丝 (0ms)
2026-09-18 21:28:34.272 [INFO] GET /api/spider/TGYunPan (0ms)
2026-09-18 21:28:34.273 [INFO] GET /api/spider/YingSo (0ms)
2026-09-18 21:28:34.274 [INFO] GET /api/spider/盘友圈 (0ms)
2026-09-18 21:28:34.275 [INFO] GET /api/spider/88Pan (0ms)
2026-09-18 21:28:34.278 [INFO] GET /api/spider/PikaSo (0ms)
2026-09-18 21:28:34.279 [INFO] GET /api/spider/csp_HunHePan (0ms)
2026-09-18 21:28:34.281 [INFO] GET /api/spider/秒搜 (0ms)
2026-09-18 21:28:34.281 [INFO] GET /api/spider/Libvio (1ms)
2026-09-18 21:28:34.282 [INFO] GET /api/spider/DaPanSo (1ms)
2026-09-18 21:28:34.283 [INFO] GET /api/spider/Qianfan (0ms)
2026-09-18 21:28:34.285 [INFO] GET /api/spider/YunSo (0ms)
2026-09-18 21:28:34.286 [INFO] GET /api/spider/YunPanOne (1ms)
2026-09-18 21:28:34.286 [INFO] GET /api/spider/Gitcafe (0ms)
2026-09-18 21:28:34.287 [INFO] GET /api/spider/小紙條 (0ms)
2026-09-18 21:28:34.288 [INFO] GET /api/spider/七夜 (0ms)
2026-09-18 21:28:34.288 [INFO] GET /api/spider/盤搜索 (0ms)
2026-09-18 21:28:34.290 [INFO] GET /api/spider/找資源 (0ms)
2026-09-18 21:28:34.291 [INFO] GET /api/spider/易搜 (0ms)
2026-09-18 21:28:34.292 [INFO] GET /api/spider/UP云搜 (1ms)
2026-09-18 21:28:34.293 [INFO] GET /api/spider/Funletu (0ms)
2026-09-18 21:28:34.294 [INFO] GET /api/spider/QuarkPanso (0ms)
2026-09-18 21:28:34.301 [INFO] GET /api/spider/push_quark (0ms)
2026-09-18 21:28:34.307 [INFO] GET /api/spider/MDrive (0ms)
2026-09-18 21:28:34.309 [INFO] GET /api/spider/seed (0ms)
2026-09-18 21:28:34.310 [INFO] GET /api/spider/光影 (0ms)
2026-09-18 21:28:34.312 [INFO] GET /api/spider/原创 (1ms)
2026-09-18 21:28:34.313 [INFO] GET /api/spider/厂长 (1ms)
2026-09-18 21:28:34.316 [INFO] GET /api/spider/立播 (0ms)
2026-09-18 21:28:34.316 [INFO] GET /api/spider/海绵 (1ms)
2026-09-18 21:28:34.317 [INFO] GET /api/spider/瓜子 (0ms)
2026-09-18 21:28:34.318 [INFO] GET /api/spider/比特 (0ms)
2026-09-18 21:28:34.319 [INFO] GET /api/spider/糯米 (0ms)
2026-09-18 21:28:34.320 [INFO] GET /api/spider/文采 (0ms)
2026-09-18 21:28:34.324 [INFO] GET /api/spider/奶酪 (0ms)
2026-09-18 21:28:34.325 [INFO] GET /api/spider/热播 (0ms)
2026-09-18 21:28:34.326 [INFO] GET /api/spider/视界 (0ms)
2026-09-18 21:28:34.327 [INFO] GET /api/spider/播客 (0ms)
2026-09-18 21:28:34.327 [INFO] GET /api/spider/剧圈 (0ms)
2026-09-18 21:28:34.328 [INFO] GET /api/spider/奥特 (0ms)
2026-09-18 21:28:34.329 [INFO] GET /api/spider/咕咕 (0ms)
2026-09-18 21:28:34.330 [INFO] GET /api/spider/Dm84 (0ms)
2026-09-18 21:28:34.331 [INFO] GET /api/spider/ZPan (0ms)
2026-09-18 21:28:34.332 [INFO] GET /api/spider/JPan (0ms)
2026-09-18 21:28:34.333 [INFO] GET /api/spider/YpanSo (0ms)
2026-09-18 21:28:34.334 [INFO] GET /api/spider/BpanSo (0ms)
2026-09-18 21:28:34.335 [INFO] GET /api/spider/抠搜 (0ms)
2026-09-18 21:28:34.335 [INFO] GET /api/spider/UC (0ms)
2026-09-18 21:28:34.336 [INFO] GET /api/spider/csp_Zhaozy (0ms)
2026-09-18 21:28:34.337 [INFO] GET /api/spider/csp_AliPS (0ms)
2026-09-18 21:28:34.340 [INFO] GET /api/spider/csp_Yisou (0ms)
2026-09-18 21:28:34.343 [INFO] GET /api/spider/csp_Upyunso (0ms)
2026-09-18 21:28:34.346 [INFO] GET /api/spider/csp_XYQHiker_影搜 (0ms)
2026-09-18 21:28:34.348 [INFO] GET /api/spider/csp_XYQHikerAL_玩偶哥哥 (0ms)
2026-09-18 21:28:34.349 [INFO] GET /api/spider/csp_XYQHikerAL_云盘资源 (0ms)
2026-09-18 21:28:34.350 [INFO] GET /api/spider/csp_Mp4Mov (0ms)
2026-09-18 21:28:34.352 [INFO] GET /api/spider/csp_New6v (0ms)
2026-09-18 21:28:34.353 [INFO] GET /api/spider/csp_SeedHub (0ms)
2026-09-18 21:28:34.354 [INFO] GET /api/spider/csp_KubaCL (0ms)
2026-09-18 21:28:34.355 [INFO] GET /api/spider/csp_MeijuTT (0ms)
2026-09-18 21:28:34.356 [INFO] GET /api/spider/csp_MeijuMi (0ms)
2026-09-18 21:28:34.357 [INFO] GET /api/spider/csp_Xunlei8 (0ms)
2026-09-18 21:28:34.358 [INFO] GET /api/spider/360_spider (0ms)
2026-09-18 21:28:34.359 [INFO] GET /api/spider/csp_Kuaikan (0ms)
2026-09-18 21:28:34.360 [INFO] GET /api/spider/csp_Czsapp (0ms)
2026-09-18 21:28:34.361 [INFO] GET /api/spider/csp_Bdys (0ms)
2026-09-18 21:28:34.362 [INFO] GET /api/spider/csp_XYQHiker_哔嘀影视 (0ms)
2026-09-18 21:28:34.363 [INFO] GET /api/spider/csp_Ddys (0ms)
2026-09-18 21:28:34.366 [INFO] GET /api/spider/csp_JianPian (0ms)
2026-09-18 21:28:34.366 [INFO] GET /api/spider/csp_Ikanbot (0ms)
2026-09-18 21:28:34.367 [INFO] GET /api/spider/csp_XYQHiker_兔小贝 (0ms)
2026-09-18 21:28:34.368 [INFO] GET /api/spider/csp_XYQHiker_爱你短剧 (0ms)
2026-09-18 21:28:34.369 [INFO] GET /api/spider/csp_XYQHiker_河马短剧 (0ms)
2026-09-18 21:28:34.739 [INFO] GET /api/spider/csp_XYQHiker_短剧屋 (1ms)
2026-09-18 21:28:34.740 [INFO] GET /api/spider/csp_XYQHiker_农民影视 (0ms)
2026-09-18 21:28:34.741 [INFO] GET /api/spider/csp_XYQHiker_七新影视 (0ms)
2026-09-18 21:28:34.742 [INFO] GET /api/spider/csp_XYQHiker_可可影视 (0ms)
2026-09-18 21:28:34.744 [INFO] GET /api/spider/csp_Yj1211 (0ms)
2026-09-18 21:28:34.746 [INFO] GET /api/spider/csp_XYQHiker_虎牙直播 (0ms)
2026-09-18 21:28:34.750 [INFO] GET /api/spider/白白 (0ms)
2026-09-18 21:28:34.751 [INFO] GET /api/spider/神车 (0ms)
2026-09-18 21:28:34.752 [INFO] GET /api/spider/Lib (0ms)
2026-09-18 21:28:34.754 [INFO] GET /api/spider/zxzj (1ms)
2026-09-18 21:28:34.755 [INFO] GET /api/spider/溢彩 (0ms)
2026-09-18 21:28:34.756 [INFO] GET /api/spider/低端 (1ms)
2026-09-18 21:28:34.759 [INFO] GET /api/spider/萌米 (0ms)
2026-09-18 21:28:34.761 [INFO] GET /api/spider/兄弟 (1ms)
2026-09-18 21:28:34.762 [INFO] GET /api/spider/欢视 (0ms)
2026-09-18 21:28:34.764 [INFO] GET /api/spider/贱贱 (0ms)
2026-09-18 21:28:34.764 [INFO] GET /api/spider/Ysj (0ms)
2026-09-18 21:28:34.765 [INFO] GET /api/spider/Anime1 (0ms)
2026-09-18 21:28:34.767 [INFO] GET /api/spider/xzso (0ms)
2026-09-18 21:28:34.768 [INFO] GET /api/spider/米搜 (0ms)
2026-09-18 21:28:34.769 [INFO] GET /api/spider/夸搜 (0ms)
2026-09-18 21:28:34.770 [INFO] GET /api/spider/Aliso (0ms)
2026-09-18 21:28:34.771 [INFO] GET /api/spider/YiSo (0ms)
2026-09-18 21:28:34.772 [INFO] GET /api/spider/csp_YGP (0ms)
2026-09-18 21:28:34.777 [INFO] GET /api/spider/Local (1ms)
2026-09-18 21:28:34.778 [INFO] GET /api/spider/Ikanbot (0ms)
2026-09-18 21:28:34.779 [INFO] GET /api/spider/MeijuTT (0ms)
2026-09-18 21:28:34.780 [INFO] GET /api/spider/SeedHub (0ms)
2026-09-18 21:28:34.781 [INFO] GET /api/spider/Mayiys (0ms)
2026-09-18 21:28:34.782 [INFO] GET /api/spider/泥巴 (0ms)
2026-09-18 21:28:34.785 [INFO] GET /api/spider/星星 (0ms)
2026-09-18 21:28:34.786 [INFO] GET /api/spider/影视 (0ms)
2026-09-18 21:28:34.787 [INFO] GET /api/spider/櫻花 (0ms)
2026-09-18 21:28:34.790 [INFO] GET /api/spider/巴士 (0ms)
2026-09-18 21:28:34.793 [INFO] GET /api/spider/獨播 (1ms)
2026-09-18 21:28:34.827 [INFO] GET /api/spider/賤賤 (0ms)
2026-09-18 21:28:34.827 [INFO] GET /api/spider/fan (0ms)
2026-09-18 21:28:34.827 [INFO] GET /api/spider/WebDAV (1ms)
2026-09-18 21:28:34.827 [INFO] GET /api/spider/AList (1ms)
2026-09-18 21:28:34.838 [INFO] GET /api/spider/異界 (1ms)
2026-09-18 21:28:34.841 [INFO] GET /api/spider/JustLive (0ms)
2026-09-18 21:28:34.845 [INFO] GET /api/spider/雲搜 (1ms)
2026-09-18 21:28:34.848 [INFO] GET /api/spider/盤搜 (0ms)
2026-09-18 21:28:35.262 [INFO] GET /api/spider/紙條搜 (1ms)
2026-09-18 21:28:35.265 [INFO] GET /api/spider/MoggV2 (1ms)
2026-09-18 21:28:35.266 [INFO] GET /api/spider/UcXmV2 (0ms)
2026-09-18 21:28:35.270 [INFO] GET /api/spider/QuarkLaBiV2 (1ms)
2026-09-18 21:28:35.272 [INFO] GET /api/spider/QuarkzzV2 (0ms)
2026-09-18 21:28:35.273 [INFO] GET /api/spider/YYDSYS (1ms)
2026-09-18 21:28:35.276 [INFO] GET /api/spider/QuarkTZ (1ms)
2026-09-18 21:28:35.277 [INFO] GET /api/spider/盘库 (0ms)
2026-09-18 21:28:35.278 [INFO] GET /api/spider/聚搜 (0ms)
2026-09-18 21:28:35.279 [INFO] GET /api/spider/仓鼠 (0ms)
2026-09-18 21:28:35.280 [INFO] GET /api/spider/咖啡 (0ms)
2026-09-18 21:28:35.282 [INFO] GET /api/spider/诺雪 (1ms)
2026-09-18 21:28:35.285 [INFO] GET /api/spider/忍者 (1ms)
2026-09-18 21:28:35.289 [INFO] GET /api/spider/彼岸 (0ms)
2026-09-18 21:28:35.291 [INFO] GET /api/spider/菲儿影视 (0ms)
2026-09-18 21:28:35.293 [INFO] GET /api/spider/橘子 (1ms)
2026-09-18 21:28:35.295 [INFO] GET /api/spider/雨滴 (1ms)
2026-09-18 21:28:35.297 [INFO] GET /api/spider/瓜子影视 (0ms)
2026-09-18 21:28:35.298 [INFO] GET /api/spider/即看 (0ms)
2026-09-18 21:28:35.299 [INFO] GET /api/spider/Auete (0ms)
2026-09-18 21:28:35.306 [INFO] GET /api/spider/天天影视 (1ms)
2026-09-18 21:28:35.308 [INFO] GET /api/spider/浪酷影视 (0ms)
2026-09-18 21:28:35.313 [INFO] GET /api/spider/酷影视 (1ms)
2026-09-18 21:28:35.314 [INFO] GET /api/spider/蝴蝶 (0ms)
2026-09-18 21:28:35.316 [INFO] GET /api/spider/二三 (0ms)
2026-09-18 21:28:35.317 [INFO] GET /api/spider/洽洽影视 (1ms)
2026-09-18 21:28:35.319 [INFO] GET /api/spider/三六零弹幕 (0ms)
2026-09-18 21:28:35.324 [INFO] GET /api/spider/cctv (1ms)
2026-09-18 21:28:35.324 [INFO] GET /api/spider/mutefun (0ms)
2026-09-18 21:28:35.327 [INFO] GET /api/spider/mb (0ms)
2026-09-18 21:28:35.329 [INFO] GET /api/spider/xifan (1ms)
2026-09-18 21:28:35.774 [INFO] GET /api/spider/duanju (0ms)
2026-09-18 21:28:35.776 [INFO] GET /api/spider/csp_Ysj (0ms)
2026-09-18 21:28:35.777 [INFO] GET /api/spider/csp_Anime1 (0ms)
2026-09-18 21:28:35.779 [INFO] GET /api/spider/xxg (1ms)
2026-09-18 21:28:35.781 [INFO] GET /api/spider/tu (0ms)
2026-09-18 21:28:35.781 [INFO] GET /api/spider/searchEx (0ms)
2026-09-18 21:28:35.783 [INFO] GET /api/spider/UCsousou (0ms)
2026-09-18 21:28:35.785 [INFO] GET /api/spider/PanSso (1ms)
2026-09-18 21:28:35.785 [INFO] GET /api/spider/PikPakShare1 (0ms)
2026-09-18 21:28:35.787 [INFO] GET /api/spider/PikPakShare18 (0ms)
2026-09-18 21:28:35.790 [INFO] GET /api/spider/csp_BtSow (0ms)
2026-09-18 21:28:35.791 [INFO] GET /api/spider/csp_BtSearch (0ms)
2026-09-18 21:28:35.794 [INFO] GET /api/spider/csp_Netflav (0ms)
2026-09-18 21:28:35.796 [INFO] GET /api/spider/SeHuaTang (1ms)
2026-09-18 21:28:35.797 [INFO] GET /api/spider/Xojav (1ms)
2026-09-18 21:28:35.798 [INFO] GET /api/spider/Cable (0ms)
2026-09-18 21:28:35.802 [INFO] GET /api/spider/AvTime (0ms)
2026-09-18 21:28:35.805 [INFO] GET /api/spider/Top888 (1ms)
2026-09-18 21:28:35.806 [INFO] GET /api/spider/csp_JavBus (1ms)
2026-09-18 21:28:35.806 [INFO] GET /api/spider/csp_JavDb (0ms)
2026-09-18 21:28:35.807 [INFO] GET /api/spider/18AV (0ms)
2026-09-18 21:28:35.809 [INFO] GET /api/spider/Jable (1ms)
2026-09-18 21:28:35.812 [INFO] GET /api/spider/MissAV (0ms)
2026-09-18 21:28:35.813 [INFO] GET /api/spider/Hanime (0ms)
2026-09-18 21:30:39.897 [INFO] GET /api/spider/本地 (4ms)
2026-09-18 21:30:49.891 [INFO] GET /api/spider/热播影视 (0ms)
2026-09-18 21:30:49.895 [INFO] GET /api/spider/一起影视 (1ms)
2026-09-18 21:30:49.895 [INFO] GET /api/spider/爱看 (0ms)
2026-09-18 21:30:49.897 [INFO] GET /api/spider/咕噜 (1ms)
2026-09-18 21:30:49.897 [INFO] GET /api/spider/布布 (0ms)
2026-09-18 21:30:49.898 [INFO] GET /api/spider/马猴影视 (0ms)
2026-09-18 21:30:49.902 [INFO] GET /api/spider/韩圈 (0ms)
2026-09-18 21:30:49.903 [INFO] GET /api/spider/剧圈99 (0ms)
2026-09-18 21:30:49.905 [INFO] GET /api/spider/半日99 (1ms)
2026-09-18 21:30:49.907 [INFO] GET /api/spider/天堂 (0ms)
2026-09-18 21:30:49.909 [INFO] GET /api/spider/橘汁 (0ms)
2026-09-18 21:30:49.910 [INFO] GET /api/spider/华谊 (0ms)
2026-09-18 21:30:49.914 [INFO] GET /api/spider/蓝鹰 (1ms)
2026-09-18 21:30:49.915 [INFO] GET /api/spider/蓝鸟 (1ms)
2026-09-18 21:30:49.915 [INFO] GET /api/spider/世界 (0ms)
2026-09-18 21:30:49.917 [INFO] GET /api/spider/王子 (0ms)
2026-09-18 21:30:49.917 [INFO] GET /api/spider/魔方 (1ms)
2026-09-18 21:30:49.919 [INFO] GET /api/spider/茉莉 (0ms)
2026-09-18 21:30:49.925 [INFO] GET /api/spider/玩偶 (0ms)
2026-09-18 21:30:49.926 [INFO] GET /api/spider/快映 (0ms)
2026-09-18 21:30:49.928 [INFO] GET /api/spider/木偶 (0ms)
2026-09-18 21:30:49.929 [INFO] GET /api/spider/闪电 (1ms)
2026-09-18 21:30:51.047 [INFO] GET /api/spider/多多 (0ms)
2026-09-18 21:30:51.048 [INFO] GET /api/spider/虎斑 (1ms)
2026-09-18 21:30:51.049 [INFO] GET /api/spider/种子 (0ms)
2026-09-18 21:30:51.050 [INFO] GET /api/spider/夸父 (1ms)
2026-09-18 21:30:51.052 [INFO] GET /api/spider/123 (1ms)
2026-09-18 21:30:51.052 [INFO] GET /api/spider/指南 (0ms)
2026-09-18 21:30:51.054 [INFO] GET /api/spider/爱盼 (0ms)
2026-09-18 21:30:51.055 [INFO] GET /api/spider/移动 (0ms)
2026-09-18 21:30:51.057 [INFO] GET /api/spider/人人 (1ms)
2026-09-18 21:30:51.059 [INFO] GET /api/spider/即刻 (1ms)
2026-09-18 21:30:51.060 [INFO] GET /api/spider/双星 (0ms)
2026-09-18 21:30:51.062 [INFO] GET /api/spider/七猫短剧 (1ms)
2026-09-18 21:30:51.065 [INFO] GET /api/spider/河马短剧 (1ms)
2026-09-18 21:30:51.066 [INFO] GET /api/spider/围观短剧 (1ms)
2026-09-18 21:30:51.067 [INFO] GET /api/spider/好看短剧 (0ms)
2026-09-18 21:30:51.068 [INFO] GET /api/spider/星芽短剧 (0ms)
2026-09-18 21:30:51.072 [INFO] GET /api/spider/飞娱影视 (0ms)
2026-09-18 21:30:51.076 [INFO] GET /api/spider/独播影视 (0ms)
2026-09-18 21:30:51.079 [INFO] GET /api/spider/厂长影视 (1ms)
2026-09-18 21:30:51.079 [INFO] GET /api/spider/金牌影视 (0ms)
2026-09-18 21:30:51.081 [INFO] GET /api/spider/骚火影视 (0ms)
2026-09-18 21:30:51.082 [INFO] GET /api/spider/枫叶影视 (0ms)
2026-09-18 21:30:51.084 [INFO] GET /api/spider/爱看机器人 (0ms)
2026-09-18 21:30:51.086 [INFO] GET /api/spider/1905 (0ms)
2026-09-18 21:30:51.090 [INFO] GET /api/spider/双星99 (1ms)
2026-09-18 21:30:51.090 [INFO] GET /api/spider/咕咕动漫 (1ms)
2026-09-18 21:30:51.984 [INFO] GET /api/spider/New6v (0ms)
2026-09-18 21:30:51.984 [INFO] GET /api/spider/荐片 (0ms)
2026-09-18 21:30:51.985 [INFO] GET /api/spider/美剧迷 (0ms)
2026-09-18 21:30:51.986 [INFO] GET /api/spider/迅雷吧 (0ms)
2026-09-18 21:30:51.987 [INFO] GET /api/spider/聚合 (0ms)
2026-09-18 21:30:51.987 [INFO] GET /api/spider/盘搜 (0ms)
2026-09-18 21:30:51.990 [INFO] GET /api/spider/百酷 (0ms)
2026-09-18 21:30:51.991 [INFO] GET /api/spider/酷乐 (1ms)
2026-09-18 21:30:51.994 [INFO] GET /api/spider/鬼鬼 (1ms)
2026-09-18 21:30:51.998 [INFO] GET /api/spider/趣盘 (1ms)
2026-09-18 21:30:51.998 [INFO] GET /api/spider/呦呦DJ (0ms)
2026-09-18 21:30:51.999 [INFO] GET /api/spider/世界听书 (0ms)
2026-09-18 21:30:52.001 [INFO] GET /api/spider/堇夏听书 (1ms)
2026-09-18 21:30:52.002 [INFO] GET /api/spider/博看听书 (1ms)
2026-09-18 21:30:52.004 [INFO] GET /api/spider/童趣 (1ms)
2026-09-18 21:30:52.006 [INFO] GET /api/spider/兔小贝 (1ms)
2026-09-18 21:30:52.009 [INFO] GET /api/spider/贝乐虎 (1ms)
2026-09-18 21:30:56.687 [INFO] GET /api/spider/TGYunPanLocal (0ms)
2026-09-18 21:30:56.688 [INFO] GET /api/spider/Youtube (0ms)
2026-09-18 21:30:56.691 [INFO] GET /api/spider/酷狗 (1ms)
2026-09-18 21:30:56.696 [INFO] GET /api/spider/Iktv (0ms)
2026-09-18 21:30:56.697 [INFO] GET /api/spider/Yinyuetai (0ms)
2026-09-18 21:30:56.698 [INFO] GET /api/spider/AliShareEBook (0ms)
2026-09-18 21:30:56.699 [INFO] GET /api/spider/荐片弹幕版 (0ms)
2026-09-18 21:30:56.701 [INFO] GET /api/spider/Bdys_spider (0ms)
2026-09-18 21:30:56.702 [INFO] GET /api/spider/天天 (1ms)
2026-09-18 21:30:56.707 [INFO] GET /api/spider/追剧 (1ms)
2026-09-18 21:30:56.710 [INFO] GET /api/spider/NanGua (1ms)
2026-09-18 21:30:56.710 [INFO] GET /api/spider/PushShare (0ms)
2026-09-18 21:30:56.713 [INFO] GET /api/spider/PikPakShare (1ms)
2026-09-18 21:30:56.714 [INFO] GET /api/spider/AliShare (1ms)
2026-09-18 21:30:56.715 [INFO] GET /api/spider/ThunderShare (1ms)
2026-09-18 21:30:56.718 [INFO] GET /api/spider/115Share (0ms)
2026-09-18 21:30:56.718 [INFO] GET /api/spider/QuarkShare (1ms)
2026-09-18 21:30:56.720 [INFO] GET /api/spider/UCShare (1ms)
2026-09-18 21:30:56.723 [INFO] GET /api/spider/Wogg (1ms)
2026-09-18 21:30:56.725 [INFO] GET /api/spider/Wobg (0ms)
2026-09-18 21:30:56.727 [INFO] GET /api/spider/yydsys (0ms)
2026-09-18 21:30:56.730 [INFO] GET /api/spider/蜡笔网盘 (0ms)
2026-09-18 21:30:56.731 [INFO] GET /api/spider/Mogg (0ms)
2026-09-18 21:30:56.733 [INFO] GET /api/spider/土豆 (1ms)
2026-09-18 21:30:56.737 [INFO] GET /api/spider/小米网盘 (1ms)
2026-09-18 21:30:56.738 [INFO] GET /api/spider/Xinshijue (0ms)
2026-09-18 21:30:56.740 [INFO] GET /api/spider/Moli (1ms)
2026-09-18 21:30:56.745 [INFO] GET /api/spider/Bt0 (1ms)
2026-09-18 21:30:56.745 [INFO] GET /api/spider/ddys (0ms)
2026-09-18 21:30:56.747 [INFO] GET /api/spider/Ppxzy (0ms)
2026-09-18 21:30:56.750 [INFO] GET /api/spider/新6V (2ms)
2026-09-18 21:30:56.764 [INFO] GET /api/spider/4KHDR (1ms)
2026-09-18 21:30:56.765 [INFO] GET /api/spider/校长影视 (1ms)
2026-09-18 21:30:56.767 [INFO] GET /api/spider/团长资源 (1ms)
2026-09-18 21:30:56.768 [INFO] GET /api/spider/Hdhive (0ms)
2026-09-18 21:30:56.769 [INFO] GET /api/spider/YunPan (0ms)
2026-09-18 21:30:56.769 [INFO] GET /api/spider/Panta (0ms)
2026-09-18 21:30:56.770 [INFO] GET /api/spider/Wo4k (0ms)
2026-09-18 21:30:56.771 [INFO] GET /api/spider/Xpanpan (0ms)
2026-09-18 21:30:56.774 [INFO] GET /api/spider/Gaoqing (1ms)
2026-09-18 21:30:56.774 [INFO] GET /api/spider/音范丝 (0ms)
2026-09-18 21:30:56.775 [INFO] GET /api/spider/TGYunPan (0ms)
2026-09-18 21:30:56.776 [INFO] GET /api/spider/YingSo (0ms)
2026-09-18 21:30:56.777 [INFO] GET /api/spider/盘友圈 (0ms)
2026-09-18 21:30:56.778 [INFO] GET /api/spider/88Pan (0ms)
2026-09-18 21:30:56.780 [INFO] GET /api/spider/PikaSo (0ms)
2026-09-18 21:30:56.781 [INFO] GET /api/spider/csp_HunHePan (0ms)
2026-09-18 21:30:56.783 [INFO] GET /api/spider/秒搜 (1ms)
2026-09-18 21:30:56.784 [INFO] GET /api/spider/Libvio (1ms)
2026-09-18 21:30:56.785 [INFO] GET /api/spider/DaPanSo (0ms)
2026-09-18 21:30:56.786 [INFO] GET /api/spider/Qianfan (0ms)
2026-09-18 21:30:56.788 [INFO] GET /api/spider/YunSo (0ms)
2026-09-18 21:30:56.789 [INFO] GET /api/spider/YunPanOne (0ms)
2026-09-18 21:30:56.791 [INFO] GET /api/spider/Gitcafe (1ms)
2026-09-18 21:30:56.792 [INFO] GET /api/spider/小紙條 (0ms)
2026-09-18 21:30:56.793 [INFO] GET /api/spider/七夜 (0ms)
2026-09-18 21:30:56.795 [INFO] GET /api/spider/盤搜索 (1ms)
2026-09-18 21:30:56.797 [INFO] GET /api/spider/找資源 (1ms)
2026-09-18 21:30:56.798 [INFO] GET /api/spider/易搜 (1ms)
2026-09-18 21:30:56.800 [INFO] GET /api/spider/UP云搜 (0ms)
2026-09-18 21:30:56.802 [INFO] GET /api/spider/Funletu (1ms)
2026-09-18 21:30:56.804 [INFO] GET /api/spider/QuarkPanso (1ms)
2026-09-18 21:30:56.812 [INFO] GET /api/spider/push_quark (0ms)
2026-09-18 21:30:56.820 [INFO] GET /api/spider/MDrive (1ms)
2026-09-18 21:30:56.821 [INFO] GET /api/spider/seed (1ms)
2026-09-18 21:30:56.823 [INFO] GET /api/spider/光影 (1ms)
2026-09-18 21:30:56.824 [INFO] GET /api/spider/原创 (0ms)
2026-09-18 21:30:56.827 [INFO] GET /api/spider/厂长 (0ms)
2026-09-18 21:30:56.831 [INFO] GET /api/spider/海绵 (0ms)
2026-09-18 21:30:56.834 [INFO] GET /api/spider/立播 (0ms)
2026-09-18 21:30:56.836 [INFO] GET /api/spider/瓜子 (1ms)
2026-09-18 21:30:56.836 [INFO] GET /api/spider/比特 (0ms)
2026-09-18 21:30:56.837 [INFO] GET /api/spider/糯米 (0ms)
2026-09-18 21:30:56.838 [INFO] GET /api/spider/文采 (1ms)
2026-09-18 21:30:56.840 [INFO] GET /api/spider/奶酪 (0ms)
2026-09-18 21:30:56.842 [INFO] GET /api/spider/热播 (0ms)
2026-09-18 21:30:56.844 [INFO] GET /api/spider/视界 (1ms)
2026-09-18 21:30:56.847 [INFO] GET /api/spider/播客 (1ms)
2026-09-18 21:30:56.848 [INFO] GET /api/spider/剧圈 (1ms)
2026-09-18 21:30:56.848 [INFO] GET /api/spider/奥特 (0ms)
2026-09-18 21:30:56.853 [INFO] GET /api/spider/咕咕 (1ms)
2026-09-18 21:30:56.854 [INFO] GET /api/spider/Dm84 (1ms)
2026-09-18 21:30:56.855 [INFO] GET /api/spider/ZPan (1ms)
2026-09-18 21:30:56.856 [INFO] GET /api/spider/JPan (0ms)
2026-09-18 21:30:56.862 [INFO] GET /api/spider/YpanSo (1ms)
2026-09-18 21:30:56.863 [INFO] GET /api/spider/BpanSo (1ms)
2026-09-18 21:30:56.864 [INFO] GET /api/spider/抠搜 (0ms)
2026-09-18 21:30:56.865 [INFO] GET /api/spider/UC (0ms)
2026-09-18 21:30:56.866 [INFO] GET /api/spider/csp_Zhaozy (0ms)
2026-09-18 21:30:56.868 [INFO] GET /api/spider/csp_AliPS (0ms)
2026-09-18 21:30:56.870 [INFO] GET /api/spider/csp_Yisou (0ms)
2026-09-18 21:30:56.871 [INFO] GET /api/spider/csp_Upyunso (0ms)
2026-09-18 21:30:56.872 [INFO] GET /api/spider/csp_XYQHiker_影搜 (0ms)
2026-09-18 21:30:56.874 [INFO] GET /api/spider/csp_XYQHikerAL_玩偶哥哥 (1ms)
2026-09-18 21:30:56.876 [INFO] GET /api/spider/csp_XYQHikerAL_云盘资源 (1ms)
2026-09-18 21:30:56.878 [INFO] GET /api/spider/csp_Mp4Mov (1ms)
2026-09-18 21:30:56.880 [INFO] GET /api/spider/csp_New6v (0ms)
2026-09-18 21:30:56.883 [INFO] GET /api/spider/csp_SeedHub (1ms)
2026-09-18 21:30:56.884 [INFO] GET /api/spider/csp_KubaCL (1ms)
2026-09-18 21:30:56.885 [INFO] GET /api/spider/csp_MeijuTT (0ms)
2026-09-18 21:30:56.886 [INFO] GET /api/spider/csp_MeijuMi (0ms)
2026-09-18 21:30:56.887 [INFO] GET /api/spider/csp_Xunlei8 (0ms)
2026-09-18 21:30:56.894 [INFO] GET /api/spider/360_spider (0ms)
2026-09-18 21:30:56.897 [INFO] GET /api/spider/csp_Kuaikan (0ms)
2026-09-18 21:30:56.899 [INFO] GET /api/spider/csp_Czsapp (1ms)
2026-09-18 21:30:56.901 [INFO] GET /api/spider/csp_Bdys (1ms)
2026-09-18 21:30:56.903 [INFO] GET /api/spider/csp_XYQHiker_哔嘀影视 (1ms)
2026-09-18 21:30:56.903 [INFO] GET /api/spider/csp_Ddys (0ms)
2026-09-18 21:30:56.906 [INFO] GET /api/spider/csp_JianPian (1ms)
2026-09-18 21:30:56.908 [INFO] GET /api/spider/csp_Ikanbot (0ms)
2026-09-18 21:30:56.910 [INFO] GET /api/spider/csp_XYQHiker_兔小贝 (0ms)
2026-09-18 21:30:56.912 [INFO] GET /api/spider/csp_XYQHiker_爱你短剧 (1ms)
2026-09-18 21:30:56.913 [INFO] GET /api/spider/csp_XYQHiker_河马短剧 (0ms)
2026-09-18 21:30:56.964 [INFO] GET /api/spider/csp_XYQHiker_短剧屋 (1ms)
2026-09-18 21:30:56.964 [INFO] GET /api/spider/csp_XYQHiker_农民影视 (0ms)
2026-09-18 21:30:56.965 [INFO] GET /api/spider/csp_XYQHiker_七新影视 (1ms)
2026-09-18 21:30:56.966 [INFO] GET /api/spider/csp_XYQHiker_可可影视 (1ms)
2026-09-18 21:30:56.968 [INFO] GET /api/spider/csp_Yj1211 (1ms)
2026-09-18 21:30:56.968 [INFO] GET /api/spider/csp_XYQHiker_虎牙直播 (1ms)
2026-09-18 21:30:56.971 [INFO] GET /api/spider/白白 (1ms)
2026-09-18 21:30:56.972 [INFO] GET /api/spider/神车 (0ms)
2026-09-18 21:30:56.974 [INFO] GET /api/spider/Lib (1ms)
2026-09-18 21:30:56.976 [INFO] GET /api/spider/zxzj (0ms)
2026-09-18 21:30:56.977 [INFO] GET /api/spider/溢彩 (0ms)
2026-09-18 21:30:56.978 [INFO] GET /api/spider/低端 (0ms)
2026-09-18 21:30:56.980 [INFO] GET /api/spider/萌米 (0ms)
2026-09-18 21:30:56.982 [INFO] GET /api/spider/兄弟 (0ms)
2026-09-18 21:30:56.987 [INFO] GET /api/spider/欢视 (1ms)
2026-09-18 21:30:56.988 [INFO] GET /api/spider/贱贱 (1ms)
2026-09-18 21:30:56.989 [INFO] GET /api/spider/Ysj (0ms)
2026-09-18 21:30:56.990 [INFO] GET /api/spider/Anime1 (0ms)
2026-09-18 21:30:56.995 [INFO] GET /api/spider/米搜 (0ms)
2026-09-18 21:30:56.995 [INFO] GET /api/spider/xzso (1ms)
2026-09-18 21:30:56.996 [INFO] GET /api/spider/夸搜 (0ms)
2026-09-18 21:30:56.996 [INFO] GET /api/spider/Aliso (0ms)
2026-09-18 21:30:56.998 [INFO] GET /api/spider/YiSo (1ms)
2026-09-18 21:30:57.000 [INFO] GET /api/spider/csp_YGP (1ms)
2026-09-18 21:30:57.003 [INFO] GET /api/spider/Local (0ms)
2026-09-18 21:30:57.005 [INFO] GET /api/spider/MeijuTT (0ms)
2026-09-18 21:30:57.005 [INFO] GET /api/spider/Ikanbot (1ms)
2026-09-18 21:30:57.005 [INFO] GET /api/spider/SeedHub (0ms)
2026-09-18 21:30:57.006 [INFO] GET /api/spider/Mayiys (0ms)
2026-09-18 21:30:57.007 [INFO] GET /api/spider/泥巴 (0ms)
2026-09-18 21:30:57.011 [INFO] GET /api/spider/星星 (1ms)
2026-09-18 21:30:57.013 [INFO] GET /api/spider/影视 (1ms)
2026-09-18 21:30:57.016 [INFO] GET /api/spider/櫻花 (0ms)
2026-09-18 21:30:57.018 [INFO] GET /api/spider/巴士 (1ms)
2026-09-18 21:30:57.020 [INFO] GET /api/spider/獨播 (0ms)
2026-09-18 21:30:57.025 [INFO] GET /api/spider/AList (0ms)
2026-09-18 21:30:57.026 [INFO] GET /api/spider/WebDAV (0ms)
2026-09-18 21:30:57.028 [INFO] GET /api/spider/fan (1ms)
2026-09-18 21:30:57.028 [INFO] GET /api/spider/賤賤 (0ms)
2026-09-18 21:30:57.031 [INFO] GET /api/spider/異界 (0ms)
2026-09-18 21:30:57.035 [INFO] GET /api/spider/JustLive (1ms)
2026-09-18 21:30:57.035 [INFO] GET /api/spider/雲搜 (0ms)
2026-09-18 21:30:57.037 [INFO] GET /api/spider/盤搜 (1ms)
2026-09-18 21:30:57.373 [INFO] GET /api/spider/紙條搜 (0ms)
2026-09-18 21:30:57.373 [INFO] GET /api/spider/MoggV2 (0ms)
2026-09-18 21:30:57.376 [INFO] GET /api/spider/UcXmV2 (0ms)
2026-09-18 21:30:57.378 [INFO] GET /api/spider/QuarkLaBiV2 (1ms)
2026-09-18 21:30:57.379 [INFO] GET /api/spider/QuarkzzV2 (0ms)
2026-09-18 21:30:57.379 [INFO] GET /api/spider/YYDSYS (0ms)
2026-09-18 21:30:57.383 [INFO] GET /api/spider/QuarkTZ (1ms)
2026-09-18 21:30:57.384 [INFO] GET /api/spider/盘库 (1ms)
2026-09-18 21:30:57.385 [INFO] GET /api/spider/聚搜 (0ms)
2026-09-18 21:30:57.386 [INFO] GET /api/spider/仓鼠 (1ms)
2026-09-18 21:30:57.388 [INFO] GET /api/spider/咖啡 (1ms)
2026-09-18 21:30:57.389 [INFO] GET /api/spider/诺雪 (0ms)
2026-09-18 21:30:57.393 [INFO] GET /api/spider/忍者 (1ms)
2026-09-18 21:30:57.394 [INFO] GET /api/spider/彼岸 (1ms)
2026-09-18 21:30:57.395 [INFO] GET /api/spider/菲儿影视 (1ms)
2026-09-18 21:30:57.396 [INFO] GET /api/spider/雨滴 (0ms)
2026-09-18 21:30:57.396 [INFO] GET /api/spider/橘子 (0ms)
2026-09-18 21:30:57.399 [INFO] GET /api/spider/瓜子影视 (1ms)
2026-09-18 21:30:57.399 [INFO] GET /api/spider/即看 (0ms)
2026-09-18 21:30:57.400 [INFO] GET /api/spider/Auete (0ms)
2026-09-18 21:30:57.402 [INFO] GET /api/spider/天天影视 (0ms)
2026-09-18 21:30:57.404 [INFO] GET /api/spider/浪酷影视 (1ms)
2026-09-18 21:30:57.407 [INFO] GET /api/spider/酷影视 (1ms)
2026-09-18 21:30:57.409 [INFO] GET /api/spider/蝴蝶 (0ms)
2026-09-18 21:30:57.410 [INFO] GET /api/spider/二三 (0ms)
2026-09-18 21:30:57.414 [INFO] GET /api/spider/洽洽影视 (1ms)
2026-09-18 21:30:57.414 [INFO] GET /api/spider/三六零弹幕 (0ms)
2026-09-18 21:30:57.417 [INFO] GET /api/spider/cctv (1ms)
2026-09-18 21:30:57.418 [INFO] GET /api/spider/mutefun (0ms)
2026-09-18 21:30:57.419 [INFO] GET /api/spider/mb (0ms)
2026-09-18 21:30:57.421 [INFO] GET /api/spider/xifan (1ms)
2026-09-18 21:30:57.860 [INFO] GET /api/spider/duanju (1ms)
2026-09-18 21:30:57.861 [INFO] GET /api/spider/csp_Ysj (1ms)
2026-09-18 21:30:57.862 [INFO] GET /api/spider/csp_Anime1 (0ms)
2026-09-18 21:30:57.865 [INFO] GET /api/spider/xxg (1ms)
2026-09-18 21:30:57.868 [INFO] GET /api/spider/tu (1ms)
2026-09-18 21:30:57.869 [INFO] GET /api/spider/searchEx (1ms)
2026-09-18 21:30:57.869 [INFO] GET /api/spider/UCsousou (0ms)
2026-09-18 21:30:57.870 [INFO] GET /api/spider/PanSso (0ms)
2026-09-18 21:30:57.871 [INFO] GET /api/spider/PikPakShare1 (0ms)
2026-09-18 21:30:57.873 [INFO] GET /api/spider/PikPakShare18 (0ms)
2026-09-18 21:30:57.878 [INFO] GET /api/spider/csp_BtSow (1ms)
2026-09-18 21:30:57.878 [INFO] GET /api/spider/csp_BtSearch (0ms)
2026-09-18 21:30:57.880 [INFO] GET /api/spider/csp_Netflav (1ms)
2026-09-18 21:30:57.880 [INFO] GET /api/spider/SeHuaTang (0ms)
2026-09-18 21:30:57.882 [INFO] GET /api/spider/Xojav (1ms)
2026-09-18 21:30:57.884 [INFO] GET /api/spider/Cable (1ms)
2026-09-18 21:30:57.889 [INFO] GET /api/spider/AvTime (1ms)
2026-09-18 21:30:57.890 [INFO] GET /api/spider/Top888 (1ms)
2026-09-18 21:30:57.892 [INFO] GET /api/spider/csp_JavBus (1ms)
2026-09-18 21:30:57.894 [INFO] GET /api/spider/csp_JavDb (1ms)
2026-09-18 21:30:57.895 [INFO] GET /api/spider/18AV (1ms)
2026-09-18 21:30:57.896 [INFO] GET /api/spider/Jable (0ms)
2026-09-18 21:30:57.900 [INFO] GET /api/spider/MissAV (1ms)
2026-09-18 21:30:57.900 [INFO] GET /api/spider/Hanime (0ms)
2026-09-18 21:31:20.288 [INFO] GET /api/spider/速播 (8ms)
2026-09-18 21:31:20.290 [INFO] GET /api/spider/短剧 (5ms)
2026-09-18 21:31:20.290 [INFO] GET /api/spider/南瓜 (8ms)
2026-09-18 21:31:20.290 [INFO] GET /api/spider/可可 (3ms)
2026-09-18 21:31:20.290 [INFO] GET /api/spider/木星 (8ms)
2026-09-18 21:31:20.290 [INFO] GET /api/spider/Sso (3ms)
2026-09-18 21:31:20.296 [INFO] GET /api/spider/TGDouban (1ms)
2026-09-18 21:31:20.296 [INFO] GET /api/spider/csp_Qwmp4 (0ms)
2026-09-18 21:31:20.297 [INFO] GET /api/spider/盘链 (1ms)
2026-09-18 21:31:20.298 [INFO] GET /api/spider/zmi (0ms)
2026-09-18 21:31:20.301 [INFO] GET /api/spider/PanSouGo (1ms)
2026-09-18 21:31:20.677 [INFO] GET /api/spider/光鸭社区 (1ms)
2026-09-18 21:31:20.689 [INFO] GET /api/spider/HuamuCangShare (1ms)
2026-09-18 21:31:20.689 [INFO] GET /api/spider/Guanying (0ms)
2026-09-18 21:31:20.691 [INFO] GET /api/spider/FourKZN (1ms)
2026-09-18 21:31:20.692 [INFO] GET /api/spider/至臻|网盘 (1ms)
2026-09-18 21:31:20.693 [INFO] GET /api/spider/LIBVIO (1ms)
2026-09-18 21:31:20.696 [INFO] GET /api/spider/HongGuo (1ms)
2026-09-18 21:31:20.698 [INFO] GET /api/spider/AlistShare (1ms)
2026-09-18 21:31:20.698 [INFO] GET /api/spider/123Share (0ms)
2026-09-18 21:31:20.698 [INFO] GET /api/spider/Guazi (2ms)
2026-09-18 21:31:20.700 [INFO] GET /api/spider/189Share (1ms)
2026-09-18 21:31:20.705 [INFO] GET /api/spider/TianYiSou (5ms)
2026-09-18 21:31:20.708 [INFO] GET /api/spider/混合盘 (1ms)
2026-09-18 21:31:20.710 [INFO] GET /api/spider/BLSGod (1ms)
2026-09-18 21:31:25.655 [INFO] GET /api/spider/netflav (1ms)
2026-09-18 21:31:25.660 [INFO] GET /api/spider/supjav (0ms)
2026-09-18 21:31:25.660 [INFO] GET /api/spider/123av (0ms)
2026-09-18 21:31:25.661 [INFO] GET /api/spider/xojav (1ms)
2026-09-18 21:31:25.661 [INFO] GET /api/spider/csp_Sukebei (1ms)
2026-09-18 21:31:26.005 [INFO] GET /api/spider/TGYunPan18pan (1ms)
2026-09-18 21:31:26.005 [INFO] GET /api/spider/XMVideo (1ms)
2026-09-18 21:31:26.006 [INFO] GET /api/spider/Zuise (1ms)
2026-09-18 21:31:26.048 [INFO] GET /api/spider/csp_pornhub (0ms)
2026-09-18 21:31:38.043 [INFO] GET /api/spider/终端窗口 (1ms)
2026-09-18 21:31:38.043 [INFO] GET /api/spider/运行 (0ms)
2026-09-18 21:31:38.044 [INFO] GET /api/spider/UI模块 (1ms)
2026-09-18 21:31:38.044 [INFO] GET /api/spider/油管so (0ms)
2026-09-18 21:31:38.046 [INFO] GET /api/spider/youtube_jar (0ms)
2026-09-18 21:31:39.918 [INFO] GET /api/spider/哔哩so (1ms)
2026-09-18 21:31:39.919 [INFO] GET /api/spider/油管webjartv (1ms)
2026-09-18 21:31:39.919 [INFO] GET /api/spider/华人so (1ms)
2026-09-18 21:31:39.920 [INFO] GET /api/spider/爱瓜实验 (0ms)
2026-09-18 21:31:39.922 [INFO] GET /api/spider/网页工具 (0ms)
2026-09-18 21:31:39.928 [INFO] GET /api/spider/捡的音乐新 (1ms)
2026-09-18 21:31:39.928 [INFO] GET /api/spider/本地服务管理 (1ms)
2026-09-18 21:31:39.928 [INFO] GET /api/spider/采集全集 (1ms)
2026-09-18 21:31:39.929 [INFO] GET /api/spider/音乐实验 (1ms)
2026-09-18 21:31:39.930 [INFO] GET /api/spider/听书so (1ms)
2026-09-18 21:31:39.931 [INFO] GET /api/spider/三三小说 (0ms)
2026-09-18 21:31:39.934 [INFO] GET /api/spider/七猫小说 (1ms)
2026-09-18 21:31:39.935 [INFO] GET /api/spider/阅读源so (1ms)
2026-09-18 21:31:39.936 [INFO] GET /api/spider/本地小说so (0ms)
2026-09-18 21:31:39.937 [INFO] GET /api/spider/阅读助手 (1ms)
2026-09-18 21:31:39.937 [INFO] GET /api/spider/捡的音乐so (0ms)
2026-09-18 21:31:39.938 [INFO] GET /api/spider/wv_mcp (0ms)
2026-09-18 21:31:39.940 [INFO] GET /api/spider/wv_push (0ms)
2026-09-18 21:31:39.942 [INFO] GET /api/spider/wv_3q (0ms)
2026-09-18 21:31:39.943 [INFO] GET /api/spider/wv_ddys (0ms)
2026-09-18 21:31:39.945 [INFO] GET /api/spider/wv_jldj (0ms)
2026-09-18 21:31:39.947 [INFO] GET /api/spider/wv_xhjw (1ms)
2026-09-18 21:31:39.948 [INFO] GET /api/spider/wv_jqqzx (1ms)
2026-09-18 21:31:39.951 [INFO] GET /api/spider/wv_jddzx (1ms)
2026-09-18 21:31:39.952 [INFO] GET /api/spider/wv_aizju (0ms)
2026-09-18 21:31:39.953 [INFO] GET /api/spider/wv_555ys (0ms)
2026-09-18 21:31:39.955 [INFO] GET /api/spider/wv_fktv (1ms)
2026-09-18 21:31:39.956 [INFO] GET /api/spider/wv_xlys (1ms)
2026-09-18 21:31:39.960 [INFO] GET /api/spider/wv_ysp (1ms)
2026-09-18 21:31:39.963 [INFO] GET /api/spider/youtube (0ms)
2026-09-18 21:31:39.964 [INFO] GET /api/spider/youtube2 (0ms)
2026-09-18 21:31:39.966 [INFO] GET /api/spider/nbys (0ms)
2026-09-18 21:31:39.967 [INFO] GET /api/spider/csp_xb_lez (0ms)
2026-09-18 21:31:39.970 [INFO] GET /api/spider/csp_xb_zxzj (1ms)
2026-09-18 21:31:39.972 [INFO] GET /api/spider/csp_xb_auete (0ms)
2026-09-18 21:31:39.974 [INFO] GET /api/spider/csp_xb_lib (1ms)
2026-09-18 21:31:39.976 [INFO] GET /api/spider/csp_xb_lgyys (0ms)
2026-09-18 21:31:39.978 [INFO] GET /api/spider/csp_xb_zbk (1ms)
2026-09-18 21:31:39.982 [INFO] GET /api/spider/csp_xb_ysgc (0ms)
2026-09-18 21:31:39.983 [INFO] GET /api/spider/csp_xb_cokemv (0ms)
2026-09-18 21:31:39.984 [INFO] GET /api/spider/找资源 (0ms)
2026-09-18 21:31:39.985 [INFO] GET /api/spider/upyunsou (0ms)
2026-09-18 21:31:39.991 [INFO] GET /api/spider/yisou (1ms)
2026-09-18 21:31:39.994 [INFO] GET /api/spider/AliPS (0ms)
2026-09-18 21:36:09.831 [INFO] GET /api/spider/本地 (2ms)
2026-09-18 21:36:19.829 [INFO] GET /api/spider/热播影视 (2ms)
2026-09-18 21:36:19.830 [INFO] GET /api/spider/一起影视 (0ms)
2026-09-18 21:36:19.830 [INFO] GET /api/spider/爱看 (1ms)
2026-09-18 21:36:19.830 [INFO] GET /api/spider/布布 (0ms)
2026-09-18 21:36:19.831 [INFO] GET /api/spider/咕噜 (1ms)
2026-09-18 21:36:19.831 [INFO] GET /api/spider/马猴影视 (1ms)
2026-09-18 21:36:19.836 [INFO] GET /api/spider/韩圈 (1ms)
2026-09-18 21:36:19.836 [INFO] GET /api/spider/剧圈99 (1ms)
2026-09-18 21:36:19.836 [INFO] GET /api/spider/半日99 (1ms)
2026-09-18 21:36:19.837 [INFO] GET /api/spider/天堂 (1ms)
2026-09-18 21:36:19.838 [INFO] GET /api/spider/橘汁 (0ms)
2026-09-18 21:36:19.839 [INFO] GET /api/spider/华谊 (1ms)
2026-09-18 21:36:19.845 [INFO] GET /api/spider/蓝鹰 (1ms)
2026-09-18 21:36:19.845 [INFO] GET /api/spider/蓝鸟 (0ms)
2026-09-18 21:36:19.846 [INFO] GET /api/spider/世界 (1ms)
2026-09-18 21:36:19.846 [INFO] GET /api/spider/魔方 (0ms)
2026-09-18 21:36:19.846 [INFO] GET /api/spider/王子 (0ms)
2026-09-18 21:36:19.847 [INFO] GET /api/spider/茉莉 (0ms)
2026-09-18 21:36:19.859 [INFO] GET /api/spider/玩偶 (1ms)
2026-09-18 21:36:19.860 [INFO] GET /api/spider/快映 (0ms)
2026-09-18 21:36:19.862 [INFO] GET /api/spider/木偶 (1ms)
2026-09-18 21:36:19.866 [INFO] GET /api/spider/闪电 (1ms)
2026-09-18 21:36:20.835 [INFO] GET /api/spider/多多 (0ms)
2026-09-18 21:36:20.836 [INFO] GET /api/spider/虎斑 (1ms)
2026-09-18 21:36:20.838 [INFO] GET /api/spider/种子 (0ms)
2026-09-18 21:36:20.840 [INFO] GET /api/spider/夸父 (2ms)
2026-09-18 21:36:20.842 [INFO] GET /api/spider/123 (1ms)
2026-09-18 21:36:20.843 [INFO] GET /api/spider/指南 (0ms)
2026-09-18 21:36:20.846 [INFO] GET /api/spider/爱盼 (0ms)
2026-09-18 21:36:20.849 [INFO] GET /api/spider/移动 (1ms)
2026-09-18 21:36:20.851 [INFO] GET /api/spider/人人 (1ms)
2026-09-18 21:36:20.852 [INFO] GET /api/spider/即刻 (1ms)
2026-09-18 21:36:20.853 [INFO] GET /api/spider/双星 (0ms)
2026-09-18 21:36:20.854 [INFO] GET /api/spider/七猫短剧 (1ms)
2026-09-18 21:36:20.857 [INFO] GET /api/spider/河马短剧 (0ms)
2026-09-18 21:36:20.861 [INFO] GET /api/spider/围观短剧 (1ms)
2026-09-18 21:36:20.864 [INFO] GET /api/spider/好看短剧 (1ms)
2026-09-18 21:36:20.865 [INFO] GET /api/spider/星芽短剧 (1ms)
2026-09-18 21:36:20.867 [INFO] GET /api/spider/飞娱影视 (0ms)
2026-09-18 21:36:20.869 [INFO] GET /api/spider/独播影视 (0ms)
2026-09-18 21:36:20.872 [INFO] GET /api/spider/厂长影视 (0ms)
2026-09-18 21:36:20.874 [INFO] GET /api/spider/金牌影视 (1ms)
2026-09-18 21:36:20.875 [INFO] GET /api/spider/骚火影视 (0ms)
2026-09-18 21:36:20.877 [INFO] GET /api/spider/枫叶影视 (0ms)
2026-09-18 21:36:20.879 [INFO] GET /api/spider/爱看机器人 (0ms)
2026-09-18 21:36:20.884 [INFO] GET /api/spider/1905 (0ms)
2026-09-18 21:36:20.885 [INFO] GET /api/spider/双星99 (0ms)
2026-09-18 21:36:20.886 [INFO] GET /api/spider/咕咕动漫 (1ms)
2026-09-18 21:36:30.898 [INFO] GET /api/spider/荐片 (3ms)
2026-09-18 21:36:30.900 [INFO] GET /api/spider/New6v (2ms)
2026-09-18 21:36:30.901 [INFO] GET /api/spider/美剧迷 (1ms)
2026-09-18 21:36:30.902 [INFO] GET /api/spider/迅雷吧 (1ms)
2026-09-18 21:36:30.903 [INFO] GET /api/spider/聚合 (1ms)
2026-09-18 21:36:30.903 [INFO] GET /api/spider/盘搜 (0ms)
2026-09-18 21:36:30.909 [INFO] GET /api/spider/百酷 (1ms)
2026-09-18 21:36:30.910 [INFO] GET /api/spider/酷乐 (2ms)
2026-09-18 21:36:30.911 [INFO] GET /api/spider/鬼鬼 (0ms)
2026-09-18 21:36:30.916 [INFO] GET /api/spider/趣盘 (1ms)
2026-09-18 21:36:30.917 [INFO] GET /api/spider/呦呦DJ (2ms)
2026-09-18 21:36:30.917 [INFO] GET /api/spider/世界听书 (1ms)
2026-09-18 21:36:30.921 [INFO] GET /api/spider/堇夏听书 (1ms)
2026-09-18 21:36:30.921 [INFO] GET /api/spider/博看听书 (0ms)
2026-09-18 21:36:30.922 [INFO] GET /api/spider/童趣 (0ms)
2026-09-18 21:36:30.922 [INFO] GET /api/spider/兔小贝 (0ms)
2026-09-18 21:36:30.924 [INFO] GET /api/spider/贝乐虎 (1ms)
2026-09-18 21:36:38.851 [INFO] GET /api/spider/TGYunPanLocal (1ms)
2026-09-18 21:36:38.853 [INFO] GET /api/spider/Youtube (2ms)
2026-09-18 21:36:38.854 [INFO] GET /api/spider/酷狗 (1ms)
2026-09-18 21:36:38.855 [INFO] GET /api/spider/Iktv (0ms)
2026-09-18 21:36:38.857 [INFO] GET /api/spider/Yinyuetai (0ms)
2026-09-18 21:36:38.859 [INFO] GET /api/spider/AliShareEBook (1ms)
2026-09-18 21:36:38.859 [INFO] GET /api/spider/荐片弹幕版 (0ms)
2026-09-18 21:36:38.861 [INFO] GET /api/spider/Bdys_spider (0ms)
2026-09-18 21:36:38.862 [INFO] GET /api/spider/天天 (0ms)
2026-09-18 21:36:38.871 [INFO] GET /api/spider/追剧 (0ms)
2026-09-18 21:36:38.871 [INFO] GET /api/spider/NanGua (0ms)
2026-09-18 21:36:38.874 [INFO] GET /api/spider/PushShare (1ms)
2026-09-18 21:36:38.878 [INFO] GET /api/spider/PikPakShare (0ms)
2026-09-18 21:36:38.882 [INFO] GET /api/spider/ThunderShare (1ms)
2026-09-18 21:36:38.882 [INFO] GET /api/spider/AliShare (1ms)
2026-09-18 21:36:38.885 [INFO] GET /api/spider/QuarkShare (1ms)
2026-09-18 21:36:38.887 [INFO] GET /api/spider/115Share (1ms)
2026-09-18 21:36:38.887 [INFO] GET /api/spider/UCShare (0ms)
2026-09-18 21:36:38.888 [INFO] GET /api/spider/Wogg (0ms)
2026-09-18 21:36:38.890 [INFO] GET /api/spider/Wobg (0ms)
2026-09-18 21:36:38.891 [INFO] GET /api/spider/yydsys (0ms)
2026-09-18 21:36:38.895 [INFO] GET /api/spider/Mogg (0ms)
2026-09-18 21:36:38.895 [INFO] GET /api/spider/蜡笔网盘 (0ms)
2026-09-18 21:36:38.897 [INFO] GET /api/spider/土豆 (1ms)
2026-09-18 21:36:38.898 [INFO] GET /api/spider/小米网盘 (0ms)
2026-09-18 21:36:38.901 [INFO] GET /api/spider/Xinshijue (1ms)
2026-09-18 21:36:38.901 [INFO] GET /api/spider/Moli (0ms)
2026-09-18 21:36:38.904 [INFO] GET /api/spider/Bt0 (1ms)
2026-09-18 21:36:38.905 [INFO] GET /api/spider/ddys (1ms)
2026-09-18 21:36:38.905 [INFO] GET /api/spider/Ppxzy (0ms)
2026-09-18 21:36:38.910 [INFO] GET /api/spider/新6V (1ms)
2026-09-18 21:36:38.911 [INFO] GET /api/spider/4KHDR (1ms)
2026-09-18 21:36:38.913 [INFO] GET /api/spider/校长影视 (0ms)
2026-09-18 21:36:38.916 [INFO] GET /api/spider/团长资源 (1ms)
2026-09-18 21:36:38.917 [INFO] GET /api/spider/Hdhive (1ms)
2026-09-18 21:36:38.917 [INFO] GET /api/spider/Panta (0ms)
2026-09-18 21:36:38.917 [INFO] GET /api/spider/YunPan (0ms)
2026-09-18 21:36:38.919 [INFO] GET /api/spider/Wo4k (0ms)
2026-09-18 21:36:38.921 [INFO] GET /api/spider/Xpanpan (1ms)
2026-09-18 21:36:38.927 [INFO] GET /api/spider/Gaoqing (0ms)
2026-09-18 21:36:38.930 [INFO] GET /api/spider/音范丝 (1ms)
2026-09-18 21:36:38.932 [INFO] GET /api/spider/TGYunPan (0ms)
2026-09-18 21:36:38.933 [INFO] GET /api/spider/YingSo (0ms)
2026-09-18 21:36:38.934 [INFO] GET /api/spider/盘友圈 (1ms)
2026-09-18 21:36:38.934 [INFO] GET /api/spider/88Pan (0ms)
2026-09-18 21:36:38.936 [INFO] GET /api/spider/PikaSo (0ms)
2026-09-18 21:36:38.937 [INFO] GET /api/spider/csp_HunHePan (0ms)
2026-09-18 21:36:38.944 [INFO] GET /api/spider/秒搜 (1ms)
2026-09-18 21:36:38.945 [INFO] GET /api/spider/Libvio (0ms)
2026-09-18 21:36:38.947 [INFO] GET /api/spider/DaPanSo (0ms)
2026-09-18 21:36:38.949 [INFO] GET /api/spider/Qianfan (0ms)
2026-09-18 21:36:38.952 [INFO] GET /api/spider/YunSo (1ms)
2026-09-18 21:36:38.953 [INFO] GET /api/spider/YunPanOne (0ms)
2026-09-18 21:36:38.953 [INFO] GET /api/spider/Gitcafe (0ms)
2026-09-18 21:36:38.955 [INFO] GET /api/spider/小紙條 (0ms)
2026-09-18 21:36:38.956 [INFO] GET /api/spider/七夜 (0ms)
2026-09-18 21:36:38.957 [INFO] GET /api/spider/盤搜索 (0ms)
2026-09-18 21:36:38.962 [INFO] GET /api/spider/找資源 (1ms)
2026-09-18 21:36:38.963 [INFO] GET /api/spider/易搜 (0ms)
2026-09-18 21:36:38.963 [INFO] GET /api/spider/UP云搜 (0ms)
2026-09-18 21:36:38.964 [INFO] GET /api/spider/Funletu (0ms)
2026-09-18 21:36:38.966 [INFO] GET /api/spider/QuarkPanso (1ms)
2026-09-18 21:36:38.977 [INFO] GET /api/spider/push_quark (1ms)
2026-09-18 21:36:38.984 [INFO] GET /api/spider/MDrive (0ms)
2026-09-18 21:36:38.985 [INFO] GET /api/spider/seed (1ms)
2026-09-18 21:36:38.985 [INFO] GET /api/spider/光影 (1ms)
2026-09-18 21:36:38.986 [INFO] GET /api/spider/原创 (0ms)
2026-09-18 21:36:38.990 [INFO] GET /api/spider/厂长 (0ms)
2026-09-18 21:36:38.994 [INFO] GET /api/spider/海绵 (1ms)
2026-09-18 21:36:38.994 [INFO] GET /api/spider/立播 (0ms)
2026-09-18 21:36:38.996 [INFO] GET /api/spider/瓜子 (1ms)
2026-09-18 21:36:38.996 [INFO] GET /api/spider/比特 (1ms)
2026-09-18 21:36:38.997 [INFO] GET /api/spider/糯米 (1ms)
2026-09-18 21:36:38.998 [INFO] GET /api/spider/文采 (0ms)
2026-09-18 21:36:39.001 [INFO] GET /api/spider/奶酪 (1ms)
2026-09-18 21:36:39.001 [INFO] GET /api/spider/热播 (0ms)
2026-09-18 21:36:39.003 [INFO] GET /api/spider/视界 (1ms)
2026-09-18 21:36:39.003 [INFO] GET /api/spider/播客 (0ms)
2026-09-18 21:36:39.005 [INFO] GET /api/spider/剧圈 (1ms)
2026-09-18 21:36:39.007 [INFO] GET /api/spider/奥特 (1ms)
2026-09-18 21:36:39.011 [INFO] GET /api/spider/Dm84 (0ms)
2026-09-18 21:36:39.011 [INFO] GET /api/spider/咕咕 (1ms)
2026-09-18 21:36:39.012 [INFO] GET /api/spider/ZPan (0ms)
2026-09-18 21:36:39.013 [INFO] GET /api/spider/JPan (0ms)
2026-09-18 21:36:39.015 [INFO] GET /api/spider/YpanSo (1ms)
2026-09-18 21:36:39.015 [INFO] GET /api/spider/BpanSo (0ms)
2026-09-18 21:36:39.016 [INFO] GET /api/spider/抠搜 (0ms)
2026-09-18 21:36:39.017 [INFO] GET /api/spider/UC (0ms)
2026-09-18 21:36:39.019 [INFO] GET /api/spider/csp_Zhaozy (0ms)
2026-09-18 21:36:39.031 [INFO] GET /api/spider/csp_AliPS (1ms)
2026-09-18 21:36:39.035 [INFO] GET /api/spider/csp_Yisou (0ms)
2026-09-18 21:36:39.036 [INFO] GET /api/spider/csp_Upyunso (0ms)
2026-09-18 21:36:39.037 [INFO] GET /api/spider/csp_XYQHiker_影搜 (0ms)
2026-09-18 21:36:39.040 [INFO] GET /api/spider/csp_XYQHikerAL_玩偶哥哥 (1ms)
2026-09-18 21:36:39.041 [INFO] GET /api/spider/csp_XYQHikerAL_云盘资源 (0ms)
2026-09-18 21:36:39.042 [INFO] GET /api/spider/csp_Mp4Mov (0ms)
2026-09-18 21:36:39.043 [INFO] GET /api/spider/csp_New6v (0ms)
2026-09-18 21:36:39.045 [INFO] GET /api/spider/csp_SeedHub (0ms)
2026-09-18 21:36:39.046 [INFO] GET /api/spider/csp_KubaCL (1ms)
2026-09-18 21:36:39.051 [INFO] GET /api/spider/csp_MeijuTT (1ms)
2026-09-18 21:36:39.051 [INFO] GET /api/spider/csp_MeijuMi (0ms)
2026-09-18 21:36:39.053 [INFO] GET /api/spider/csp_Xunlei8 (0ms)
2026-09-18 21:36:39.055 [INFO] GET /api/spider/360_spider (0ms)
2026-09-18 21:36:39.058 [INFO] GET /api/spider/csp_Kuaikan (1ms)
2026-09-18 21:36:39.060 [INFO] GET /api/spider/csp_Czsapp (0ms)
2026-09-18 21:36:39.061 [INFO] GET /api/spider/csp_Bdys (0ms)
2026-09-18 21:36:39.062 [INFO] GET /api/spider/csp_XYQHiker_哔嘀影视 (0ms)
2026-09-18 21:36:39.063 [INFO] GET /api/spider/csp_Ddys (0ms)
2026-09-18 21:36:39.067 [INFO] GET /api/spider/csp_JianPian (1ms)
2026-09-18 21:36:39.067 [INFO] GET /api/spider/csp_Ikanbot (0ms)
2026-09-18 21:36:39.068 [INFO] GET /api/spider/csp_XYQHiker_兔小贝 (0ms)
2026-09-18 21:36:39.069 [INFO] GET /api/spider/csp_XYQHiker_爱你短剧 (0ms)
2026-09-18 21:36:39.071 [INFO] GET /api/spider/csp_XYQHiker_河马短剧 (1ms)
2026-09-18 21:36:39.538 [INFO] GET /api/spider/csp_XYQHiker_短剧屋 (1ms)
2026-09-18 21:36:39.539 [INFO] GET /api/spider/csp_XYQHiker_农民影视 (2ms)
2026-09-18 21:36:39.541 [INFO] GET /api/spider/csp_XYQHiker_七新影视 (2ms)
2026-09-18 21:36:39.543 [INFO] GET /api/spider/csp_XYQHiker_可可影视 (0ms)
2026-09-18 21:36:39.545 [INFO] GET /api/spider/csp_Yj1211 (1ms)
2026-09-18 21:36:39.549 [INFO] GET /api/spider/csp_XYQHiker_虎牙直播 (1ms)
2026-09-18 21:36:39.554 [INFO] GET /api/spider/白白 (1ms)
2026-09-18 21:36:39.554 [INFO] GET /api/spider/神车 (0ms)
2026-09-18 21:36:39.555 [INFO] GET /api/spider/Lib (1ms)
2026-09-18 21:36:39.556 [INFO] GET /api/spider/zxzj (0ms)
2026-09-18 21:36:39.558 [INFO] GET /api/spider/溢彩 (0ms)
2026-09-18 21:36:39.561 [INFO] GET /api/spider/低端 (1ms)
2026-09-18 21:36:39.564 [INFO] GET /api/spider/萌米 (0ms)
2026-09-18 21:36:39.565 [INFO] GET /api/spider/兄弟 (0ms)
2026-09-18 21:36:39.567 [INFO] GET /api/spider/欢视 (1ms)
2026-09-18 21:36:39.568 [INFO] GET /api/spider/贱贱 (1ms)
2026-09-18 21:36:39.570 [INFO] GET /api/spider/Ysj (1ms)
2026-09-18 21:36:39.570 [INFO] GET /api/spider/Anime1 (0ms)
2026-09-18 21:36:39.573 [INFO] GET /api/spider/xzso (0ms)
2026-09-18 21:36:39.575 [INFO] GET /api/spider/米搜 (0ms)
2026-09-18 21:36:39.580 [INFO] GET /api/spider/夸搜 (1ms)
2026-09-18 21:36:39.583 [INFO] GET /api/spider/Aliso (1ms)
2026-09-18 21:36:39.583 [INFO] GET /api/spider/YiSo (0ms)
2026-09-18 21:36:39.585 [INFO] GET /api/spider/csp_YGP (0ms)
2026-09-18 21:36:39.587 [INFO] GET /api/spider/Local (0ms)
2026-09-18 21:36:39.589 [INFO] GET /api/spider/Ikanbot (1ms)
2026-09-18 21:36:39.590 [INFO] GET /api/spider/MeijuTT (1ms)
2026-09-18 21:36:39.592 [INFO] GET /api/spider/SeedHub (1ms)
2026-09-18 21:36:39.594 [INFO] GET /api/spider/Mayiys (0ms)
2026-09-18 21:36:39.598 [INFO] GET /api/spider/泥巴 (1ms)
2026-09-18 21:36:39.603 [INFO] GET /api/spider/星星 (1ms)
2026-09-18 21:36:39.605 [INFO] GET /api/spider/影视 (1ms)
2026-09-18 21:36:39.607 [INFO] GET /api/spider/櫻花 (0ms)
2026-09-18 21:36:39.611 [INFO] GET /api/spider/巴士 (0ms)
2026-09-18 21:36:39.613 [INFO] GET /api/spider/獨播 (1ms)
2026-09-18 21:36:39.617 [INFO] GET /api/spider/AList (0ms)
2026-09-18 21:36:39.618 [INFO] GET /api/spider/WebDAV (0ms)
2026-09-18 21:36:39.621 [INFO] GET /api/spider/fan (1ms)
2026-09-18 21:36:39.622 [INFO] GET /api/spider/賤賤 (1ms)
2026-09-18 21:36:39.626 [INFO] GET /api/spider/異界 (1ms)
2026-09-18 21:36:39.628 [INFO] GET /api/spider/JustLive (0ms)
2026-09-18 21:36:39.630 [INFO] GET /api/spider/雲搜 (1ms)
2026-09-18 21:36:39.631 [INFO] GET /api/spider/盤搜 (1ms)
2026-09-18 21:36:40.081 [INFO] GET /api/spider/紙條搜 (1ms)
2026-09-18 21:36:40.083 [INFO] GET /api/spider/MoggV2 (1ms)
2026-09-18 21:36:40.085 [INFO] GET /api/spider/UcXmV2 (0ms)
2026-09-18 21:36:40.088 [INFO] GET /api/spider/QuarkLaBiV2 (1ms)
2026-09-18 21:36:40.089 [INFO] GET /api/spider/QuarkzzV2 (0ms)
2026-09-18 21:36:40.091 [INFO] GET /api/spider/YYDSYS (1ms)
2026-09-18 21:36:40.095 [INFO] GET /api/spider/QuarkTZ (1ms)
2026-09-18 21:36:40.097 [INFO] GET /api/spider/盘库 (0ms)
2026-09-18 21:36:40.099 [INFO] GET /api/spider/聚搜 (1ms)
2026-09-18 21:36:40.100 [INFO] GET /api/spider/仓鼠 (0ms)
2026-09-18 21:36:40.102 [INFO] GET /api/spider/诺雪 (0ms)
2026-09-18 21:36:40.102 [INFO] GET /api/spider/咖啡 (1ms)
2026-09-18 21:36:40.109 [INFO] GET /api/spider/忍者 (0ms)
2026-09-18 21:36:40.112 [INFO] GET /api/spider/彼岸 (0ms)
2026-09-18 21:36:40.114 [INFO] GET /api/spider/菲儿影视 (1ms)
2026-09-18 21:36:40.115 [INFO] GET /api/spider/橘子 (0ms)
2026-09-18 21:36:40.116 [INFO] GET /api/spider/雨滴 (0ms)
2026-09-18 21:36:40.118 [INFO] GET /api/spider/瓜子影视 (1ms)
2026-09-18 21:36:40.118 [INFO] GET /api/spider/即看 (0ms)
2026-09-18 21:36:40.120 [INFO] GET /api/spider/Auete (0ms)
2026-09-18 21:36:40.121 [INFO] GET /api/spider/天天影视 (0ms)
2026-09-18 21:36:40.121 [INFO] GET /api/spider/浪酷影视 (0ms)
2026-09-18 21:36:40.125 [INFO] GET /api/spider/酷影视 (0ms)
2026-09-18 21:36:40.126 [INFO] GET /api/spider/蝴蝶 (0ms)
2026-09-18 21:36:40.127 [INFO] GET /api/spider/二三 (0ms)
2026-09-18 21:36:40.130 [INFO] GET /api/spider/洽洽影视 (1ms)
2026-09-18 21:36:40.131 [INFO] GET /api/spider/三六零弹幕 (0ms)
2026-09-18 21:36:40.133 [INFO] GET /api/spider/cctv (1ms)
2026-09-18 21:36:40.134 [INFO] GET /api/spider/mutefun (0ms)
2026-09-18 21:36:40.135 [INFO] GET /api/spider/mb (0ms)
2026-09-18 21:36:40.139 [INFO] GET /api/spider/xifan (1ms)
2026-09-18 21:36:40.377 [INFO] GET /api/spider/duanju (1ms)
2026-09-18 21:36:40.378 [INFO] GET /api/spider/csp_Ysj (1ms)
2026-09-18 21:36:40.385 [INFO] GET /api/spider/csp_Anime1 (0ms)
2026-09-18 21:36:40.385 [INFO] GET /api/spider/xxg (0ms)
2026-09-18 21:36:40.387 [INFO] GET /api/spider/tu (0ms)
2026-09-18 21:36:40.389 [INFO] GET /api/spider/searchEx (1ms)
2026-09-18 21:36:40.391 [INFO] GET /api/spider/UCsousou (1ms)
2026-09-18 21:36:40.393 [INFO] GET /api/spider/PanSso (0ms)
2026-09-18 21:36:40.394 [INFO] GET /api/spider/PikPakShare1 (0ms)
2026-09-18 21:36:40.394 [INFO] GET /api/spider/PikPakShare18 (0ms)
2026-09-18 21:36:40.397 [INFO] GET /api/spider/csp_BtSow (1ms)
2026-09-18 21:36:40.397 [INFO] GET /api/spider/csp_BtSearch (0ms)
2026-09-18 21:36:40.399 [INFO] GET /api/spider/csp_Netflav (1ms)
2026-09-18 21:36:40.403 [INFO] GET /api/spider/SeHuaTang (1ms)
2026-09-18 21:36:40.405 [INFO] GET /api/spider/Xojav (1ms)
2026-09-18 21:36:40.408 [INFO] GET /api/spider/Cable (1ms)
2026-09-18 21:36:40.411 [INFO] GET /api/spider/AvTime (0ms)
2026-09-18 21:36:40.412 [INFO] GET /api/spider/Top888 (0ms)
2026-09-18 21:36:40.413 [INFO] GET /api/spider/csp_JavBus (1ms)
2026-09-18 21:36:40.415 [INFO] GET /api/spider/csp_JavDb (1ms)
2026-09-18 21:36:40.416 [INFO] GET /api/spider/18AV (2ms)
2026-09-18 21:36:40.416 [INFO] GET /api/spider/Jable (1ms)
2026-09-18 21:36:40.418 [INFO] GET /api/spider/MissAV (0ms)
2026-09-18 21:36:40.421 [INFO] GET /api/spider/Hanime (1ms)
2026-09-18 21:37:02.351 [INFO] GET /api/spider/速播 (1ms)
2026-09-18 21:37:02.351 [INFO] GET /api/spider/木星 (1ms)
2026-09-18 21:37:02.351 [INFO] GET /api/spider/南瓜 (0ms)
2026-09-18 21:37:02.353 [INFO] GET /api/spider/可可 (1ms)
2026-09-18 21:37:02.353 [INFO] GET /api/spider/短剧 (0ms)
2026-09-18 21:37:02.354 [INFO] GET /api/spider/Sso (1ms)
2026-09-18 21:37:02.358 [INFO] GET /api/spider/TGDouban (1ms)
2026-09-18 21:37:02.361 [INFO] GET /api/spider/csp_Qwmp4 (0ms)
2026-09-18 21:37:02.361 [INFO] GET /api/spider/盘链 (1ms)
2026-09-18 21:37:02.363 [INFO] GET /api/spider/zmi (1ms)
2026-09-18 21:37:02.364 [INFO] GET /api/spider/PanSouGo (0ms)
2026-09-18 21:37:02.445 [INFO] GET /api/spider/HuamuCangShare (1ms)
2026-09-18 21:37:02.445 [INFO] GET /api/spider/光鸭社区 (2ms)
2026-09-18 21:37:02.445 [INFO] GET /api/spider/Guanying (0ms)
2026-09-18 21:37:02.447 [INFO] GET /api/spider/FourKZN (1ms)
2026-09-18 21:37:02.448 [INFO] GET /api/spider/至臻|网盘 (0ms)
2026-09-18 21:37:02.449 [INFO] GET /api/spider/LIBVIO (0ms)
2026-09-18 21:37:02.468 [INFO] GET /api/spider/HongGuo (1ms)
2026-09-18 21:37:02.468 [INFO] GET /api/spider/Guazi (0ms)
2026-09-18 21:37:02.470 [INFO] GET /api/spider/AlistShare (1ms)
2026-09-18 21:37:02.470 [INFO] GET /api/spider/123Share (0ms)
2026-09-18 21:37:02.472 [INFO] GET /api/spider/189Share (1ms)
2026-09-18 21:37:02.472 [INFO] GET /api/spider/TianYiSou (1ms)
2026-09-18 21:37:02.475 [INFO] GET /api/spider/混合盘 (0ms)
2026-09-18 21:37:02.477 [INFO] GET /api/spider/BLSGod (1ms)
2026-09-18 21:37:07.282 [INFO] GET /api/spider/netflav (1ms)
2026-09-18 21:37:07.285 [INFO] GET /api/spider/123av (0ms)
2026-09-18 21:37:07.285 [INFO] GET /api/spider/supjav (0ms)
2026-09-18 21:37:07.291 [INFO] GET /api/spider/csp_Sukebei (1ms)
2026-09-18 21:37:07.291 [INFO] GET /api/spider/xojav (1ms)
2026-09-18 21:37:07.665 [INFO] GET /api/spider/XMVideo (0ms)
2026-09-18 21:37:07.666 [INFO] GET /api/spider/TGYunPan18pan (1ms)
2026-09-18 21:37:07.666 [INFO] GET /api/spider/Zuise (0ms)
2026-09-18 21:37:07.894 [INFO] GET /api/spider/csp_pornhub (1ms)
2026-09-18 21:37:20.199 [INFO] GET /api/spider/终端窗口 (1ms)
2026-09-18 21:37:20.200 [INFO] GET /api/spider/运行 (0ms)
2026-09-18 21:37:20.202 [INFO] GET /api/spider/UI模块 (0ms)
2026-09-18 21:37:20.209 [INFO] GET /api/spider/油管so (0ms)
2026-09-18 21:37:20.210 [INFO] GET /api/spider/youtube_jar (1ms)
2026-09-18 21:37:25.233 [INFO] GET /api/spider/油管webjartv (1ms)
2026-09-18 21:37:25.234 [INFO] GET /api/spider/哔哩so (0ms)
2026-09-18 21:37:25.234 [INFO] GET /api/spider/华人so (0ms)
2026-09-18 21:37:25.235 [INFO] GET /api/spider/爱瓜实验 (0ms)
2026-09-18 21:37:25.237 [INFO] GET /api/spider/网页工具 (1ms)
2026-09-18 21:37:25.243 [INFO] GET /api/spider/采集全集 (1ms)
2026-09-18 21:37:25.243 [INFO] GET /api/spider/本地服务管理 (1ms)
2026-09-18 21:37:25.244 [INFO] GET /api/spider/捡的音乐新 (0ms)
2026-09-18 21:37:25.245 [INFO] GET /api/spider/音乐实验 (0ms)
2026-09-18 21:37:25.247 [INFO] GET /api/spider/听书so (0ms)
2026-09-18 21:37:25.249 [INFO] GET /api/spider/三三小说 (0ms)
2026-09-18 21:37:25.252 [INFO] GET /api/spider/七猫小说 (1ms)
2026-09-18 21:37:25.253 [INFO] GET /api/spider/阅读源so (0ms)
2026-09-18 21:37:25.254 [INFO] GET /api/spider/阅读助手 (1ms)
2026-09-18 21:37:25.257 [INFO] GET /api/spider/本地小说so (0ms)
2026-09-18 21:37:25.259 [INFO] GET /api/spider/捡的音乐so (0ms)
2026-09-18 21:37:25.260 [INFO] GET /api/spider/wv_mcp (0ms)
2026-09-18 21:37:25.264 [INFO] GET /api/spider/wv_push (1ms)
2026-09-18 21:37:25.266 [INFO] GET /api/spider/wv_3q (1ms)
2026-09-18 21:37:25.266 [INFO] GET /api/spider/wv_ddys (0ms)
2026-09-18 21:37:25.268 [INFO] GET /api/spider/wv_jldj (1ms)
2026-09-18 21:37:25.269 [INFO] GET /api/spider/wv_xhjw (0ms)
2026-09-18 21:37:25.272 [INFO] GET /api/spider/wv_jqqzx (1ms)
2026-09-18 21:37:25.276 [INFO] GET /api/spider/wv_jddzx (1ms)
2026-09-18 21:37:25.277 [INFO] GET /api/spider/wv_aizju (1ms)
2026-09-18 21:37:25.281 [INFO] GET /api/spider/wv_555ys (1ms)
2026-09-18 21:37:25.283 [INFO] GET /api/spider/wv_fktv (0ms)
2026-09-18 21:37:25.284 [INFO] GET /api/spider/wv_xlys (0ms)
2026-09-18 21:37:25.286 [INFO] GET /api/spider/wv_ysp (1ms)
2026-09-18 21:37:25.290 [INFO] GET /api/spider/youtube (0ms)
2026-09-18 21:37:25.291 [INFO] GET /api/spider/youtube2 (0ms)
2026-09-18 21:37:25.295 [INFO] GET /api/spider/nbys (1ms)
2026-09-18 21:37:25.296 [INFO] GET /api/spider/csp_xb_lez (1ms)
2026-09-18 21:37:25.298 [INFO] GET /api/spider/csp_xb_zxzj (1ms)
2026-09-18 21:37:25.300 [INFO] GET /api/spider/csp_xb_auete (0ms)
2026-09-18 21:37:25.301 [INFO] GET /api/spider/csp_xb_lib (0ms)
2026-09-18 21:37:25.312 [INFO] GET /api/spider/csp_xb_lgyys (0ms)
2026-09-18 21:37:25.314 [INFO] GET /api/spider/csp_xb_zbk (1ms)
2026-09-18 21:37:25.316 [INFO] GET /api/spider/csp_xb_ysgc (0ms)
2026-09-18 21:37:25.317 [INFO] GET /api/spider/csp_xb_cokemv (0ms)
2026-09-18 21:37:25.318 [INFO] GET /api/spider/找资源 (1ms)
2026-09-18 21:37:25.319 [INFO] GET /api/spider/upyunsou (0ms)
2026-09-18 21:37:25.321 [INFO] GET /api/spider/yisou (0ms)
2026-09-18 21:37:25.324 [INFO] GET /api/spider/AliPS (0ms)
2026-09-18 21:42:12.359 [INFO] GET /api/spider/本地 (1ms)
2026-09-18 21:42:22.361 [INFO] GET /api/spider/一起影视 (0ms)
2026-09-18 21:42:22.362 [INFO] GET /api/spider/热播影视 (3ms)
2026-09-18 21:42:22.362 [INFO] GET /api/spider/爱看 (1ms)
2026-09-18 21:42:22.363 [INFO] GET /api/spider/咕噜 (2ms)
2026-09-18 21:42:22.364 [INFO] GET /api/spider/布布 (1ms)
2026-09-18 21:42:22.364 [INFO] GET /api/spider/马猴影视 (1ms)
2026-09-18 21:42:22.372 [INFO] GET /api/spider/剧圈99 (1ms)
2026-09-18 21:42:22.372 [INFO] GET /api/spider/韩圈 (1ms)
2026-09-18 21:42:22.373 [INFO] GET /api/spider/半日99 (1ms)
2026-09-18 21:42:22.376 [INFO] GET /api/spider/天堂 (0ms)
2026-09-18 21:42:22.379 [INFO] GET /api/spider/橘汁 (1ms)
2026-09-18 21:42:22.380 [INFO] GET /api/spider/华谊 (1ms)
2026-09-18 21:42:22.382 [INFO] GET /api/spider/蓝鹰 (0ms)
2026-09-18 21:42:22.384 [INFO] GET /api/spider/世界 (0ms)
2026-09-18 21:42:22.384 [INFO] GET /api/spider/蓝鸟 (1ms)
2026-09-18 21:42:22.385 [INFO] GET /api/spider/魔方 (0ms)
2026-09-18 21:42:22.387 [INFO] GET /api/spider/王子 (1ms)
2026-09-18 21:42:22.388 [INFO] GET /api/spider/茉莉 (1ms)
2026-09-18 21:42:22.393 [INFO] GET /api/spider/玩偶 (1ms)
2026-09-18 21:42:22.395 [INFO] GET /api/spider/快映 (1ms)
2026-09-18 21:42:22.397 [INFO] GET /api/spider/木偶 (0ms)
2026-09-18 21:42:22.399 [INFO] GET /api/spider/闪电 (1ms)
2026-09-18 21:42:23.567 [INFO] GET /api/spider/多多 (0ms)
2026-09-18 21:42:23.568 [INFO] GET /api/spider/虎斑 (1ms)
2026-09-18 21:42:23.568 [INFO] GET /api/spider/种子 (0ms)
2026-09-18 21:42:23.570 [INFO] GET /api/spider/夸父 (1ms)
2026-09-18 21:42:23.571 [INFO] GET /api/spider/123 (0ms)
2026-09-18 21:42:23.572 [INFO] GET /api/spider/指南 (0ms)
2026-09-18 21:42:23.584 [INFO] GET /api/spider/爱盼 (5ms)
2026-09-18 21:42:23.584 [INFO] GET /api/spider/人人 (5ms)
2026-09-18 21:42:23.584 [INFO] GET /api/spider/即刻 (1ms)
2026-09-18 21:42:23.584 [INFO] GET /api/spider/移动 (1ms)
2026-09-18 21:42:23.585 [INFO] GET /api/spider/双星 (0ms)
2026-09-18 21:42:23.589 [INFO] GET /api/spider/七猫短剧 (0ms)
2026-09-18 21:42:23.593 [INFO] GET /api/spider/河马短剧 (1ms)
2026-09-18 21:42:23.594 [INFO] GET /api/spider/围观短剧 (1ms)
2026-09-18 21:42:23.595 [INFO] GET /api/spider/好看短剧 (0ms)
2026-09-18 21:42:23.597 [INFO] GET /api/spider/星芽短剧 (0ms)
2026-09-18 21:42:23.598 [INFO] GET /api/spider/飞娱影视 (0ms)
2026-09-18 21:42:23.599 [INFO] GET /api/spider/独播影视 (0ms)
2026-09-18 21:42:23.602 [INFO] GET /api/spider/厂长影视 (0ms)
2026-09-18 21:42:23.604 [INFO] GET /api/spider/金牌影视 (1ms)
2026-09-18 21:42:23.604 [INFO] GET /api/spider/骚火影视 (0ms)
2026-09-18 21:42:23.608 [INFO] GET /api/spider/枫叶影视 (0ms)
2026-09-18 21:42:23.610 [INFO] GET /api/spider/爱看机器人 (0ms)
2026-09-18 21:42:23.615 [INFO] GET /api/spider/1905 (0ms)
2026-09-18 21:42:23.621 [INFO] GET /api/spider/双星99 (1ms)
2026-09-18 21:42:23.621 [INFO] GET /api/spider/咕咕动漫 (0ms)
2026-09-18 21:42:24.468 [INFO] GET /api/spider/美剧迷 (0ms)
2026-09-18 21:42:24.469 [INFO] GET /api/spider/迅雷吧 (0ms)
2026-09-18 21:42:24.469 [INFO] GET /api/spider/New6v (1ms)
2026-09-18 21:42:24.469 [INFO] GET /api/spider/荐片 (2ms)
2026-09-18 21:42:24.471 [INFO] GET /api/spider/聚合 (1ms)
2026-09-18 21:42:24.471 [INFO] GET /api/spider/盘搜 (0ms)
2026-09-18 21:42:24.473 [INFO] GET /api/spider/百酷 (0ms)
2026-09-18 21:42:24.475 [INFO] GET /api/spider/酷乐 (1ms)
2026-09-18 21:42:24.478 [INFO] GET /api/spider/呦呦DJ (1ms)
2026-09-18 21:42:24.478 [INFO] GET /api/spider/趣盘 (0ms)
2026-09-18 21:42:24.478 [INFO] GET /api/spider/世界听书 (0ms)
2026-09-18 21:42:24.478 [INFO] GET /api/spider/鬼鬼 (1ms)
2026-09-18 21:42:24.481 [INFO] GET /api/spider/堇夏听书 (1ms)
2026-09-18 21:42:24.481 [INFO] GET /api/spider/博看听书 (1ms)
2026-09-18 21:42:24.482 [INFO] GET /api/spider/童趣 (1ms)
2026-09-18 21:42:24.483 [INFO] GET /api/spider/兔小贝 (1ms)
2026-09-18 21:42:24.484 [INFO] GET /api/spider/贝乐虎 (1ms)
2026-09-18 21:42:29.406 [INFO] GET /api/spider/Youtube (2ms)
2026-09-18 21:42:29.406 [INFO] GET /api/spider/TGYunPanLocal (2ms)
2026-09-18 21:42:29.408 [INFO] GET /api/spider/酷狗 (1ms)
2026-09-18 21:42:29.411 [INFO] GET /api/spider/Iktv (1ms)
2026-09-18 21:42:29.412 [INFO] GET /api/spider/Yinyuetai (0ms)
2026-09-18 21:42:29.412 [INFO] GET /api/spider/AliShareEBook (0ms)
2026-09-18 21:42:29.415 [INFO] GET /api/spider/荐片弹幕版 (1ms)
2026-09-18 21:42:29.416 [INFO] GET /api/spider/Bdys_spider (1ms)
2026-09-18 21:42:29.417 [INFO] GET /api/spider/天天 (1ms)
2026-09-18 21:42:29.418 [INFO] GET /api/spider/追剧 (0ms)
2026-09-18 21:42:29.420 [INFO] GET /api/spider/NanGua (1ms)
2026-09-18 21:42:29.420 [INFO] GET /api/spider/PushShare (0ms)
2026-09-18 21:42:29.421 [INFO] GET /api/spider/PikPakShare (0ms)
2026-09-18 21:42:29.422 [INFO] GET /api/spider/AliShare (1ms)
2026-09-18 21:42:29.425 [INFO] GET /api/spider/ThunderShare (1ms)
2026-09-18 21:42:29.430 [INFO] GET /api/spider/QuarkShare (1ms)
2026-09-18 21:42:29.432 [INFO] GET /api/spider/115Share (0ms)
2026-09-18 21:42:29.433 [INFO] GET /api/spider/UCShare (1ms)
2026-09-18 21:42:29.434 [INFO] GET /api/spider/Wogg (1ms)
2026-09-18 21:42:29.437 [INFO] GET /api/spider/Wobg (0ms)
2026-09-18 21:42:29.439 [INFO] GET /api/spider/yydsys (0ms)
2026-09-18 21:42:29.443 [INFO] GET /api/spider/蜡笔网盘 (1ms)
2026-09-18 21:42:29.444 [INFO] GET /api/spider/Mogg (1ms)
2026-09-18 21:42:29.446 [INFO] GET /api/spider/土豆 (1ms)
2026-09-18 21:42:29.446 [INFO] GET /api/spider/小米网盘 (0ms)
2026-09-18 21:42:29.448 [INFO] GET /api/spider/Xinshijue (0ms)
2026-09-18 21:42:29.448 [INFO] GET /api/spider/Moli (0ms)
2026-09-18 21:42:29.450 [INFO] GET /api/spider/Bt0 (0ms)
2026-09-18 21:42:29.451 [INFO] GET /api/spider/ddys (0ms)
2026-09-18 21:42:29.452 [INFO] GET /api/spider/Ppxzy (0ms)
2026-09-18 21:42:29.453 [INFO] GET /api/spider/新6V (0ms)
2026-09-18 21:42:29.455 [INFO] GET /api/spider/4KHDR (0ms)
2026-09-18 21:42:29.458 [INFO] GET /api/spider/校长影视 (0ms)
2026-09-18 21:42:29.460 [INFO] GET /api/spider/团长资源 (0ms)
2026-09-18 21:42:29.460 [INFO] GET /api/spider/Hdhive (0ms)
2026-09-18 21:42:29.462 [INFO] GET /api/spider/Panta (0ms)
2026-09-18 21:42:29.463 [INFO] GET /api/spider/YunPan (0ms)
2026-09-18 21:42:29.465 [INFO] GET /api/spider/Wo4k (1ms)
2026-09-18 21:42:29.466 [INFO] GET /api/spider/Xpanpan (0ms)
2026-09-18 21:42:29.471 [INFO] GET /api/spider/Gaoqing (1ms)
2026-09-18 21:42:29.473 [INFO] GET /api/spider/音范丝 (1ms)
2026-09-18 21:42:29.474 [INFO] GET /api/spider/TGYunPan (1ms)
2026-09-18 21:42:29.475 [INFO] GET /api/spider/YingSo (0ms)
2026-09-18 21:42:29.477 [INFO] GET /api/spider/盘友圈 (1ms)
2026-09-18 21:42:29.477 [INFO] GET /api/spider/88Pan (0ms)
2026-09-18 21:42:29.479 [INFO] GET /api/spider/PikaSo (0ms)
2026-09-18 21:42:29.481 [INFO] GET /api/spider/csp_HunHePan (1ms)
2026-09-18 21:42:29.482 [INFO] GET /api/spider/秒搜 (1ms)
2026-09-18 21:42:29.483 [INFO] GET /api/spider/Libvio (0ms)
2026-09-18 21:42:29.485 [INFO] GET /api/spider/DaPanSo (0ms)
2026-09-18 21:42:29.487 [INFO] GET /api/spider/Qianfan (1ms)
2026-09-18 21:42:29.490 [INFO] GET /api/spider/YunSo (1ms)
2026-09-18 21:42:29.491 [INFO] GET /api/spider/Gitcafe (0ms)
2026-09-18 21:42:29.491 [INFO] GET /api/spider/YunPanOne (1ms)
2026-09-18 21:42:29.493 [INFO] GET /api/spider/小紙條 (0ms)
2026-09-18 21:42:29.494 [INFO] GET /api/spider/七夜 (1ms)
2026-09-18 21:42:29.495 [INFO] GET /api/spider/盤搜索 (0ms)
2026-09-18 21:42:29.499 [INFO] GET /api/spider/找資源 (1ms)
2026-09-18 21:42:29.500 [INFO] GET /api/spider/易搜 (0ms)
2026-09-18 21:42:29.502 [INFO] GET /api/spider/UP云搜 (1ms)
2026-09-18 21:42:29.503 [INFO] GET /api/spider/Funletu (0ms)
2026-09-18 21:42:29.505 [INFO] GET /api/spider/QuarkPanso (1ms)
2026-09-18 21:42:29.512 [INFO] GET /api/spider/push_quark (0ms)
2026-09-18 21:42:29.519 [INFO] GET /api/spider/MDrive (1ms)
2026-09-18 21:42:29.519 [INFO] GET /api/spider/seed (0ms)
2026-09-18 21:42:29.521 [INFO] GET /api/spider/光影 (1ms)
2026-09-18 21:42:29.522 [INFO] GET /api/spider/原创 (1ms)
2026-09-18 21:42:29.522 [INFO] GET /api/spider/厂长 (0ms)
2026-09-18 21:42:29.525 [INFO] GET /api/spider/海绵 (1ms)
2026-09-18 21:42:29.527 [INFO] GET /api/spider/立播 (1ms)
2026-09-18 21:42:29.527 [INFO] GET /api/spider/瓜子 (0ms)
2026-09-18 21:42:29.531 [INFO] GET /api/spider/比特 (0ms)
2026-09-18 21:42:29.531 [INFO] GET /api/spider/糯米 (0ms)
2026-09-18 21:42:29.532 [INFO] GET /api/spider/文采 (1ms)
2026-09-18 21:42:29.535 [INFO] GET /api/spider/奶酪 (1ms)
2026-09-18 21:42:29.536 [INFO] GET /api/spider/热播 (0ms)
2026-09-18 21:42:29.537 [INFO] GET /api/spider/视界 (1ms)
2026-09-18 21:42:29.538 [INFO] GET /api/spider/播客 (0ms)
2026-09-18 21:42:29.539 [INFO] GET /api/spider/剧圈 (0ms)
2026-09-18 21:42:29.540 [INFO] GET /api/spider/奥特 (0ms)
2026-09-18 21:42:29.542 [INFO] GET /api/spider/咕咕 (0ms)
2026-09-18 21:42:29.543 [INFO] GET /api/spider/Dm84 (1ms)
2026-09-18 21:42:29.545 [INFO] GET /api/spider/ZPan (1ms)
2026-09-18 21:42:29.545 [INFO] GET /api/spider/JPan (0ms)
2026-09-18 21:42:29.548 [INFO] GET /api/spider/YpanSo (0ms)
2026-09-18 21:42:29.550 [INFO] GET /api/spider/BpanSo (0ms)
2026-09-18 21:42:29.551 [INFO] GET /api/spider/UC (0ms)
2026-09-18 21:42:29.552 [INFO] GET /api/spider/抠搜 (2ms)
2026-09-18 21:42:29.553 [INFO] GET /api/spider/csp_Zhaozy (1ms)
2026-09-18 21:42:29.553 [INFO] GET /api/spider/csp_AliPS (0ms)
2026-09-18 21:42:29.556 [INFO] GET /api/spider/csp_Yisou (0ms)
2026-09-18 21:42:29.558 [INFO] GET /api/spider/csp_Upyunso (1ms)
2026-09-18 21:42:29.559 [INFO] GET /api/spider/csp_XYQHiker_影搜 (0ms)
2026-09-18 21:42:29.562 [INFO] GET /api/spider/csp_XYQHikerAL_玩偶哥哥 (0ms)
2026-09-18 21:42:29.562 [INFO] GET /api/spider/csp_XYQHikerAL_云盘资源 (0ms)
2026-09-18 21:42:29.563 [INFO] GET /api/spider/csp_Mp4Mov (0ms)
2026-09-18 21:42:29.567 [INFO] GET /api/spider/csp_New6v (1ms)
2026-09-18 21:42:29.567 [INFO] GET /api/spider/csp_SeedHub (0ms)
2026-09-18 21:42:29.568 [INFO] GET /api/spider/csp_KubaCL (0ms)
2026-09-18 21:42:29.570 [INFO] GET /api/spider/csp_MeijuTT (0ms)
2026-09-18 21:42:29.571 [INFO] GET /api/spider/csp_MeijuMi (0ms)
2026-09-18 21:42:29.573 [INFO] GET /api/spider/csp_Xunlei8 (1ms)
2026-09-18 21:42:29.575 [INFO] GET /api/spider/360_spider (0ms)
2026-09-18 21:42:29.576 [INFO] GET /api/spider/csp_Kuaikan (0ms)
2026-09-18 21:42:29.579 [INFO] GET /api/spider/csp_Czsapp (0ms)
2026-09-18 21:42:29.581 [INFO] GET /api/spider/csp_Bdys (1ms)
2026-09-18 21:42:29.581 [INFO] GET /api/spider/csp_XYQHiker_哔嘀影视 (0ms)
2026-09-18 21:42:29.583 [INFO] GET /api/spider/csp_Ddys (1ms)
2026-09-18 21:42:29.585 [INFO] GET /api/spider/csp_JianPian (0ms)
2026-09-18 21:42:29.587 [INFO] GET /api/spider/csp_Ikanbot (0ms)
2026-09-18 21:42:29.588 [INFO] GET /api/spider/csp_XYQHiker_兔小贝 (0ms)
2026-09-18 21:42:29.589 [INFO] GET /api/spider/csp_XYQHiker_爱你短剧 (0ms)
2026-09-18 21:42:29.590 [INFO] GET /api/spider/csp_XYQHiker_河马短剧 (0ms)
2026-09-18 21:42:29.743 [INFO] GET /api/spider/csp_XYQHiker_短剧屋 (0ms)
2026-09-18 21:42:29.744 [INFO] GET /api/spider/csp_XYQHiker_农民影视 (0ms)
2026-09-18 21:42:29.746 [INFO] GET /api/spider/csp_XYQHiker_七新影视 (1ms)
2026-09-18 21:42:29.747 [INFO] GET /api/spider/csp_XYQHiker_可可影视 (1ms)
2026-09-18 21:42:29.747 [INFO] GET /api/spider/csp_Yj1211 (0ms)
2026-09-18 21:42:29.748 [INFO] GET /api/spider/csp_XYQHiker_虎牙直播 (0ms)
2026-09-18 21:42:29.752 [INFO] GET /api/spider/白白 (1ms)
2026-09-18 21:42:29.753 [INFO] GET /api/spider/神车 (0ms)
2026-09-18 21:42:29.754 [INFO] GET /api/spider/Lib (0ms)
2026-09-18 21:42:29.756 [INFO] GET /api/spider/zxzj (1ms)
2026-09-18 21:42:29.757 [INFO] GET /api/spider/溢彩 (0ms)
2026-09-18 21:42:29.758 [INFO] GET /api/spider/低端 (0ms)
2026-09-18 21:42:29.760 [INFO] GET /api/spider/萌米 (0ms)
2026-09-18 21:42:29.761 [INFO] GET /api/spider/兄弟 (0ms)
2026-09-18 21:42:29.763 [INFO] GET /api/spider/欢视 (1ms)
2026-09-18 21:42:29.768 [INFO] GET /api/spider/贱贱 (2ms)
2026-09-18 21:42:29.768 [INFO] GET /api/spider/Ysj (0ms)
2026-09-18 21:42:29.770 [INFO] GET /api/spider/Anime1 (2ms)
2026-09-18 21:42:29.773 [INFO] GET /api/spider/xzso (0ms)
2026-09-18 21:42:29.774 [INFO] GET /api/spider/米搜 (0ms)
2026-09-18 21:42:29.775 [INFO] GET /api/spider/夸搜 (0ms)
2026-09-18 21:42:29.776 [INFO] GET /api/spider/Aliso (0ms)
2026-09-18 21:42:29.777 [INFO] GET /api/spider/YiSo (0ms)
2026-09-18 21:42:29.780 [INFO] GET /api/spider/csp_YGP (0ms)
2026-09-18 21:42:29.784 [INFO] GET /api/spider/Local (1ms)
2026-09-18 21:42:29.785 [INFO] GET /api/spider/Ikanbot (0ms)
2026-09-18 21:42:29.786 [INFO] GET /api/spider/MeijuTT (0ms)
2026-09-18 21:42:29.787 [INFO] GET /api/spider/SeedHub (0ms)
2026-09-18 21:42:29.789 [INFO] GET /api/spider/Mayiys (1ms)
2026-09-18 21:42:29.789 [INFO] GET /api/spider/泥巴 (0ms)
2026-09-18 21:42:29.791 [INFO] GET /api/spider/星星 (0ms)
2026-09-18 21:42:29.793 [INFO] GET /api/spider/影视 (1ms)
2026-09-18 21:42:29.794 [INFO] GET /api/spider/櫻花 (0ms)
2026-09-18 21:42:29.797 [INFO] GET /api/spider/巴士 (0ms)
2026-09-18 21:42:29.799 [INFO] GET /api/spider/獨播 (0ms)
2026-09-18 21:42:29.804 [INFO] GET /api/spider/AList (0ms)
2026-09-18 21:42:29.807 [INFO] GET /api/spider/WebDAV (0ms)
2026-09-18 21:42:29.808 [INFO] GET /api/spider/fan (0ms)
2026-09-18 21:42:29.809 [INFO] GET /api/spider/賤賤 (0ms)
2026-09-18 21:42:29.812 [INFO] GET /api/spider/異界 (1ms)
2026-09-18 21:42:29.812 [INFO] GET /api/spider/JustLive (0ms)
2026-09-18 21:42:29.814 [INFO] GET /api/spider/雲搜 (1ms)
2026-09-18 21:42:29.816 [INFO] GET /api/spider/盤搜 (2ms)
2026-09-18 21:42:29.961 [INFO] GET /api/spider/紙條搜 (1ms)
2026-09-18 21:42:29.962 [INFO] GET /api/spider/UcXmV2 (0ms)
2026-09-18 21:42:29.962 [INFO] GET /api/spider/MoggV2 (1ms)
2026-09-18 21:42:29.963 [INFO] GET /api/spider/QuarkLaBiV2 (1ms)
2026-09-18 21:42:29.963 [INFO] GET /api/spider/QuarkzzV2 (0ms)
2026-09-18 21:42:29.965 [INFO] GET /api/spider/YYDSYS (0ms)
2026-09-18 21:42:29.972 [INFO] GET /api/spider/QuarkTZ (1ms)
2026-09-18 21:42:29.974 [INFO] GET /api/spider/盘库 (1ms)
2026-09-18 21:42:29.975 [INFO] GET /api/spider/聚搜 (0ms)
2026-09-18 21:42:29.976 [INFO] GET /api/spider/仓鼠 (0ms)
2026-09-18 21:42:29.977 [INFO] GET /api/spider/咖啡 (0ms)
2026-09-18 21:42:29.978 [INFO] GET /api/spider/诺雪 (0ms)
2026-09-18 21:42:29.980 [INFO] GET /api/spider/忍者 (0ms)
2026-09-18 21:42:29.981 [INFO] GET /api/spider/彼岸 (1ms)
2026-09-18 21:42:29.983 [INFO] GET /api/spider/菲儿影视 (1ms)
2026-09-18 21:42:29.986 [INFO] GET /api/spider/橘子 (1ms)
2026-09-18 21:42:29.986 [INFO] GET /api/spider/雨滴 (0ms)
2026-09-18 21:42:30.015 [INFO] GET /api/spider/瓜子影视 (1ms)
2026-09-18 21:42:30.015 [INFO] GET /api/spider/即看 (0ms)
2026-09-18 21:42:30.017 [INFO] GET /api/spider/Auete (1ms)
2026-09-18 21:42:30.018 [INFO] GET /api/spider/天天影视 (0ms)
2026-09-18 21:42:30.019 [INFO] GET /api/spider/浪酷影视 (0ms)
2026-09-18 21:42:30.022 [INFO] GET /api/spider/酷影视 (1ms)
2026-09-18 21:42:30.023 [INFO] GET /api/spider/蝴蝶 (0ms)
2026-09-18 21:42:30.023 [INFO] GET /api/spider/二三 (0ms)
2026-09-18 21:42:30.025 [INFO] GET /api/spider/洽洽影视 (0ms)
2026-09-18 21:42:30.027 [INFO] GET /api/spider/三六零弹幕 (1ms)
2026-09-18 21:42:30.034 [INFO] GET /api/spider/cctv (0ms)
2026-09-18 21:42:30.036 [INFO] GET /api/spider/mutefun (0ms)
2026-09-18 21:42:30.037 [INFO] GET /api/spider/mb (0ms)
2026-09-18 21:42:30.039 [INFO] GET /api/spider/xifan (0ms)
2026-09-18 21:42:30.435 [INFO] GET /api/spider/duanju (1ms)
2026-09-18 21:42:30.437 [INFO] GET /api/spider/csp_Ysj (1ms)
2026-09-18 21:42:30.438 [INFO] GET /api/spider/csp_Anime1 (1ms)
2026-09-18 21:42:30.438 [INFO] GET /api/spider/xxg (0ms)
2026-09-18 21:42:30.440 [INFO] GET /api/spider/tu (0ms)
2026-09-18 21:42:30.442 [INFO] GET /api/spider/searchEx (1ms)
2026-09-18 21:42:30.442 [INFO] GET /api/spider/UCsousou (0ms)
2026-09-18 21:42:30.444 [INFO] GET /api/spider/PanSso (0ms)
2026-09-18 21:42:30.446 [INFO] GET /api/spider/PikPakShare1 (0ms)
2026-09-18 21:42:30.447 [INFO] GET /api/spider/PikPakShare18 (1ms)
2026-09-18 21:42:30.449 [INFO] GET /api/spider/csp_BtSow (0ms)
2026-09-18 21:42:30.451 [INFO] GET /api/spider/csp_BtSearch (1ms)
2026-09-18 21:42:30.451 [INFO] GET /api/spider/csp_Netflav (0ms)
2026-09-18 21:42:30.453 [INFO] GET /api/spider/SeHuaTang (1ms)
2026-09-18 21:42:30.453 [INFO] GET /api/spider/Xojav (0ms)
2026-09-18 21:42:30.455 [INFO] GET /api/spider/Cable (0ms)
2026-09-18 21:42:30.458 [INFO] GET /api/spider/AvTime (1ms)
2026-09-18 21:42:30.459 [INFO] GET /api/spider/Top888 (1ms)
2026-09-18 21:42:30.459 [INFO] GET /api/spider/csp_JavBus (0ms)
2026-09-18 21:42:30.461 [INFO] GET /api/spider/csp_JavDb (1ms)
2026-09-18 21:42:30.463 [INFO] GET /api/spider/18AV (1ms)
2026-09-18 21:42:30.464 [INFO] GET /api/spider/Jable (0ms)
2026-09-18 21:42:30.467 [INFO] GET /api/spider/MissAV (0ms)
2026-09-18 21:42:30.468 [INFO] GET /api/spider/Hanime (0ms)
2026-09-18 21:42:52.889 [INFO] GET /api/spider/速播 (1ms)
2026-09-18 21:42:52.889 [INFO] GET /api/spider/木星 (2ms)
2026-09-18 21:42:52.889 [INFO] GET /api/spider/南瓜 (1ms)
2026-09-18 21:42:52.890 [INFO] GET /api/spider/可可 (0ms)
2026-09-18 21:42:52.890 [INFO] GET /api/spider/短剧 (0ms)
2026-09-18 21:42:52.892 [INFO] GET /api/spider/Sso (1ms)
2026-09-18 21:42:52.895 [INFO] GET /api/spider/TGDouban (0ms)
2026-09-18 21:42:52.897 [INFO] GET /api/spider/盘链 (1ms)
2026-09-18 21:42:52.898 [INFO] GET /api/spider/csp_Qwmp4 (1ms)
2026-09-18 21:42:52.899 [INFO] GET /api/spider/zmi (0ms)
2026-09-18 21:42:52.899 [INFO] GET /api/spider/PanSouGo (0ms)
2026-09-18 21:42:53.300 [INFO] GET /api/spider/光鸭社区 (1ms)
2026-09-18 21:42:53.300 [INFO] GET /api/spider/HuamuCangShare (1ms)
2026-09-18 21:42:53.300 [INFO] GET /api/spider/Guanying (0ms)
2026-09-18 21:42:53.302 [INFO] GET /api/spider/FourKZN (1ms)
2026-09-18 21:42:53.302 [INFO] GET /api/spider/至臻|网盘 (0ms)
2026-09-18 21:42:53.302 [INFO] GET /api/spider/LIBVIO (0ms)
2026-09-18 21:42:53.305 [INFO] GET /api/spider/HongGuo (0ms)
2026-09-18 21:42:53.306 [INFO] GET /api/spider/Guazi (1ms)
2026-09-18 21:42:53.306 [INFO] GET /api/spider/AlistShare (0ms)
2026-09-18 21:42:53.307 [INFO] GET /api/spider/123Share (0ms)
2026-09-18 21:42:53.308 [INFO] GET /api/spider/189Share (0ms)
2026-09-18 21:42:53.308 [INFO] GET /api/spider/TianYiSou (0ms)
2026-09-18 21:42:53.310 [INFO] GET /api/spider/混合盘 (0ms)
2026-09-18 21:42:53.311 [INFO] GET /api/spider/BLSGod (0ms)
2026-09-18 21:42:57.407 [INFO] GET /api/spider/netflav (2ms)
2026-09-18 21:42:57.409 [INFO] GET /api/spider/123av (1ms)
2026-09-18 21:42:57.410 [INFO] GET /api/spider/supjav (1ms)
2026-09-18 21:42:57.411 [INFO] GET /api/spider/xojav (1ms)
2026-09-18 21:42:57.412 [INFO] GET /api/spider/csp_Sukebei (0ms)
2026-09-18 21:43:00.001 [INFO] GET /api/spider/XMVideo (0ms)
2026-09-18 21:43:00.002 [INFO] GET /api/spider/TGYunPan18pan (2ms)
2026-09-18 21:43:00.003 [INFO] GET /api/spider/Zuise (1ms)
2026-09-18 21:43:00.042 [INFO] GET /api/spider/csp_pornhub (1ms)
2026-09-18 21:43:13.212 [INFO] GET /api/spider/终端窗口 (1ms)
2026-09-18 21:43:13.212 [INFO] GET /api/spider/运行 (0ms)
2026-09-18 21:43:13.214 [INFO] GET /api/spider/UI模块 (1ms)
2026-09-18 21:43:13.215 [INFO] GET /api/spider/油管so (0ms)
2026-09-18 21:43:13.217 [INFO] GET /api/spider/youtube_jar (0ms)
2026-09-18 21:43:17.943 [INFO] GET /api/spider/哔哩so (0ms)
2026-09-18 21:43:17.943 [INFO] GET /api/spider/油管webjartv (1ms)
2026-09-18 21:43:17.945 [INFO] GET /api/spider/华人so (1ms)
2026-09-18 21:43:17.946 [INFO] GET /api/spider/爱瓜实验 (0ms)
2026-09-18 21:43:17.947 [INFO] GET /api/spider/网页工具 (1ms)
2026-09-18 21:43:17.950 [INFO] GET /api/spider/本地服务管理 (1ms)
2026-09-18 21:43:17.950 [INFO] GET /api/spider/采集全集 (0ms)
2026-09-18 21:43:17.952 [INFO] GET /api/spider/捡的音乐新 (0ms)
2026-09-18 21:43:17.953 [INFO] GET /api/spider/音乐实验 (1ms)
2026-09-18 21:43:17.954 [INFO] GET /api/spider/听书so (1ms)
2026-09-18 21:43:17.956 [INFO] GET /api/spider/三三小说 (0ms)
2026-09-18 21:43:17.958 [INFO] GET /api/spider/七猫小说 (0ms)
2026-09-18 21:43:17.960 [INFO] GET /api/spider/阅读源so (1ms)
2026-09-18 21:43:17.961 [INFO] GET /api/spider/阅读助手 (1ms)
2026-09-18 21:43:17.961 [INFO] GET /api/spider/本地小说so (1ms)
2026-09-18 21:43:17.962 [INFO] GET /api/spider/捡的音乐so (0ms)
2026-09-18 21:43:17.963 [INFO] GET /api/spider/wv_mcp (0ms)
2026-09-18 21:43:17.966 [INFO] GET /api/spider/wv_push (1ms)
2026-09-18 21:43:17.967 [INFO] GET /api/spider/wv_3q (1ms)
2026-09-18 21:43:17.967 [INFO] GET /api/spider/wv_ddys (0ms)
2026-09-18 21:43:17.969 [INFO] GET /api/spider/wv_xhjw (0ms)
2026-09-18 21:43:17.969 [INFO] GET /api/spider/wv_jldj (1ms)
2026-09-18 21:43:17.970 [INFO] GET /api/spider/wv_jqqzx (0ms)
2026-09-18 21:43:17.972 [INFO] GET /api/spider/wv_aizju (0ms)
2026-09-18 21:43:17.973 [INFO] GET /api/spider/wv_jddzx (1ms)
2026-09-18 21:43:17.974 [INFO] GET /api/spider/wv_555ys (0ms)
2026-09-18 21:43:17.976 [INFO] GET /api/spider/wv_fktv (1ms)
2026-09-18 21:43:17.976 [INFO] GET /api/spider/wv_xlys (0ms)
2026-09-18 21:43:17.978 [INFO] GET /api/spider/wv_ysp (1ms)
2026-09-18 21:43:17.980 [INFO] GET /api/spider/youtube (0ms)
2026-09-18 21:43:17.982 [INFO] GET /api/spider/youtube2 (1ms)
2026-09-18 21:43:17.984 [INFO] GET /api/spider/nbys (0ms)
2026-09-18 21:43:17.985 [INFO] GET /api/spider/csp_xb_lez (0ms)
2026-09-18 21:43:17.987 [INFO] GET /api/spider/csp_xb_zxzj (0ms)
2026-09-18 21:43:17.989 [INFO] GET /api/spider/csp_xb_lib (0ms)
2026-09-18 21:43:17.989 [INFO] GET /api/spider/csp_xb_auete (0ms)
2026-09-18 21:43:17.991 [INFO] GET /api/spider/csp_xb_lgyys (0ms)
2026-09-18 21:43:17.992 [INFO] GET /api/spider/csp_xb_zbk (0ms)
2026-09-18 21:43:17.995 [INFO] GET /api/spider/csp_xb_ysgc (0ms)
2026-09-18 21:43:17.996 [INFO] GET /api/spider/csp_xb_cokemv (0ms)
2026-09-18 21:43:17.997 [INFO] GET /api/spider/找资源 (0ms)
2026-09-18 21:43:17.999 [INFO] GET /api/spider/upyunsou (1ms)
2026-09-18 21:43:17.999 [INFO] GET /api/spider/yisou (0ms)
2026-09-18 21:43:18.001 [INFO] GET /api/spider/AliPS (0ms)
2026-09-18 22:54:12.905 [INFO] GET /api/spider/骚火影视 (4ms)
2026-09-18 22:55:18.313 [INFO] GET /api/spider/本地 (4ms)
2026-09-18 22:55:28.323 [INFO] GET /api/spider/爱看 (0ms)
2026-09-18 22:55:28.324 [INFO] GET /api/spider/咕噜 (1ms)
2026-09-18 22:55:28.324 [INFO] GET /api/spider/一起影视 (0ms)
2026-09-18 22:55:28.324 [INFO] GET /api/spider/热播影视 (0ms)
2026-09-18 22:55:28.327 [INFO] GET /api/spider/布布 (0ms)
2026-09-18 22:55:28.329 [INFO] GET /api/spider/马猴影视 (2ms)
2026-09-18 22:55:28.334 [INFO] GET /api/spider/韩圈 (1ms)
2026-09-18 22:55:28.336 [INFO] GET /api/spider/剧圈99 (1ms)
2026-09-18 22:55:28.337 [INFO] GET /api/spider/半日99 (1ms)
2026-09-18 22:55:28.339 [INFO] GET /api/spider/天堂 (1ms)
2026-09-18 22:55:28.340 [INFO] GET /api/spider/橘汁 (0ms)
2026-09-18 22:55:28.343 [INFO] GET /api/spider/华谊 (0ms)
2026-09-18 22:55:28.346 [INFO] GET /api/spider/蓝鹰 (1ms)
2026-09-18 22:55:28.347 [INFO] GET /api/spider/蓝鸟 (1ms)
2026-09-18 22:55:28.348 [INFO] GET /api/spider/世界 (1ms)
2026-09-18 22:55:28.350 [INFO] GET /api/spider/魔方 (1ms)
2026-09-18 22:55:28.351 [INFO] GET /api/spider/王子 (0ms)
2026-09-18 22:55:28.363 [INFO] GET /api/spider/茉莉 (0ms)
2026-09-18 22:55:28.367 [INFO] GET /api/spider/玩偶 (0ms)
2026-09-18 22:55:28.369 [INFO] GET /api/spider/快映 (0ms)
2026-09-18 22:55:28.371 [INFO] GET /api/spider/木偶 (0ms)
2026-09-18 22:55:28.373 [INFO] GET /api/spider/闪电 (0ms)
2026-09-18 22:55:29.314 [INFO] GET /api/spider/多多 (0ms)
2026-09-18 22:55:29.316 [INFO] GET /api/spider/种子 (0ms)
2026-09-18 22:55:29.316 [INFO] GET /api/spider/虎斑 (1ms)
2026-09-18 22:55:29.319 [INFO] GET /api/spider/夸父 (1ms)
2026-09-18 22:55:29.319 [INFO] GET /api/spider/123 (0ms)
2026-09-18 22:55:29.320 [INFO] GET /api/spider/指南 (0ms)
2026-09-18 22:55:29.324 [INFO] GET /api/spider/移动 (1ms)
2026-09-18 22:55:29.324 [INFO] GET /api/spider/爱盼 (1ms)
2026-09-18 22:55:29.325 [INFO] GET /api/spider/人人 (0ms)
2026-09-18 22:55:29.326 [INFO] GET /api/spider/即刻 (0ms)
2026-09-18 22:55:29.327 [INFO] GET /api/spider/双星 (0ms)
2026-09-18 22:55:29.328 [INFO] GET /api/spider/七猫短剧 (0ms)
2026-09-18 22:55:29.331 [INFO] GET /api/spider/河马短剧 (1ms)
2026-09-18 22:55:29.332 [INFO] GET /api/spider/围观短剧 (0ms)
2026-09-18 22:55:29.333 [INFO] GET /api/spider/好看短剧 (0ms)
2026-09-18 22:55:29.335 [INFO] GET /api/spider/飞娱影视 (0ms)
2026-09-18 22:55:29.336 [INFO] GET /api/spider/星芽短剧 (1ms)
2026-09-18 22:55:29.337 [INFO] GET /api/spider/独播影视 (0ms)
2026-09-18 22:55:29.340 [INFO] GET /api/spider/厂长影视 (1ms)
2026-09-18 22:55:29.340 [INFO] GET /api/spider/金牌影视 (0ms)
2026-09-18 22:55:29.341 [INFO] GET /api/spider/骚火影视 (1ms)
2026-09-18 22:55:29.342 [INFO] GET /api/spider/枫叶影视 (0ms)
2026-09-18 22:55:29.343 [INFO] GET /api/spider/爱看机器人 (1ms)
2026-09-18 22:55:29.345 [INFO] GET /api/spider/1905 (0ms)
2026-09-18 22:55:29.346 [INFO] GET /api/spider/双星99 (0ms)
2026-09-18 22:55:29.348 [INFO] GET /api/spider/咕咕动漫 (1ms)
2026-09-18 22:55:30.354 [INFO] GET /api/spider/荐片 (1ms)
2026-09-18 22:55:30.355 [INFO] GET /api/spider/New6v (1ms)
2026-09-18 22:55:30.356 [INFO] GET /api/spider/美剧迷 (1ms)
2026-09-18 22:55:30.357 [INFO] GET /api/spider/聚合 (0ms)
2026-09-18 22:55:30.357 [INFO] GET /api/spider/迅雷吧 (1ms)
2026-09-18 22:55:30.358 [INFO] GET /api/spider/盘搜 (0ms)
2026-09-18 22:55:30.361 [INFO] GET /api/spider/百酷 (1ms)
2026-09-18 22:55:30.362 [INFO] GET /api/spider/酷乐 (1ms)
2026-09-18 22:55:30.363 [INFO] GET /api/spider/鬼鬼 (0ms)
2026-09-18 22:55:30.364 [INFO] GET /api/spider/趣盘 (0ms)
2026-09-18 22:55:30.365 [INFO] GET /api/spider/呦呦DJ (0ms)
2026-09-18 22:55:30.366 [INFO] GET /api/spider/世界听书 (0ms)
2026-09-18 22:55:30.368 [INFO] GET /api/spider/堇夏听书 (0ms)
2026-09-18 22:55:30.369 [INFO] GET /api/spider/博看听书 (0ms)
2026-09-18 22:55:30.369 [INFO] GET /api/spider/童趣 (0ms)
2026-09-18 22:55:30.371 [INFO] GET /api/spider/兔小贝 (0ms)
2026-09-18 22:55:30.372 [INFO] GET /api/spider/贝乐虎 (0ms)
2026-09-18 22:55:37.507 [INFO] GET /api/spider/TGYunPanLocal (0ms)
2026-09-18 22:55:37.508 [INFO] GET /api/spider/Youtube (0ms)
2026-09-18 22:55:37.509 [INFO] GET /api/spider/酷狗 (0ms)
2026-09-18 22:55:37.512 [INFO] GET /api/spider/Iktv (1ms)
2026-09-18 22:55:37.513 [INFO] GET /api/spider/Yinyuetai (0ms)
2026-09-18 22:55:37.514 [INFO] GET /api/spider/AliShareEBook (1ms)
2026-09-18 22:55:37.516 [INFO] GET /api/spider/荐片弹幕版 (1ms)
2026-09-18 22:55:37.516 [INFO] GET /api/spider/Bdys_spider (0ms)
2026-09-18 22:55:37.517 [INFO] GET /api/spider/天天 (0ms)
2026-09-18 22:55:37.519 [INFO] GET /api/spider/追剧 (0ms)
2026-09-18 22:55:37.521 [INFO] GET /api/spider/NanGua (0ms)
2026-09-18 22:55:37.522 [INFO] GET /api/spider/PushShare (0ms)
2026-09-18 22:55:37.524 [INFO] GET /api/spider/PikPakShare (0ms)
2026-09-18 22:55:37.525 [INFO] GET /api/spider/AliShare (0ms)
2026-09-18 22:55:37.527 [INFO] GET /api/spider/ThunderShare (0ms)
2026-09-18 22:55:37.528 [INFO] GET /api/spider/QuarkShare (0ms)
2026-09-18 22:55:37.529 [INFO] GET /api/spider/115Share (0ms)
2026-09-18 22:55:37.532 [INFO] GET /api/spider/UCShare (0ms)
2026-09-18 22:55:37.533 [INFO] GET /api/spider/Wogg (1ms)
2026-09-18 22:55:37.534 [INFO] GET /api/spider/Wobg (1ms)
2026-09-18 22:55:37.534 [INFO] GET /api/spider/yydsys (0ms)
2026-09-18 22:55:37.537 [INFO] GET /api/spider/Mogg (0ms)
2026-09-18 22:55:37.537 [INFO] GET /api/spider/蜡笔网盘 (1ms)
2026-09-18 22:55:37.538 [INFO] GET /api/spider/土豆 (0ms)
2026-09-18 22:55:37.539 [INFO] GET /api/spider/小米网盘 (0ms)
2026-09-18 22:55:37.541 [INFO] GET /api/spider/Xinshijue (1ms)
2026-09-18 22:55:37.541 [INFO] GET /api/spider/Moli (0ms)
2026-09-18 22:55:37.543 [INFO] GET /api/spider/Bt0 (0ms)
2026-09-18 22:55:37.545 [INFO] GET /api/spider/ddys (1ms)
2026-09-18 22:55:37.545 [INFO] GET /api/spider/Ppxzy (0ms)
2026-09-18 22:55:37.546 [INFO] GET /api/spider/新6V (0ms)
2026-09-18 22:55:37.547 [INFO] GET /api/spider/4KHDR (0ms)
2026-09-18 22:55:37.548 [INFO] GET /api/spider/校长影视 (0ms)
2026-09-18 22:55:37.550 [INFO] GET /api/spider/团长资源 (0ms)
2026-09-18 22:55:37.550 [INFO] GET /api/spider/Hdhive (0ms)
2026-09-18 22:55:37.552 [INFO] GET /api/spider/Panta (0ms)
2026-09-18 22:55:37.554 [INFO] GET /api/spider/Wo4k (0ms)
2026-09-18 22:55:37.554 [INFO] GET /api/spider/YunPan (1ms)
2026-09-18 22:55:37.555 [INFO] GET /api/spider/Xpanpan (0ms)
2026-09-18 22:55:37.557 [INFO] GET /api/spider/Gaoqing (0ms)
2026-09-18 22:55:37.558 [INFO] GET /api/spider/音范丝 (0ms)
2026-09-18 22:55:37.559 [INFO] GET /api/spider/TGYunPan (0ms)
2026-09-18 22:55:37.560 [INFO] GET /api/spider/YingSo (0ms)
2026-09-18 22:55:37.562 [INFO] GET /api/spider/盘友圈 (1ms)
2026-09-18 22:55:37.564 [INFO] GET /api/spider/88Pan (1ms)
2026-09-18 22:55:37.566 [INFO] GET /api/spider/PikaSo (1ms)
2026-09-18 22:55:37.567 [INFO] GET /api/spider/csp_HunHePan (0ms)
2026-09-18 22:55:37.568 [INFO] GET /api/spider/秒搜 (1ms)
2026-09-18 22:55:37.568 [INFO] GET /api/spider/Libvio (0ms)
2026-09-18 22:55:37.569 [INFO] GET /api/spider/DaPanSo (0ms)
2026-09-18 22:55:37.570 [INFO] GET /api/spider/Qianfan (0ms)
2026-09-18 22:55:37.572 [INFO] GET /api/spider/YunSo (0ms)
2026-09-18 22:55:37.573 [INFO] GET /api/spider/YunPanOne (0ms)
2026-09-18 22:55:37.574 [INFO] GET /api/spider/Gitcafe (0ms)
2026-09-18 22:55:37.575 [INFO] GET /api/spider/小紙條 (0ms)
2026-09-18 22:55:37.576 [INFO] GET /api/spider/七夜 (1ms)
2026-09-18 22:55:37.576 [INFO] GET /api/spider/盤搜索 (0ms)
2026-09-18 22:55:37.577 [INFO] GET /api/spider/找資源 (0ms)
2026-09-18 22:55:37.578 [INFO] GET /api/spider/易搜 (1ms)
2026-09-18 22:55:37.578 [INFO] GET /api/spider/UP云搜 (0ms)
2026-09-18 22:55:37.579 [INFO] GET /api/spider/Funletu (0ms)
2026-09-18 22:55:37.580 [INFO] GET /api/spider/QuarkPanso (0ms)
2026-09-18 22:55:37.587 [INFO] GET /api/spider/push_quark (0ms)
2026-09-18 22:55:37.593 [INFO] GET /api/spider/MDrive (0ms)
2026-09-18 22:55:37.594 [INFO] GET /api/spider/seed (0ms)
2026-09-18 22:55:37.596 [INFO] GET /api/spider/光影 (1ms)
2026-09-18 22:55:37.596 [INFO] GET /api/spider/原创 (1ms)
2026-09-18 22:55:37.597 [INFO] GET /api/spider/厂长 (0ms)
2026-09-18 22:55:37.598 [INFO] GET /api/spider/海绵 (0ms)
2026-09-18 22:55:37.599 [INFO] GET /api/spider/立播 (0ms)
2026-09-18 22:55:37.600 [INFO] GET /api/spider/瓜子 (0ms)
2026-09-18 22:55:37.601 [INFO] GET /api/spider/比特 (0ms)
2026-09-18 22:55:37.602 [INFO] GET /api/spider/糯米 (0ms)
2026-09-18 22:55:37.603 [INFO] GET /api/spider/文采 (0ms)
2026-09-18 22:55:37.605 [INFO] GET /api/spider/奶酪 (1ms)
2026-09-18 22:55:37.605 [INFO] GET /api/spider/热播 (0ms)
2026-09-18 22:55:37.606 [INFO] GET /api/spider/视界 (0ms)
2026-09-18 22:55:37.607 [INFO] GET /api/spider/播客 (0ms)
2026-09-18 22:55:37.608 [INFO] GET /api/spider/剧圈 (0ms)
2026-09-18 22:55:37.609 [INFO] GET /api/spider/奥特 (1ms)
2026-09-18 22:55:37.611 [INFO] GET /api/spider/咕咕 (0ms)
2026-09-18 22:55:37.612 [INFO] GET /api/spider/Dm84 (0ms)
2026-09-18 22:55:37.613 [INFO] GET /api/spider/ZPan (0ms)
2026-09-18 22:55:37.614 [INFO] GET /api/spider/JPan (1ms)
2026-09-18 22:55:37.615 [INFO] GET /api/spider/YpanSo (0ms)
2026-09-18 22:55:37.616 [INFO] GET /api/spider/BpanSo (0ms)
2026-09-18 22:55:37.617 [INFO] GET /api/spider/抠搜 (0ms)
2026-09-18 22:55:37.617 [INFO] GET /api/spider/UC (0ms)
2026-09-18 22:55:37.618 [INFO] GET /api/spider/csp_Zhaozy (0ms)
2026-09-18 22:55:37.618 [INFO] GET /api/spider/csp_AliPS (0ms)
2026-09-18 22:55:37.621 [INFO] GET /api/spider/csp_Yisou (1ms)
2026-09-18 22:55:37.621 [INFO] GET /api/spider/csp_Upyunso (0ms)
2026-09-18 22:55:37.622 [INFO] GET /api/spider/csp_XYQHiker_影搜 (1ms)
2026-09-18 22:55:37.622 [INFO] GET /api/spider/csp_XYQHikerAL_玩偶哥哥 (0ms)
2026-09-18 22:55:37.623 [INFO] GET /api/spider/csp_XYQHikerAL_云盘资源 (0ms)
2026-09-18 22:55:37.624 [INFO] GET /api/spider/csp_Mp4Mov (1ms)
2026-09-18 22:55:37.625 [INFO] GET /api/spider/csp_New6v (0ms)
2026-09-18 22:55:37.627 [INFO] GET /api/spider/csp_SeedHub (1ms)
2026-09-18 22:55:37.627 [INFO] GET /api/spider/csp_KubaCL (0ms)
2026-09-18 22:55:37.629 [INFO] GET /api/spider/csp_MeijuTT (0ms)
2026-09-18 22:55:37.631 [INFO] GET /api/spider/csp_MeijuMi (1ms)
2026-09-18 22:55:37.632 [INFO] GET /api/spider/csp_Xunlei8 (0ms)
2026-09-18 22:55:37.633 [INFO] GET /api/spider/360_spider (0ms)
2026-09-18 22:55:37.635 [INFO] GET /api/spider/csp_Kuaikan (1ms)
2026-09-18 22:55:37.635 [INFO] GET /api/spider/csp_Czsapp (0ms)
2026-09-18 22:55:37.637 [INFO] GET /api/spider/csp_Bdys (0ms)
2026-09-18 22:55:37.637 [INFO] GET /api/spider/csp_XYQHiker_哔嘀影视 (0ms)
2026-09-18 22:55:37.639 [INFO] GET /api/spider/csp_Ddys (0ms)
2026-09-18 22:55:37.641 [INFO] GET /api/spider/csp_JianPian (0ms)
2026-09-18 22:55:37.642 [INFO] GET /api/spider/csp_Ikanbot (0ms)
2026-09-18 22:55:37.644 [INFO] GET /api/spider/csp_XYQHiker_兔小贝 (0ms)
2026-09-18 22:55:37.645 [INFO] GET /api/spider/csp_XYQHiker_爱你短剧 (0ms)
2026-09-18 22:55:37.646 [INFO] GET /api/spider/csp_XYQHiker_河马短剧 (1ms)
2026-09-18 22:55:38.033 [INFO] GET /api/spider/csp_XYQHiker_短剧屋 (2ms)
2026-09-18 22:55:38.033 [INFO] GET /api/spider/csp_XYQHiker_农民影视 (0ms)
2026-09-18 22:55:38.035 [INFO] GET /api/spider/csp_XYQHiker_七新影视 (1ms)
2026-09-18 22:55:38.036 [INFO] GET /api/spider/csp_XYQHiker_可可影视 (0ms)
2026-09-18 22:55:38.038 [INFO] GET /api/spider/csp_Yj1211 (0ms)
2026-09-18 22:55:38.040 [INFO] GET /api/spider/csp_XYQHiker_虎牙直播 (1ms)
2026-09-18 22:55:38.043 [INFO] GET /api/spider/白白 (0ms)
2026-09-18 22:55:38.044 [INFO] GET /api/spider/神车 (0ms)
2026-09-18 22:55:38.045 [INFO] GET /api/spider/Lib (0ms)
2026-09-18 22:55:38.047 [INFO] GET /api/spider/zxzj (1ms)
2026-09-18 22:55:38.049 [INFO] GET /api/spider/溢彩 (1ms)
2026-09-18 22:55:38.050 [INFO] GET /api/spider/低端 (1ms)
2026-09-18 22:55:38.052 [INFO] GET /api/spider/萌米 (0ms)
2026-09-18 22:55:38.054 [INFO] GET /api/spider/兄弟 (1ms)
2026-09-18 22:55:38.055 [INFO] GET /api/spider/欢视 (0ms)
2026-09-18 22:55:38.056 [INFO] GET /api/spider/贱贱 (0ms)
2026-09-18 22:55:38.058 [INFO] GET /api/spider/Ysj (0ms)
2026-09-18 22:55:38.058 [INFO] GET /api/spider/Anime1 (0ms)
2026-09-18 22:55:38.061 [INFO] GET /api/spider/xzso (0ms)
2026-09-18 22:55:38.062 [INFO] GET /api/spider/米搜 (0ms)
2026-09-18 22:55:38.064 [INFO] GET /api/spider/夸搜 (0ms)
2026-09-18 22:55:38.065 [INFO] GET /api/spider/Aliso (0ms)
2026-09-18 22:55:38.067 [INFO] GET /api/spider/YiSo (0ms)
2026-09-18 22:55:38.067 [INFO] GET /api/spider/csp_YGP (0ms)
2026-09-18 22:55:38.072 [INFO] GET /api/spider/Local (0ms)
2026-09-18 22:55:38.073 [INFO] GET /api/spider/Ikanbot (0ms)
2026-09-18 22:55:38.074 [INFO] GET /api/spider/MeijuTT (0ms)
2026-09-18 22:55:38.075 [INFO] GET /api/spider/SeedHub (0ms)
2026-09-18 22:55:38.076 [INFO] GET /api/spider/Mayiys (0ms)
2026-09-18 22:55:38.078 [INFO] GET /api/spider/泥巴 (1ms)
2026-09-18 22:55:38.083 [INFO] GET /api/spider/影视 (0ms)
2026-09-18 22:55:38.083 [INFO] GET /api/spider/星星 (1ms)
2026-09-18 22:55:38.084 [INFO] GET /api/spider/櫻花 (0ms)
2026-09-18 22:55:38.085 [INFO] GET /api/spider/巴士 (0ms)
2026-09-18 22:55:38.087 [INFO] GET /api/spider/獨播 (1ms)
2026-09-18 22:55:38.090 [INFO] GET /api/spider/AList (1ms)
2026-09-18 22:55:38.090 [INFO] GET /api/spider/WebDAV (0ms)
2026-09-18 22:55:38.092 [INFO] GET /api/spider/fan (0ms)
2026-09-18 22:55:38.093 [INFO] GET /api/spider/賤賤 (0ms)
2026-09-18 22:55:38.094 [INFO] GET /api/spider/異界 (0ms)
2026-09-18 22:55:38.096 [INFO] GET /api/spider/JustLive (0ms)
2026-09-18 22:55:38.098 [INFO] GET /api/spider/盤搜 (0ms)
2026-09-18 22:55:38.098 [INFO] GET /api/spider/雲搜 (1ms)
2026-09-18 22:55:38.216 [INFO] GET /api/spider/紙條搜 (0ms)
2026-09-18 22:55:38.218 [INFO] GET /api/spider/MoggV2 (1ms)
2026-09-18 22:55:38.219 [INFO] GET /api/spider/UcXmV2 (1ms)
2026-09-18 22:55:38.220 [INFO] GET /api/spider/QuarkLaBiV2 (0ms)
2026-09-18 22:55:38.222 [INFO] GET /api/spider/QuarkzzV2 (1ms)
2026-09-18 22:55:38.223 [INFO] GET /api/spider/YYDSYS (0ms)
2026-09-18 22:55:38.225 [INFO] GET /api/spider/QuarkTZ (0ms)
2026-09-18 22:55:38.227 [INFO] GET /api/spider/盘库 (1ms)
2026-09-18 22:55:38.228 [INFO] GET /api/spider/聚搜 (0ms)
2026-09-18 22:55:38.229 [INFO] GET /api/spider/仓鼠 (0ms)
2026-09-18 22:55:38.230 [INFO] GET /api/spider/咖啡 (0ms)
2026-09-18 22:55:38.231 [INFO] GET /api/spider/诺雪 (0ms)
2026-09-18 22:55:38.233 [INFO] GET /api/spider/忍者 (0ms)
2026-09-18 22:55:38.235 [INFO] GET /api/spider/彼岸 (1ms)
2026-09-18 22:55:38.236 [INFO] GET /api/spider/橘子 (0ms)
2026-09-18 22:55:38.237 [INFO] GET /api/spider/菲儿影视 (2ms)
2026-09-18 22:55:38.238 [INFO] GET /api/spider/雨滴 (1ms)
2026-09-18 22:55:38.240 [INFO] GET /api/spider/瓜子影视 (1ms)
2026-09-18 22:55:38.242 [INFO] GET /api/spider/即看 (1ms)
2026-09-18 22:55:38.243 [INFO] GET /api/spider/Auete (0ms)
2026-09-18 22:55:38.244 [INFO] GET /api/spider/天天影视 (0ms)
2026-09-18 22:55:38.245 [INFO] GET /api/spider/浪酷影视 (0ms)
2026-09-18 22:55:38.247 [INFO] GET /api/spider/酷影视 (0ms)
2026-09-18 22:55:38.249 [INFO] GET /api/spider/蝴蝶 (1ms)
2026-09-18 22:55:38.249 [INFO] GET /api/spider/二三 (0ms)
2026-09-18 22:55:38.250 [INFO] GET /api/spider/洽洽影视 (0ms)
2026-09-18 22:55:38.252 [INFO] GET /api/spider/三六零弹幕 (0ms)
2026-09-18 22:55:38.254 [INFO] GET /api/spider/cctv (0ms)
2026-09-18 22:55:38.255 [INFO] GET /api/spider/mutefun (0ms)
2026-09-18 22:55:38.256 [INFO] GET /api/spider/mb (1ms)
2026-09-18 22:55:38.257 [INFO] GET /api/spider/xifan (1ms)
2026-09-18 22:55:38.638 [INFO] GET /api/spider/duanju (1ms)
2026-09-18 22:55:38.638 [INFO] GET /api/spider/csp_Ysj (0ms)
2026-09-18 22:55:38.640 [INFO] GET /api/spider/csp_Anime1 (1ms)
2026-09-18 22:55:38.641 [INFO] GET /api/spider/xxg (0ms)
2026-09-18 22:55:38.644 [INFO] GET /api/spider/tu (0ms)
2026-09-18 22:55:38.646 [INFO] GET /api/spider/searchEx (1ms)
2026-09-18 22:55:38.646 [INFO] GET /api/spider/UCsousou (0ms)
2026-09-18 22:55:38.647 [INFO] GET /api/spider/PanSso (0ms)
2026-09-18 22:55:38.648 [INFO] GET /api/spider/PikPakShare1 (0ms)
2026-09-18 22:55:38.649 [INFO] GET /api/spider/PikPakShare18 (0ms)
2026-09-18 22:55:38.652 [INFO] GET /api/spider/csp_BtSow (0ms)
2026-09-18 22:55:38.653 [INFO] GET /api/spider/csp_BtSearch (0ms)
2026-09-18 22:55:38.655 [INFO] GET /api/spider/csp_Netflav (0ms)
2026-09-18 22:55:38.655 [INFO] GET /api/spider/SeHuaTang (0ms)
2026-09-18 22:55:38.656 [INFO] GET /api/spider/Xojav (0ms)
2026-09-18 22:55:38.657 [INFO] GET /api/spider/Cable (0ms)
2026-09-18 22:55:38.658 [INFO] GET /api/spider/AvTime (0ms)
2026-09-18 22:55:38.659 [INFO] GET /api/spider/Top888 (0ms)
2026-09-18 22:55:38.662 [INFO] GET /api/spider/csp_JavBus (1ms)
2026-09-18 22:55:38.663 [INFO] GET /api/spider/csp_JavDb (1ms)
2026-09-18 22:55:38.663 [INFO] GET /api/spider/18AV (0ms)
2026-09-18 22:55:38.665 [INFO] GET /api/spider/Jable (1ms)
2026-09-18 22:55:38.667 [INFO] GET /api/spider/MissAV (0ms)
2026-09-18 22:55:38.668 [INFO] GET /api/spider/Hanime (0ms)
2026-09-18 22:56:00.378 [INFO] GET /api/spider/南瓜 (6ms)
2026-09-18 22:56:00.379 [INFO] GET /api/spider/可可 (2ms)
2026-09-18 22:56:00.379 [INFO] GET /api/spider/速播 (6ms)
2026-09-18 22:56:00.379 [INFO] GET /api/spider/木星 (6ms)
2026-09-18 22:56:00.379 [INFO] GET /api/spider/短剧 (0ms)
2026-09-18 22:56:00.380 [INFO] GET /api/spider/Sso (0ms)
2026-09-18 22:56:00.384 [INFO] GET /api/spider/TGDouban (1ms)
2026-09-18 22:56:00.384 [INFO] GET /api/spider/盘链 (0ms)
2026-09-18 22:56:00.386 [INFO] GET /api/spider/csp_Qwmp4 (0ms)
2026-09-18 22:56:00.386 [INFO] GET /api/spider/zmi (0ms)
2026-09-18 22:56:00.387 [INFO] GET /api/spider/PanSouGo (1ms)
2026-09-18 22:56:00.783 [INFO] GET /api/spider/光鸭社区 (1ms)
2026-09-18 22:56:00.783 [INFO] GET /api/spider/HuamuCangShare (0ms)
2026-09-18 22:56:00.785 [INFO] GET /api/spider/Guanying (0ms)
2026-09-18 22:56:00.785 [INFO] GET /api/spider/FourKZN (0ms)
2026-09-18 22:56:00.787 [INFO] GET /api/spider/至臻|网盘 (1ms)
2026-09-18 22:56:00.788 [INFO] GET /api/spider/LIBVIO (0ms)
2026-09-18 22:56:00.790 [INFO] GET /api/spider/HongGuo (1ms)
2026-09-18 22:56:00.791 [INFO] GET /api/spider/Guazi (0ms)
2026-09-18 22:56:00.792 [INFO] GET /api/spider/AlistShare (0ms)
2026-09-18 22:56:00.794 [INFO] GET /api/spider/123Share (1ms)
2026-09-18 22:56:00.795 [INFO] GET /api/spider/189Share (0ms)
2026-09-18 22:56:00.796 [INFO] GET /api/spider/TianYiSou (1ms)
2026-09-18 22:56:00.798 [INFO] GET /api/spider/混合盘 (0ms)
2026-09-18 22:56:00.800 [INFO] GET /api/spider/BLSGod (1ms)
2026-09-18 22:56:07.402 [INFO] GET /api/spider/netflav (1ms)
2026-09-18 22:56:07.404 [INFO] GET /api/spider/123av (0ms)
2026-09-18 22:56:07.407 [INFO] GET /api/spider/xojav (1ms)
2026-09-18 22:56:07.407 [INFO] GET /api/spider/supjav (2ms)
2026-09-18 22:56:07.408 [INFO] GET /api/spider/csp_Sukebei (1ms)
2026-09-18 22:56:10.021 [INFO] GET /api/spider/TGYunPan18pan (0ms)
2026-09-18 22:56:10.024 [INFO] GET /api/spider/Zuise (0ms)
2026-09-18 22:56:10.024 [INFO] GET /api/spider/XMVideo (0ms)
2026-09-18 22:56:10.229 [INFO] GET /api/spider/csp_pornhub (0ms)
2026-09-18 22:56:22.400 [INFO] GET /api/spider/终端窗口 (1ms)
2026-09-18 22:56:22.402 [INFO] GET /api/spider/运行 (1ms)
2026-09-18 22:56:22.403 [INFO] GET /api/spider/油管so (0ms)
2026-09-18 22:56:22.403 [INFO] GET /api/spider/UI模块 (0ms)
2026-09-18 22:56:22.405 [INFO] GET /api/spider/youtube_jar (1ms)
2026-09-18 22:56:24.901 [INFO] GET /api/spider/油管webjartv (1ms)
2026-09-18 22:56:24.902 [INFO] GET /api/spider/哔哩so (0ms)
2026-09-18 22:56:24.904 [INFO] GET /api/spider/华人so (0ms)
2026-09-18 22:56:24.906 [INFO] GET /api/spider/爱瓜实验 (1ms)
2026-09-18 22:56:24.907 [INFO] GET /api/spider/网页工具 (0ms)
2026-09-18 22:56:24.918 [INFO] GET /api/spider/本地服务管理 (0ms)
2026-09-18 22:56:24.920 [INFO] GET /api/spider/采集全集 (1ms)
2026-09-18 22:56:24.921 [INFO] GET /api/spider/捡的音乐新 (1ms)
2026-09-18 22:56:24.922 [INFO] GET /api/spider/音乐实验 (0ms)
2026-09-18 22:56:24.924 [INFO] GET /api/spider/听书so (1ms)
2026-09-18 22:56:24.925 [INFO] GET /api/spider/三三小说 (1ms)
2026-09-18 22:56:24.927 [INFO] GET /api/spider/七猫小说 (0ms)
2026-09-18 22:56:24.929 [INFO] GET /api/spider/阅读源so (1ms)
2026-09-18 22:56:24.930 [INFO] GET /api/spider/阅读助手 (1ms)
2026-09-18 22:56:24.931 [INFO] GET /api/spider/本地小说so (0ms)
2026-09-18 22:56:24.933 [INFO] GET /api/spider/捡的音乐so (0ms)
2026-09-18 22:56:24.933 [INFO] GET /api/spider/wv_mcp (0ms)
2026-09-18 22:56:24.935 [INFO] GET /api/spider/wv_push (0ms)
2026-09-18 22:56:24.936 [INFO] GET /api/spider/wv_3q (0ms)
2026-09-18 22:56:24.938 [INFO] GET /api/spider/wv_ddys (0ms)
2026-09-18 22:56:24.939 [INFO] GET /api/spider/wv_jldj (1ms)
2026-09-18 22:56:24.939 [INFO] GET /api/spider/wv_xhjw (0ms)
2026-09-18 22:56:24.941 [INFO] GET /api/spider/wv_jqqzx (0ms)
2026-09-18 22:56:24.943 [INFO] GET /api/spider/wv_jddzx (0ms)
2026-09-18 22:56:24.944 [INFO] GET /api/spider/wv_aizju (0ms)
2026-09-18 22:56:24.946 [INFO] GET /api/spider/wv_555ys (1ms)
2026-09-18 22:56:24.946 [INFO] GET /api/spider/wv_fktv (0ms)
2026-09-18 22:56:24.947 [INFO] GET /api/spider/wv_xlys (0ms)
2026-09-18 22:56:24.949 [INFO] GET /api/spider/wv_ysp (1ms)
2026-09-18 22:56:24.952 [INFO] GET /api/spider/youtube (1ms)
2026-09-18 22:56:24.953 [INFO] GET /api/spider/youtube2 (1ms)
2026-09-18 22:56:24.955 [INFO] GET /api/spider/csp_xb_lez (0ms)
2026-09-18 22:56:24.955 [INFO] GET /api/spider/nbys (1ms)
2026-09-18 22:56:24.956 [INFO] GET /api/spider/csp_xb_zxzj (0ms)
2026-09-18 22:56:24.957 [INFO] GET /api/spider/csp_xb_auete (0ms)
2026-09-18 22:56:24.959 [INFO] GET /api/spider/csp_xb_lib (0ms)
2026-09-18 22:56:24.959 [INFO] GET /api/spider/csp_xb_lgyys (0ms)
2026-09-18 22:56:24.961 [INFO] GET /api/spider/csp_xb_zbk (1ms)
2026-09-18 22:56:24.963 [INFO] GET /api/spider/csp_xb_ysgc (1ms)
2026-09-18 22:56:24.963 [INFO] GET /api/spider/csp_xb_cokemv (0ms)
2026-09-18 22:56:24.964 [INFO] GET /api/spider/找资源 (0ms)
2026-09-18 22:56:24.965 [INFO] GET /api/spider/upyunsou (0ms)
2026-09-18 22:56:24.966 [INFO] GET /api/spider/yisou (1ms)
2026-09-18 22:56:24.968 [INFO] GET /api/spider/AliPS (1ms)
2026-09-18 23:41:35.114 [INFO] GET /api/spider/光影 (11ms)
2026-09-18 23:41:38.074 [INFO] GET /api/spider/原创 (0ms)
2026-09-18 23:41:39.594 [INFO] GET /api/spider/厂长 (1ms)
2026-09-18 23:55:39.537 [INFO] GET /api/spider/原创 (7ms)
2026-09-18 23:55:40.301 [INFO] GET /api/spider/光影 (1ms)
2026-09-18 23:55:42.383 [INFO] GET /api/spider/seed (0ms)
2026-09-18 23:55:43.301 [INFO] GET /api/spider/ZPan (2ms)
2026-09-18 23:55:46.499 [INFO] GET /api/spider/JPan (1ms)
2026-09-18 23:55:54.110 [INFO] GET /api/spider/比特 (3ms)
2026-09-18 23:55:56.134 [INFO] GET /api/spider/瓜子 (2ms)
2026-09-18 23:55:57.019 [INFO] GET /api/spider/立播 (2ms)
2026-09-18 23:55:58.950 [INFO] GET /api/spider/海绵 (1ms)
2026-09-19 00:03:22.181 [INFO] GET /api/spider/海绵 (5ms)
2026-09-19 00:18:49.734 [INFO] GET /api/spider/本地 (16ms)
2026-09-19 00:18:59.713 [INFO] GET /api/spider/热播影视 (1ms)
2026-09-19 00:18:59.714 [INFO] GET /api/spider/一起影视 (1ms)
2026-09-19 00:18:59.717 [INFO] GET /api/spider/爱看 (1ms)
2026-09-19 00:18:59.719 [INFO] GET /api/spider/咕噜 (1ms)
2026-09-19 00:18:59.722 [INFO] GET /api/spider/布布 (2ms)
2026-09-19 00:18:59.722 [INFO] GET /api/spider/马猴影视 (1ms)
2026-09-19 00:18:59.724 [INFO] GET /api/spider/韩圈 (1ms)
2026-09-19 00:18:59.724 [INFO] GET /api/spider/剧圈99 (0ms)
2026-09-19 00:18:59.729 [INFO] GET /api/spider/天堂 (2ms)
2026-09-19 00:18:59.729 [INFO] GET /api/spider/半日99 (0ms)
2026-09-19 00:18:59.730 [INFO] GET /api/spider/橘汁 (1ms)
2026-09-19 00:18:59.731 [INFO] GET /api/spider/华谊 (0ms)
2026-09-19 00:18:59.732 [INFO] GET /api/spider/蓝鹰 (0ms)
2026-09-19 00:18:59.733 [INFO] GET /api/spider/蓝鸟 (0ms)
2026-09-19 00:18:59.739 [INFO] GET /api/spider/世界 (1ms)
2026-09-19 00:18:59.741 [INFO] GET /api/spider/魔方 (3ms)
2026-09-19 00:18:59.741 [INFO] GET /api/spider/王子 (2ms)
2026-09-19 00:18:59.745 [INFO] GET /api/spider/茉莉 (1ms)
2026-09-19 00:19:00.407 [INFO] GET /api/spider/玩偶 (2ms)
2026-09-19 00:19:00.407 [INFO] GET /api/spider/快映 (0ms)
2026-09-19 00:19:00.409 [INFO] GET /api/spider/木偶 (1ms)
2026-09-19 00:19:00.411 [INFO] GET /api/spider/闪电 (1ms)
2026-09-19 00:19:00.412 [INFO] GET /api/spider/多多 (1ms)
2026-09-19 00:19:00.412 [INFO] GET /api/spider/虎斑 (0ms)
2026-09-19 00:19:00.415 [INFO] GET /api/spider/种子 (0ms)
2026-09-19 00:19:00.416 [INFO] GET /api/spider/夸父 (0ms)
2026-09-19 00:19:00.420 [INFO] GET /api/spider/123 (0ms)
2026-09-19 00:19:00.422 [INFO] GET /api/spider/指南 (0ms)
2026-09-19 00:19:00.423 [INFO] GET /api/spider/爱盼 (0ms)
2026-09-19 00:19:00.425 [INFO] GET /api/spider/移动 (0ms)
2026-09-19 00:19:00.430 [INFO] GET /api/spider/人人 (0ms)
2026-09-19 00:19:00.431 [INFO] GET /api/spider/即刻 (0ms)
2026-09-19 00:19:00.436 [INFO] GET /api/spider/双星 (0ms)
2026-09-19 00:19:00.440 [INFO] GET /api/spider/七猫短剧 (2ms)
2026-09-19 00:19:00.446 [INFO] GET /api/spider/河马短剧 (2ms)
2026-09-19 00:19:00.446 [INFO] GET /api/spider/围观短剧 (2ms)
2026-09-19 00:19:00.450 [INFO] GET /api/spider/好看短剧 (1ms)
2026-09-19 00:19:00.456 [INFO] GET /api/spider/星芽短剧 (0ms)
2026-09-19 00:19:00.458 [INFO] GET /api/spider/飞娱影视 (0ms)
2026-09-19 00:19:00.461 [INFO] GET /api/spider/独播影视 (1ms)
2026-09-19 00:19:00.463 [INFO] GET /api/spider/厂长影视 (0ms)
2026-09-19 00:19:00.474 [INFO] GET /api/spider/金牌影视 (1ms)
2026-09-19 00:19:00.475 [INFO] GET /api/spider/骚火影视 (0ms)
2026-09-19 00:19:00.477 [INFO] GET /api/spider/枫叶影视 (0ms)
2026-09-19 00:19:00.481 [INFO] GET /api/spider/爱看机器人 (0ms)
2026-09-19 00:19:00.486 [INFO] GET /api/spider/1905 (1ms)
2026-09-19 00:19:00.487 [INFO] GET /api/spider/双星99 (0ms)
2026-09-19 00:19:00.490 [INFO] GET /api/spider/咕咕动漫 (1ms)
2026-09-19 00:19:00.495 [INFO] GET /api/spider/荐片 (1ms)
2026-09-19 00:19:01.973 [INFO] GET /api/spider/New6v (1ms)
2026-09-19 00:19:01.975 [INFO] GET /api/spider/美剧迷 (0ms)
2026-09-19 00:19:01.977 [INFO] GET /api/spider/迅雷吧 (0ms)
2026-09-19 00:19:01.980 [INFO] GET /api/spider/聚合 (1ms)
2026-09-19 00:19:01.982 [INFO] GET /api/spider/盘搜 (0ms)
2026-09-19 00:19:01.984 [INFO] GET /api/spider/百酷 (1ms)
2026-09-19 00:19:01.988 [INFO] GET /api/spider/酷乐 (0ms)
2026-09-19 00:19:01.991 [INFO] GET /api/spider/鬼鬼 (1ms)
2026-09-19 00:19:01.992 [INFO] GET /api/spider/趣盘 (0ms)
2026-09-19 00:19:01.994 [INFO] GET /api/spider/呦呦DJ (0ms)
2026-09-19 00:19:01.996 [INFO] GET /api/spider/世界听书 (0ms)
2026-09-19 00:19:01.998 [INFO] GET /api/spider/堇夏听书 (0ms)
2026-09-19 00:19:02.002 [INFO] GET /api/spider/博看听书 (0ms)
2026-09-19 00:19:02.004 [INFO] GET /api/spider/童趣 (0ms)
2026-09-19 00:19:02.005 [INFO] GET /api/spider/兔小贝 (0ms)
2026-09-19 00:19:02.007 [INFO] GET /api/spider/贝乐虎 (0ms)
2026-09-19 06:36:33.408 [INFO] GET / (44ms)
2026-09-19 06:36:33.541 [INFO] GET /api/config/raw (12ms)
2026-09-19 06:36:33.580 [INFO] GET /api/sources (3ms)
2026-09-19 06:36:33.597 [INFO] GET /api/status (21ms)
2026-09-19 06:36:34.808 [INFO] GET / (12ms)
2026-09-19 06:36:34.845 [INFO] GET /api/config/raw (6ms)
2026-09-19 06:36:34.852 [INFO] GET /api/sources (1ms)
2026-09-19 06:36:34.853 [INFO] GET /api/status (2ms)
2026-09-19 06:36:39.558 [INFO] GET /api/config (20ms)
2026-09-19 06:36:39.566 [INFO] GET /health (1ms)
2026-09-19 06:36:40.388 [INFO] GET /api/config (11ms)
2026-09-19 06:36:40.397 [INFO] GET /health (2ms)
2026-09-19 06:36:41.906 [INFO] GET /api/spider/smoke (0ms)
2026-09-19 06:36:41.906 [INFO] GET /api/spider/苹果 (0ms)
2026-09-19 06:36:41.906 [INFO] GET /api/spider/csp_douban (0ms)
2026-09-19 06:36:41.906 [INFO] GET /api/spider/新浪资源 (0ms)
2026-09-19 06:36:41.907 [INFO] GET /api/spider/demo (3ms)
2026-09-19 06:36:49.931 [INFO] GET /api/spider/电影天堂 (10ms)
D/SpiderLog: A JSONObject text must begin with '{' at 1 [character 2 line 1]
D/SpiderLog: A JSONObject text must begin with '{' at 1 [character 2 line 1]
D/SpiderLog: A JSONObject text must begin with '{' at 1 [character 2 line 1]
D/SpiderLog: A JSONObject text must begin with '{' at 1 [character 2 line 1]
D/SpiderLog: A JSONObject text must begin with '{' at 1 [character 2 line 1]
D/SpiderLog: A JSONObject text must begin with '{' at 1 [character 2 line 1]
org.json.JSONException: A JSONObject text must begin with '{' at 1 [character 2 line 1]
	at org.json.JSONTokener.syntaxError(JSONTokener.java:507)
	at org.json.JSONObject.<init>(JSONObject.java:222)
	at org.json.JSONObject.<init>(JSONObject.java:406)
	at com.github.catvod.spider.merge.j.a.b(Unknown Source)
	at com.github.catvod.spider.XPath.c(Unknown Source)
	at com.github.catvod.spider.XPath.homeContent(Unknown Source)
	at com.github.catvod.host.SiteHolder.doAction(SiteHolder.java:147)
	at com.github.catvod.host.HttpRouter.handleSpider(HttpRouter.java:274)
	at com.github.catvod.host.HttpRouter.handle(HttpRouter.java:205)
	at jdk.httpserver/com.sun.net.httpserver.Filter$Chain.doFilter(Filter.java:98)
	at jdk.httpserver/sun.net.httpserver.AuthFilter.doFilter(AuthFilter.java:82)
	at jdk.httpserver/com.sun.net.httpserver.Filter$Chain.doFilter(Filter.java:101)
	at jdk.httpserver/sun.net.httpserver.ServerImpl$Exchange$LinkHandler.handle(ServerImpl.java:923)
	at jdk.httpserver/com.sun.net.httpserver.Filter$Chain.doFilter(Filter.java:98)
	at jdk.httpserver/sun.net.httpserver.ServerImpl$Exchange.run(ServerImpl.java:899)
	at java.base/java.util.concurrent.ThreadPoolExecutor.runWorker(ThreadPoolExecutor.java:1144)
	at java.base/java.util.concurrent.ThreadPoolExecutor$Worker.run(ThreadPoolExecutor.java:642)
	at java.base/java.lang.Thread.run(Thread.java:1583)
org.json.JSONException: A JSONObject text must begin with '{' at 1 [character 2 line 1]
	at org.json.JSONTokener.syntaxError(JSONTokener.java:507)
	at org.json.JSONObject.<init>(JSONObject.java:222)
	at org.json.JSONObject.<init>(JSONObject.java:406)
	at com.github.catvod.spider.merge.j.a.b(Unknown Source)
	at com.github.catvod.spider.XPath.c(Unknown Source)
	at com.github.catvod.spider.XPath.homeContent(Unknown Source)
	at com.github.catvod.host.SiteHolder.doAction(SiteHolder.java:147)
	at com.github.catvod.host.HttpRouter.handleSpider(HttpRouter.java:274)
	at com.github.catvod.host.HttpRouter.handle(HttpRouter.java:205)
	at jdk.httpserver/com.sun.net.httpserver.Filter$Chain.doFilter(Filter.java:98)
	at jdk.httpserver/sun.net.httpserver.AuthFilter.doFilter(AuthFilter.java:82)
	at jdk.httpserver/com.sun.net.httpserver.Filter$Chain.doFilter(Filter.java:101)
	at jdk.httpserver/sun.net.httpserver.ServerImpl$Exchange$LinkHandler.handle(ServerImpl.java:923)
	at jdk.httpserver/com.sun.net.httpserver.Filter$Chain.doFilter(Filter.java:98)
	at jdk.httpserver/sun.net.httpserver.ServerImpl$Exchange.run(ServerImpl.java:899)
	at java.base/java.util.concurrent.ThreadPoolExecutor.runWorker(ThreadPoolExecutor.java:1144)
	at java.base/java.util.concurrent.ThreadPoolExecutor$Worker.run(ThreadPoolExecutor.java:642)
	at java.base/java.lang.Thread.run(Thread.java:1583)
org.json.JSONException: A JSONObject text must begin with '{' at 1 [character 2 line 1]
	at org.json.JSONTokener.syntaxError(JSONTokener.java:507)
	at org.json.JSONObject.<init>(JSONObject.java:222)
	at org.json.JSONObject.<init>(JSONObject.java:406)
	at com.github.catvod.spider.merge.j.a.b(Unknown Source)
	at com.github.catvod.spider.XPath.c(Unknown Source)
	at com.github.catvod.spider.XPath.homeContent(Unknown Source)
	at com.github.catvod.host.SiteHolder.doAction(SiteHolder.java:147)
	at com.github.catvod.host.HttpRouter.handleSpider(HttpRouter.java:274)
	at com.github.catvod.host.HttpRouter.handle(HttpRouter.java:205)
	at jdk.httpserver/com.sun.net.httpserver.Filter$Chain.doFilter(Filter.java:98)
	at jdk.httpserver/sun.net.httpserver.AuthFilter.doFilter(AuthFilter.java:82)
	at jdk.httpserver/com.sun.net.httpserver.Filter$Chain.doFilter(Filter.java:101)
	at jdk.httpserver/sun.net.httpserver.ServerImpl$Exchange$LinkHandler.handle(ServerImpl.java:923)
	at jdk.httpserver/com.sun.net.httpserver.Filter$Chain.doFilter(Filter.java:98)
	at jdk.httpserver/sun.net.httpserver.ServerImpl$Exchange.run(ServerImpl.java:899)
	at java.base/java.util.concurrent.ThreadPoolExecutor.runWorker(ThreadPoolExecutor.java:1144)
	at java.base/java.util.concurrent.ThreadPoolExecutor$Worker.run(ThreadPoolExecutor.java:642)
	at java.base/java.lang.Thread.run(Thread.java:1583)
org.json.JSONException: A JSONObject text must begin with '{' at 1 [character 2 line 1]
	at org.json.JSONTokener.syntaxError(JSONTokener.java:507)
	at org.json.JSONObject.<init>(JSONObject.java:222)
	at org.json.JSONObject.<init>(JSONObject.java:406)
	at com.github.catvod.spider.merge.j.a.b(Unknown Source)
	at com.github.catvod.spider.XPath.c(Unknown Source)
	at com.github.catvod.spider.XPath.homeContent(Unknown Source)
	at com.github.catvod.host.SiteHolder.doAction(SiteHolder.java:147)
	at com.github.catvod.host.HttpRouter.handleSpider(HttpRouter.java:274)
	at com.github.catvod.host.HttpRouter.handle(HttpRouter.java:205)
	at jdk.httpserver/com.sun.net.httpserver.Filter$Chain.doFilter(Filter.java:98)
	at jdk.httpserver/sun.net.httpserver.AuthFilter.doFilter(AuthFilter.java:82)
	at jdk.httpserver/com.sun.net.httpserver.Filter$Chain.doFilter(Filter.java:101)
	at jdk.httpserver/sun.net.httpserver.ServerImpl$Exchange$LinkHandler.handle(ServerImpl.java:923)
	at jdk.httpserver/com.sun.net.httpserver.Filter$Chain.doFilter(Filter.java:98)
	at jdk.httpserver/sun.net.httpserver.ServerImpl$Exchange.run(ServerImpl.java:899)
	at java.base/java.util.concurrent.ThreadPoolExecutor.runWorker(ThreadPoolExecutor.java:1144)
	at java.base/java.util.concurrent.ThreadPoolExecutor$Worker.run(ThreadPoolExecutor.java:642)
	at java.base/java.lang.Thread.run(Thread.java:1583)
org.json.JSONException: A JSONObject text must begin with '{' at 1 [character 2 line 1]
	at org.json.JSONTokener.syntaxError(JSONTokener.java:507)
	at org.json.JSONObject.<init>(JSONObject.java:222)
	at org.json.JSONObject.<init>(JSONObject.java:406)
	at com.github.catvod.spider.merge.j.a.b(Unknown Source)
	at com.github.catvod.spider.XPath.c(Unknown Source)
	at com.github.catvod.spider.XPath.homeContent(Unknown Source)
	at com.github.catvod.host.SiteHolder.doAction(SiteHolder.java:147)
	at com.github.catvod.host.HttpRouter.handleSpider(HttpRouter.java:274)
	at com.github.catvod.host.HttpRouter.handle(HttpRouter.java:205)
	at jdk.httpserver/com.sun.net.httpserver.Filter$Chain.doFilter(Filter.java:98)
	at jdk.httpserver/sun.net.httpserver.AuthFilter.doFilter(AuthFilter.java:82)
	at jdk.httpserver/com.sun.net.httpserver.Filter$Chain.doFilter(Filter.java:101)
	at jdk.httpserver/sun.net.httpserver.ServerImpl$Exchange$LinkHandler.handle(ServerImpl.java:923)
	at jdk.httpserver/com.sun.net.httpserver.Filter$Chain.doFilter(Filter.java:98)
	at jdk.httpserver/sun.net.httpserver.ServerImpl$Exchange.run(ServerImpl.java:899)
	at java.base/java.util.concurrent.ThreadPoolExecutor.runWorker(ThreadPoolExecutor.java:1144)
	at java.base/java.util.concurrent.ThreadPoolExecutor$Worker.run(ThreadPoolExecutor.java:642)
	at java.base/java.lang.Thread.run(Thread.java:1583)
org.json.JSONException: A JSONObject text must begin with '{' at 1 [character 2 line 1]
	at org.json.JSONTokener.syntaxError(JSONTokener.java:507)
	at org.json.JSONObject.<init>(JSONObject.java:222)
	at org.json.JSONObject.<init>(JSONObject.java:406)
	at com.github.catvod.spider.merge.j.a.b(Unknown Source)
	at com.github.catvod.spider.XPath.c(Unknown Source)
	at com.github.catvod.spider.XPath.homeContent(Unknown Source)
	at com.github.catvod.host.SiteHolder.doAction(SiteHolder.java:147)
	at com.github.catvod.host.HttpRouter.handleSpider(HttpRouter.java:274)
	at com.github.catvod.host.HttpRouter.handle(HttpRouter.java:205)
	at jdk.httpserver/com.sun.net.httpserver.Filter$Chain.doFilter(Filter.java:98)
	at jdk.httpserver/sun.net.httpserver.AuthFilter.doFilter(AuthFilter.java:82)
	at jdk.httpserver/com.sun.net.httpserver.Filter$Chain.doFilter(Filter.java:101)
	at jdk.httpserver/sun.net.httpserver.ServerImpl$Exchange$LinkHandler.handle(ServerImpl.java:923)
	at jdk.httpserver/com.sun.net.httpserver.Filter$Chain.doFilter(Filter.java:98)
	at jdk.httpserver/sun.net.httpserver.ServerImpl$Exchange.run(ServerImpl.java:899)
	at java.base/java.util.concurrent.ThreadPoolExecutor.runWorker(ThreadPoolExecutor.java:1144)
	at java.base/java.util.concurrent.ThreadPoolExecutor$Worker.run(ThreadPoolExecutor.java:642)
	at java.base/java.lang.Thread.run(Thread.java:1583)
I/SiteHolder: site csp_xpath_飞兔 do=home error: java.lang.NullPointerException: Cannot invoke "com.github.catvod.spider.merge.j.a.e()" because "this.b" is null
I/SiteHolder: site csp_xpath_海兔 do=home error: java.lang.NullPointerException: Cannot invoke "com.github.catvod.spider.merge.j.a.e()" because "this.b" is null
I/SiteHolder: site csp_xpath_大师兄 do=home error: java.lang.NullPointerException: Cannot invoke "com.github.catvod.spider.merge.j.a.e()" because "this.b" is null
I/SiteHolder: site csp_xpath_555 do=home error: java.lang.NullPointerException: Cannot invoke "com.github.catvod.spider.merge.j.a.e()" because "this.b" is null
I/SiteHolder: site csp_xpath_saohuotv do=home error: java.lang.NullPointerException: Cannot invoke "com.github.catvod.spider.merge.j.a.e()" because "this.b" is null
I/SiteHolder: site csp_xpath_飞兔成人 do=home error: java.lang.NullPointerException: Cannot invoke "com.github.catvod.spider.merge.j.a.e()" because "this.b" is null
2026-09-19 06:36:49.945 [INFO] GET /api/spider/csp_xpath_大师兄 (24ms)
2026-09-19 06:36:49.945 [INFO] GET /api/spider/csp_xpath_saohuotv (24ms)
2026-09-19 06:36:49.945 [INFO] GET /api/spider/csp_xpath_飞兔 (23ms)
2026-09-19 06:36:49.945 [INFO] GET /api/spider/csp_xpath_飞兔成人 (12ms)
2026-09-19 06:36:49.945 [INFO] GET /api/spider/csp_xpath_海兔 (24ms)
2026-09-19 06:36:49.946 [INFO] GET /api/spider/csp_xpath_555 (24ms)
2026-09-19 06:36:49.965 [INFO] GET /api/spider/本地 (19ms)
2026-09-19 06:36:51.004 [INFO] GET /api/config (8ms)
2026-09-19 06:36:51.011 [INFO] GET /health (1ms)
2026-09-19 06:36:52.520 [INFO] GET /api/spider/Bili (0ms)
2026-09-19 06:36:52.522 [INFO] GET /api/spider/csp_短剧网 (2ms)
2026-09-19 06:36:52.520 [INFO] GET /api/spider/csp_KungFu404 (0ms)
2026-09-19 06:36:52.522 [INFO] GET /api/spider/Biliych (0ms)
2026-09-19 06:36:52.523 [INFO] GET /api/spider/drpy_js_荐片 (3ms)
2026-09-19 06:36:52.521 [INFO] GET /api/spider/陌陌 (1ms)
2026-09-19 06:36:52.526 [INFO] GET /api/spider/PanSou (1ms)
2026-09-19 06:36:52.526 [INFO] GET /api/spider/UpYun (1ms)
2026-09-19 06:36:52.526 [INFO] GET /api/spider/配置中心 (0ms)
2026-09-19 06:36:53.287 [INFO] GET /api/spider/香蕉资源 (1ms)
2026-09-19 06:36:53.287 [INFO] GET /api/spider/KxrbspE (0ms)
2026-09-19 06:36:53.288 [INFO] GET /api/spider/幸资源 (2ms)
2026-09-19 06:36:53.288 [INFO] GET /api/spider/PanSearch (1ms)
2026-09-19 06:36:53.288 [INFO] GET /api/spider/杏吧资源 (2ms)
2026-09-19 06:36:53.289 [INFO] GET /api/spider/ms4nii (1ms)
2026-09-19 06:36:53.290 [INFO] GET /api/spider/gdlsE (1ms)
2026-09-19 06:36:53.291 [INFO] GET /api/spider/zp066 (2ms)
2026-09-19 06:36:53.291 [INFO] GET /api/spider/kxgav (2ms)
2026-09-19 06:36:53.778 [INFO] GET /api/spider/_AIvin (1ms)
2026-09-19 06:36:53.778 [INFO] GET /api/spider/ap4i156dlyE (1ms)
2026-09-19 06:36:53.778 [INFO] GET /api/spider/afasu (1ms)
2026-09-19 06:36:53.778 [INFO] GET /api/spider/zp100 (1ms)
2026-09-19 06:36:53.778 [INFO] GET /api/spider/KpgxdyE (0ms)
2026-09-19 06:36:53.779 [INFO] GET /api/spider/_18__JAV名优 (2ms)
2026-09-19 06:36:53.780 [INFO] GET /api/spider/大地采集 (1ms)
2026-09-19 06:36:53.781 [INFO] GET /api/spider/pgxdy (1ms)
2026-09-19 06:37:02.185 [INFO] GET /api/spider/zp128 (0ms)
2026-09-19 06:37:02.186 [INFO] GET /api/spider/push_agent~2 (0ms)
2026-09-19 06:37:02.186 [INFO] GET /api/spider/push_agent (0ms)
2026-09-19 06:37:02.186 [INFO] GET /api/spider/xrbsp.com (1ms)
2026-09-19 06:41:08.381 [INFO] 服务停止中...
